0 0 -169
0 12 42.25
0 1 42.25
1 1 -169
1 13 42.25
1 0 42.25
1 6 42.25
6 6 -169
6 14 42.25
6 1 42.25
6 4 42.25
4 4 -169
4 15 42.25
4 6 42.25
4 28 42.25
28 28 -169
28 30 42.25
28 4 42.25
28 16 42.25
16 16 -169
16 25 42.25
16 28 42.25
16 20 42.25
20 20 -169
20 26 42.25
20 16 42.25
20 18 42.25
18 18 -169
18 27 42.25
18 20 42.25
18 120 42.25
120 120 -169
120 122 42.25
120 18 42.25
120 64 42.25
64 64 -169
64 73 42.25
64 120 42.25
64 68 42.25
68 68 -169
68 74 42.25
68 64 42.25
68 66 42.25
66 66 -169
66 75 42.25
66 68 42.25
66 88 42.25
88 88 -169
88 90 42.25
88 66 42.25
88 76 42.25
76 76 -169
76 85 42.25
76 88 42.25
76 80 42.25
80 80 -169
80 86 42.25
80 76 42.25
80 78 42.25
78 78 -169
78 87 42.25
78 80 42.25
78 496 42.25
496 496 -169
496 498 42.25
496 78 42.25
496 256 42.25
256 256 -169
256 265 42.25
256 496 42.25
256 260 42.25
260 260 -169
260 266 42.25
260 256 42.25
260 258 42.25
258 258 -169
258 267 42.25
258 260 42.25
258 280 42.25
280 280 -169
280 282 42.25
280 258 42.25
280 268 42.25
268 268 -169
268 277 42.25
268 280 42.25
268 272 42.25
272 272 -169
272 278 42.25
272 268 42.25
272 270 42.25
270 270 -169
270 279 42.25
270 272 42.25
270 368 42.25
368 368 -169
368 370 42.25
368 270 42.25
368 312 42.25
312 312 -169
312 321 42.25
312 368 42.25
312 316 42.25
316 316 -169
316 322 42.25
316 312 42.25
316 314 42.25
314 314 -169
314 323 42.25
314 316 42.25
314 336 42.25
336 336 -169
336 338 42.25
336 314 42.25
336 324 42.25
324 324 -169
324 333 42.25
324 336 42.25
324 328 42.25
328 328 -169
328 334 42.25
328 324 42.25
328 326 42.25
326 326 -169
326 335 42.25
326 328 42.25
326 2 42.25
2 2 -169
2 8 42.25
2 326 42.25
2 3 42.25
3 3 -169
3 9 42.25
3 2 42.25
3 7 42.25
7 7 -169
7 11 42.25
7 3 42.25
7 5 42.25
5 5 -169
5 10 42.25
5 7 42.25
5 29 42.25
29 29 -169
29 31 42.25
29 5 42.25
29 17 42.25
17 17 -169
17 22 42.25
17 29 42.25
17 21 42.25
21 21 -169
21 24 42.25
21 17 42.25
21 19 42.25
19 19 -169
19 23 42.25
19 21 42.25
19 121 42.25
121 121 -169
121 123 42.25
121 19 42.25
121 65 42.25
65 65 -169
65 70 42.25
65 121 42.25
65 69 42.25
69 69 -169
69 72 42.25
69 65 42.25
69 67 42.25
67 67 -169
67 71 42.25
67 69 42.25
67 89 42.25
89 89 -169
89 91 42.25
89 67 42.25
89 77 42.25
77 77 -169
77 82 42.25
77 89 42.25
77 81 42.25
81 81 -169
81 84 42.25
81 77 42.25
81 79 42.25
79 79 -169
79 83 42.25
79 81 42.25
79 497 42.25
497 497 -169
497 499 42.25
497 79 42.25
497 257 42.25
257 257 -169
257 262 42.25
257 497 42.25
257 261 42.25
261 261 -169
261 264 42.25
261 257 42.25
261 259 42.25
259 259 -169
259 263 42.25
259 261 42.25
259 281 42.25
281 281 -169
281 283 42.25
281 259 42.25
281 269 42.25
269 269 -169
269 274 42.25
269 281 42.25
269 273 42.25
273 273 -169
273 276 42.25
273 269 42.25
273 271 42.25
271 271 -169
271 275 42.25
271 273 42.25
271 369 42.25
369 369 -169
369 371 42.25
369 271 42.25
369 313 42.25
313 313 -169
313 318 42.25
313 369 42.25
313 317 42.25
317 317 -169
317 320 42.25
317 313 42.25
317 315 42.25
315 315 -169
315 319 42.25
315 317 42.25
315 337 42.25
337 337 -169
337 339 42.25
337 315 42.25
337 325 42.25
325 325 -169
325 330 42.25
325 337 42.25
325 329 42.25
329 329 -169
329 332 42.25
329 325 42.25
329 327 42.25
327 327 -169
327 331 42.25
327 329 42.25
12 12 -169
12 0 42.25
12 56 42.25
12 13 42.25
13 13 -169
13 1 42.25
13 57 42.25
13 12 42.25
13 14 42.25
14 14 -169
14 6 42.25
14 58 42.25
14 13 42.25
14 15 42.25
15 15 -169
15 4 42.25
15 59 42.25
15 14 42.25
15 30 42.25
30 30 -169
30 28 42.25
30 60 42.25
30 15 42.25
30 25 42.25
25 25 -169
25 16 42.25
25 61 42.25
25 30 42.25
25 26 42.25
26 26 -169
26 20 42.25
26 62 42.25
26 25 42.25
26 27 42.25
27 27 -169
27 18 42.25
27 63 42.25
27 26 42.25
27 122 42.25
122 122 -169
122 120 42.25
122 124 42.25
122 27 42.25
122 73 42.25
73 73 -169
73 64 42.25
73 113 42.25
73 122 42.25
73 74 42.25
74 74 -169
74 68 42.25
74 114 42.25
74 73 42.25
74 75 42.25
75 75 -169
75 66 42.25
75 115 42.25
75 74 42.25
75 90 42.25
90 90 -169
90 88 42.25
90 116 42.25
90 75 42.25
90 85 42.25
85 85 -169
85 76 42.25
85 117 42.25
85 90 42.25
85 86 42.25
86 86 -169
86 80 42.25
86 118 42.25
86 85 42.25
86 87 42.25
87 87 -169
87 78 42.25
87 119 42.25
87 86 42.25
87 498 42.25
498 498 -169
498 496 42.25
498 500 42.25
498 87 42.25
498 265 42.25
265 265 -169
265 256 42.25
265 305 42.25
265 498 42.25
265 266 42.25
266 266 -169
266 260 42.25
266 306 42.25
266 265 42.25
266 267 42.25
267 267 -169
267 258 42.25
267 307 42.25
267 266 42.25
267 282 42.25
282 282 -169
282 280 42.25
282 308 42.25
282 267 42.25
282 277 42.25
277 277 -169
277 268 42.25
277 309 42.25
277 282 42.25
277 278 42.25
278 278 -169
278 272 42.25
278 310 42.25
278 277 42.25
278 279 42.25
279 279 -169
279 270 42.25
279 311 42.25
279 278 42.25
279 370 42.25
370 370 -169
370 368 42.25
370 372 42.25
370 279 42.25
370 321 42.25
321 321 -169
321 312 42.25
321 361 42.25
321 370 42.25
321 322 42.25
322 322 -169
322 316 42.25
322 362 42.25
322 321 42.25
322 323 42.25
323 323 -169
323 314 42.25
323 363 42.25
323 322 42.25
323 338 42.25
338 338 -169
338 336 42.25
338 364 42.25
338 323 42.25
338 333 42.25
333 333 -169
333 324 42.25
333 365 42.25
333 338 42.25
333 334 42.25
334 334 -169
334 328 42.25
334 366 42.25
334 333 42.25
334 335 42.25
335 335 -169
335 326 42.25
335 367 42.25
335 334 42.25
335 8 42.25
8 8 -169
8 2 42.25
8 32 42.25
8 335 42.25
8 9 42.25
9 9 -169
9 3 42.25
9 33 42.25
9 8 42.25
9 11 42.25
11 11 -169
11 7 42.25
11 35 42.25
11 9 42.25
11 10 42.25
10 10 -169
10 5 42.25
10 34 42.25
10 11 42.25
10 31 42.25
31 31 -169
31 29 42.25
31 53 42.25
31 10 42.25
31 22 42.25
22 22 -169
22 17 42.25
22 44 42.25
22 31 42.25
22 24 42.25
24 24 -169
24 21 42.25
24 46 42.25
24 22 42.25
24 23 42.25
23 23 -169
23 19 42.25
23 45 42.25
23 24 42.25
23 123 42.25
123 123 -169
123 121 42.25
123 125 42.25
123 23 42.25
123 70 42.25
70 70 -169
70 65 42.25
70 92 42.25
70 123 42.25
70 72 42.25
72 72 -169
72 69 42.25
72 94 42.25
72 70 42.25
72 71 42.25
71 71 -169
71 67 42.25
71 93 42.25
71 72 42.25
71 91 42.25
91 91 -169
91 89 42.25
91 110 42.25
91 71 42.25
91 82 42.25
82 82 -169
82 77 42.25
82 101 42.25
82 91 42.25
82 84 42.25
84 84 -169
84 81 42.25
84 103 42.25
84 82 42.25
84 83 42.25
83 83 -169
83 79 42.25
83 102 42.25
83 84 42.25
83 499 42.25
499 499 -169
499 497 42.25
499 501 42.25
499 83 42.25
499 262 42.25
262 262 -169
262 257 42.25
262 284 42.25
262 499 42.25
262 264 42.25
264 264 -169
264 261 42.25
264 286 42.25
264 262 42.25
264 263 42.25
263 263 -169
263 259 42.25
263 285 42.25
263 264 42.25
263 283 42.25
283 283 -169
283 281 42.25
283 302 42.25
283 263 42.25
283 274 42.25
274 274 -169
274 269 42.25
274 293 42.25
274 283 42.25
274 276 42.25
276 276 -169
276 273 42.25
276 295 42.25
276 274 42.25
276 275 42.25
275 275 -169
275 271 42.25
275 294 42.25
275 276 42.25
275 371 42.25
371 371 -169
371 369 42.25
371 373 42.25
371 275 42.25
371 318 42.25
318 318 -169
318 313 42.25
318 340 42.25
318 371 42.25
318 320 42.25
320 320 -169
320 317 42.25
320 342 42.25
320 318 42.25
320 319 42.25
319 319 -169
319 315 42.25
319 341 42.25
319 320 42.25
319 339 42.25
339 339 -169
339 337 42.25
339 358 42.25
339 319 42.25
339 330 42.25
330 330 -169
330 325 42.25
330 349 42.25
330 339 42.25
330 332 42.25
332 332 -169
332 329 42.25
332 351 42.25
332 330 42.25
332 331 42.25
331 331 -169
331 327 42.25
331 350 42.25
331 332 42.25
56 56 -169
56 12 42.25
56 40 42.25
56 57 42.25
57 57 -169
57 13 42.25
57 41 42.25
57 56 42.25
57 58 42.25
58 58 -169
58 14 42.25
58 42 42.25
58 57 42.25
58 59 42.25
59 59 -169
59 15 42.25
59 43 42.25
59 58 42.25
59 60 42.25
60 60 -169
60 30 42.25
60 54 42.25
60 59 42.25
60 61 42.25
61 61 -169
61 25 42.25
61 50 42.25
61 60 42.25
61 62 42.25
62 62 -169
62 26 42.25
62 51 42.25
62 61 42.25
62 63 42.25
63 63 -169
63 27 42.25
63 52 42.25
63 62 42.25
63 124 42.25
124 124 -169
124 122 42.25
124 126 42.25
124 63 42.25
124 113 42.25
113 113 -169
113 73 42.25
113 98 42.25
113 124 42.25
113 114 42.25
114 114 -169
114 74 42.25
114 99 42.25
114 113 42.25
114 115 42.25
115 115 -169
115 75 42.25
115 100 42.25
115 114 42.25
115 116 42.25
116 116 -169
116 90 42.25
116 111 42.25
116 115 42.25
116 117 42.25
117 117 -169
117 85 42.25
117 107 42.25
117 116 42.25
117 118 42.25
118 118 -169
118 86 42.25
118 108 42.25
118 117 42.25
118 119 42.25
119 119 -169
119 87 42.25
119 109 42.25
119 118 42.25
119 500 42.25
500 500 -169
500 498 42.25
500 502 42.25
500 119 42.25
500 305 42.25
305 305 -169
305 265 42.25
305 290 42.25
305 500 42.25
305 306 42.25
306 306 -169
306 266 42.25
306 291 42.25
306 305 42.25
306 307 42.25
307 307 -169
307 267 42.25
307 292 42.25
307 306 42.25
307 308 42.25
308 308 -169
308 282 42.25
308 303 42.25
308 307 42.25
308 309 42.25
309 309 -169
309 277 42.25
309 299 42.25
309 308 42.25
309 310 42.25
310 310 -169
310 278 42.25
310 300 42.25
310 309 42.25
310 311 42.25
311 311 -169
311 279 42.25
311 301 42.25
311 310 42.25
311 372 42.25
372 372 -169
372 370 42.25
372 374 42.25
372 311 42.25
372 361 42.25
361 361 -169
361 321 42.25
361 346 42.25
361 372 42.25
361 362 42.25
362 362 -169
362 322 42.25
362 347 42.25
362 361 42.25
362 363 42.25
363 363 -169
363 323 42.25
363 348 42.25
363 362 42.25
363 364 42.25
364 364 -169
364 338 42.25
364 359 42.25
364 363 42.25
364 365 42.25
365 365 -169
365 333 42.25
365 355 42.25
365 364 42.25
365 366 42.25
366 366 -169
366 334 42.25
366 356 42.25
366 365 42.25
366 367 42.25
367 367 -169
367 335 42.25
367 357 42.25
367 366 42.25
367 32 42.25
32 32 -169
32 8 42.25
32 36 42.25
32 367 42.25
32 33 42.25
33 33 -169
33 9 42.25
33 37 42.25
33 32 42.25
33 35 42.25
35 35 -169
35 11 42.25
35 39 42.25
35 33 42.25
35 34 42.25
34 34 -169
34 10 42.25
34 38 42.25
34 35 42.25
34 53 42.25
53 53 -169
53 31 42.25
53 55 42.25
53 34 42.25
53 44 42.25
44 44 -169
44 22 42.25
44 47 42.25
44 53 42.25
44 46 42.25
46 46 -169
46 24 42.25
46 49 42.25
46 44 42.25
46 45 42.25
45 45 -169
45 23 42.25
45 48 42.25
45 46 42.25
45 125 42.25
125 125 -169
125 123 42.25
125 127 42.25
125 45 42.25
125 92 42.25
92 92 -169
92 70 42.25
92 95 42.25
92 125 42.25
92 94 42.25
94 94 -169
94 72 42.25
94 97 42.25
94 92 42.25
94 93 42.25
93 93 -169
93 71 42.25
93 96 42.25
93 94 42.25
93 110 42.25
110 110 -169
110 91 42.25
110 112 42.25
110 93 42.25
110 101 42.25
101 101 -169
101 82 42.25
101 104 42.25
101 110 42.25
101 103 42.25
103 103 -169
103 84 42.25
103 106 42.25
103 101 42.25
103 102 42.25
102 102 -169
102 83 42.25
102 105 42.25
102 103 42.25
102 501 42.25
501 501 -169
501 499 42.25
501 503 42.25
501 102 42.25
501 284 42.25
284 284 -169
284 262 42.25
284 287 42.25
284 501 42.25
284 286 42.25
286 286 -169
286 264 42.25
286 289 42.25
286 284 42.25
286 285 42.25
285 285 -169
285 263 42.25
285 288 42.25
285 286 42.25
285 302 42.25
302 302 -169
302 283 42.25
302 304 42.25
302 285 42.25
302 293 42.25
293 293 -169
293 274 42.25
293 296 42.25
293 302 42.25
293 295 42.25
295 295 -169
295 276 42.25
295 298 42.25
295 293 42.25
295 294 42.25
294 294 -169
294 275 42.25
294 297 42.25
294 295 42.25
294 373 42.25
373 373 -169
373 371 42.25
373 375 42.25
373 294 42.25
373 340 42.25
340 340 -169
340 318 42.25
340 343 42.25
340 373 42.25
340 342 42.25
342 342 -169
342 320 42.25
342 345 42.25
342 340 42.25
342 341 42.25
341 341 -169
341 319 42.25
341 344 42.25
341 342 42.25
341 358 42.25
358 358 -169
358 339 42.25
358 360 42.25
358 341 42.25
358 349 42.25
349 349 -169
349 330 42.25
349 352 42.25
349 358 42.25
349 351 42.25
351 351 -169
351 332 42.25
351 354 42.25
351 349 42.25
351 350 42.25
350 350 -169
350 331 42.25
350 353 42.25
350 351 42.25
40 40 -169
40 56 42.25
40 240 42.25
40 41 42.25
41 41 -169
41 57 42.25
41 241 42.25
41 40 42.25
41 42 42.25
42 42 -169
42 58 42.25
42 242 42.25
42 41 42.25
42 43 42.25
43 43 -169
43 59 42.25
43 243 42.25
43 42 42.25
43 54 42.25
54 54 -169
54 60 42.25
54 244 42.25
54 43 42.25
54 50 42.25
50 50 -169
50 61 42.25
50 245 42.25
50 54 42.25
50 51 42.25
51 51 -169
51 62 42.25
51 246 42.25
51 50 42.25
51 52 42.25
52 52 -169
52 63 42.25
52 247 42.25
52 51 42.25
52 126 42.25
126 126 -169
126 124 42.25
126 248 42.25
126 52 42.25
126 98 42.25
98 98 -169
98 113 42.25
98 249 42.25
98 126 42.25
98 99 42.25
99 99 -169
99 114 42.25
99 250 42.25
99 98 42.25
99 100 42.25
100 100 -169
100 115 42.25
100 251 42.25
100 99 42.25
100 111 42.25
111 111 -169
111 116 42.25
111 252 42.25
111 100 42.25
111 107 42.25
107 107 -169
107 117 42.25
107 253 42.25
107 111 42.25
107 108 42.25
108 108 -169
108 118 42.25
108 254 42.25
108 107 42.25
108 109 42.25
109 109 -169
109 119 42.25
109 255 42.25
109 108 42.25
109 502 42.25
502 502 -169
502 500 42.25
502 504 42.25
502 109 42.25
502 290 42.25
290 290 -169
290 305 42.25
290 481 42.25
290 502 42.25
290 291 42.25
291 291 -169
291 306 42.25
291 482 42.25
291 290 42.25
291 292 42.25
292 292 -169
292 307 42.25
292 483 42.25
292 291 42.25
292 303 42.25
303 303 -169
303 308 42.25
303 484 42.25
303 292 42.25
303 299 42.25
299 299 -169
299 309 42.25
299 485 42.25
299 303 42.25
299 300 42.25
300 300 -169
300 310 42.25
300 486 42.25
300 299 42.25
300 301 42.25
301 301 -169
301 311 42.25
301 487 42.25
301 300 42.25
301 374 42.25
374 374 -169
374 372 42.25
374 488 42.25
374 301 42.25
374 346 42.25
346 346 -169
346 361 42.25
346 489 42.25
346 374 42.25
346 347 42.25
347 347 -169
347 362 42.25
347 490 42.25
347 346 42.25
347 348 42.25
348 348 -169
348 363 42.25
348 491 42.25
348 347 42.25
348 359 42.25
359 359 -169
359 364 42.25
359 492 42.25
359 348 42.25
359 355 42.25
355 355 -169
355 365 42.25
355 493 42.25
355 359 42.25
355 356 42.25
356 356 -169
356 366 42.25
356 494 42.25
356 355 42.25
356 357 42.25
357 357 -169
357 367 42.25
357 495 42.25
357 356 42.25
357 36 42.25
36 36 -169
36 32 42.25
36 128 42.25
36 357 42.25
36 37 42.25
37 37 -169
37 33 42.25
37 129 42.25
37 36 42.25
37 39 42.25
39 39 -169
39 35 42.25
39 131 42.25
39 37 42.25
39 38 42.25
38 38 -169
38 34 42.25
38 130 42.25
38 39 42.25
38 55 42.25
55 55 -169
55 53 42.25
55 149 42.25
55 38 42.25
55 47 42.25
47 47 -169
47 44 42.25
47 140 42.25
47 55 42.25
47 49 42.25
49 49 -169
49 46 42.25
49 142 42.25
49 47 42.25
49 48 42.25
48 48 -169
48 45 42.25
48 141 42.25
48 49 42.25
48 127 42.25
127 127 -169
127 125 42.25
127 233 42.25
127 48 42.25
127 95 42.25
95 95 -169
95 92 42.25
95 184 42.25
95 127 42.25
95 97 42.25
97 97 -169
97 94 42.25
97 186 42.25
97 95 42.25
97 96 42.25
96 96 -169
96 93 42.25
96 185 42.25
96 97 42.25
96 112 42.25
112 112 -169
112 110 42.25
112 202 42.25
112 96 42.25
112 104 42.25
104 104 -169
104 101 42.25
104 193 42.25
104 112 42.25
104 106 42.25
106 106 -169
106 103 42.25
106 195 42.25
106 104 42.25
106 105 42.25
105 105 -169
105 102 42.25
105 194 42.25
105 106 42.25
105 503 42.25
503 503 -169
503 501 42.25
503 505 42.25
503 105 42.25
503 287 42.25
287 287 -169
287 284 42.25
287 376 42.25
287 503 42.25
287 289 42.25
289 289 -169
289 286 42.25
289 378 42.25
289 287 42.25
289 288 42.25
288 288 -169
288 285 42.25
288 377 42.25
288 289 42.25
288 304 42.25
304 304 -169
304 302 42.25
304 394 42.25
304 288 42.25
304 296 42.25
296 296 -169
296 293 42.25
296 385 42.25
296 304 42.25
296 298 42.25
298 298 -169
298 295 42.25
298 387 42.25
298 296 42.25
298 297 42.25
297 297 -169
297 294 42.25
297 386 42.25
297 298 42.25
297 375 42.25
375 375 -169
375 373 42.25
375 474 42.25
375 297 42.25
375 343 42.25
343 343 -169
343 340 42.25
343 425 42.25
343 375 42.25
343 345 42.25
345 345 -169
345 342 42.25
345 427 42.25
345 343 42.25
345 344 42.25
344 344 -169
344 341 42.25
344 426 42.25
344 345 42.25
344 360 42.25
360 360 -169
360 358 42.25
360 443 42.25
360 344 42.25
360 352 42.25
352 352 -169
352 349 42.25
352 434 42.25
352 360 42.25
352 354 42.25
354 354 -169
354 351 42.25
354 436 42.25
354 352 42.25
354 353 42.25
353 353 -169
353 350 42.25
353 435 42.25
353 354 42.25
240 240 -169
240 40 42.25
240 136 42.25
240 241 42.25
241 241 -169
241 41 42.25
241 137 42.25
241 240 42.25
241 242 42.25
242 242 -169
242 42 42.25
242 138 42.25
242 241 42.25
242 243 42.25
243 243 -169
243 43 42.25
243 139 42.25
243 242 42.25
243 244 42.25
244 244 -169
244 54 42.25
244 150 42.25
244 243 42.25
244 245 42.25
245 245 -169
245 50 42.25
245 146 42.25
245 244 42.25
245 246 42.25
246 246 -169
246 51 42.25
246 147 42.25
246 245 42.25
246 247 42.25
247 247 -169
247 52 42.25
247 148 42.25
247 246 42.25
247 248 42.25
248 248 -169
248 126 42.25
248 234 42.25
248 247 42.25
248 249 42.25
249 249 -169
249 98 42.25
249 190 42.25
249 248 42.25
249 250 42.25
250 250 -169
250 99 42.25
250 191 42.25
250 249 42.25
250 251 42.25
251 251 -169
251 100 42.25
251 192 42.25
251 250 42.25
251 252 42.25
252 252 -169
252 111 42.25
252 203 42.25
252 251 42.25
252 253 42.25
253 253 -169
253 107 42.25
253 199 42.25
253 252 42.25
253 254 42.25
254 254 -169
254 108 42.25
254 200 42.25
254 253 42.25
254 255 42.25
255 255 -169
255 109 42.25
255 201 42.25
255 254 42.25
255 504 42.25
504 504 -169
504 502 42.25
504 506 42.25
504 255 42.25
504 481 42.25
481 481 -169
481 290 42.25
481 382 42.25
481 504 42.25
481 482 42.25
482 482 -169
482 291 42.25
482 383 42.25
482 481 42.25
482 483 42.25
483 483 -169
483 292 42.25
483 384 42.25
483 482 42.25
483 484 42.25
484 484 -169
484 303 42.25
484 395 42.25
484 483 42.25
484 485 42.25
485 485 -169
485 299 42.25
485 391 42.25
485 484 42.25
485 486 42.25
486 486 -169
486 300 42.25
486 392 42.25
486 485 42.25
486 487 42.25
487 487 -169
487 301 42.25
487 393 42.25
487 486 42.25
487 488 42.25
488 488 -169
488 374 42.25
488 475 42.25
488 487 42.25
488 489 42.25
489 489 -169
489 346 42.25
489 431 42.25
489 488 42.25
489 490 42.25
490 490 -169
490 347 42.25
490 432 42.25
490 489 42.25
490 491 42.25
491 491 -169
491 348 42.25
491 433 42.25
491 490 42.25
491 492 42.25
492 492 -169
492 359 42.25
492 444 42.25
492 491 42.25
492 493 42.25
493 493 -169
493 355 42.25
493 440 42.25
493 492 42.25
493 494 42.25
494 494 -169
494 356 42.25
494 441 42.25
494 493 42.25
494 495 42.25
495 495 -169
495 357 42.25
495 442 42.25
495 494 42.25
495 128 42.25
128 128 -169
128 36 42.25
128 132 42.25
128 495 42.25
128 129 42.25
129 129 -169
129 37 42.25
129 133 42.25
129 128 42.25
129 131 42.25
131 131 -169
131 39 42.25
131 135 42.25
131 129 42.25
131 130 42.25
130 130 -169
130 38 42.25
130 134 42.25
130 131 42.25
130 149 42.25
149 149 -169
149 55 42.25
149 151 42.25
149 130 42.25
149 140 42.25
140 140 -169
140 47 42.25
140 143 42.25
140 149 42.25
140 142 42.25
142 142 -169
142 49 42.25
142 145 42.25
142 140 42.25
142 141 42.25
141 141 -169
141 48 42.25
141 144 42.25
141 142 42.25
141 233 42.25
233 233 -169
233 127 42.25
233 235 42.25
233 141 42.25
233 184 42.25
184 184 -169
184 95 42.25
184 187 42.25
184 233 42.25
184 186 42.25
186 186 -169
186 97 42.25
186 189 42.25
186 184 42.25
186 185 42.25
185 185 -169
185 96 42.25
185 188 42.25
185 186 42.25
185 202 42.25
202 202 -169
202 112 42.25
202 204 42.25
202 185 42.25
202 193 42.25
193 193 -169
193 104 42.25
193 196 42.25
193 202 42.25
193 195 42.25
195 195 -169
195 106 42.25
195 198 42.25
195 193 42.25
195 194 42.25
194 194 -169
194 105 42.25
194 197 42.25
194 195 42.25
194 505 42.25
505 505 -169
505 503 42.25
505 507 42.25
505 194 42.25
505 376 42.25
376 376 -169
376 287 42.25
376 379 42.25
376 505 42.25
376 378 42.25
378 378 -169
378 289 42.25
378 381 42.25
378 376 42.25
378 377 42.25
377 377 -169
377 288 42.25
377 380 42.25
377 378 42.25
377 394 42.25
394 394 -169
394 304 42.25
394 396 42.25
394 377 42.25
394 385 42.25
385 385 -169
385 296 42.25
385 388 42.25
385 394 42.25
385 387 42.25
387 387 -169
387 298 42.25
387 390 42.25
387 385 42.25
387 386 42.25
386 386 -169
386 297 42.25
386 389 42.25
386 387 42.25
386 474 42.25
474 474 -169
474 375 42.25
474 476 42.25
474 386 42.25
474 425 42.25
425 425 -169
425 343 42.25
425 428 42.25
425 474 42.25
425 427 42.25
427 427 -169
427 345 42.25
427 430 42.25
427 425 42.25
427 426 42.25
426 426 -169
426 344 42.25
426 429 42.25
426 427 42.25
426 443 42.25
443 443 -169
443 360 42.25
443 445 42.25
443 426 42.25
443 434 42.25
434 434 -169
434 352 42.25
434 437 42.25
434 443 42.25
434 436 42.25
436 436 -169
436 354 42.25
436 439 42.25
436 434 42.25
436 435 42.25
435 435 -169
435 353 42.25
435 438 42.25
435 436 42.25
136 136 -169
136 240 42.25
136 176 42.25
136 137 42.25
137 137 -169
137 241 42.25
137 177 42.25
137 136 42.25
137 138 42.25
138 138 -169
138 242 42.25
138 178 42.25
138 137 42.25
138 139 42.25
139 139 -169
139 243 42.25
139 179 42.25
139 138 42.25
139 150 42.25
150 150 -169
150 244 42.25
150 180 42.25
150 139 42.25
150 146 42.25
146 146 -169
146 245 42.25
146 181 42.25
146 150 42.25
146 147 42.25
147 147 -169
147 246 42.25
147 182 42.25
147 146 42.25
147 148 42.25
148 148 -169
148 247 42.25
148 183 42.25
148 147 42.25
148 234 42.25
234 234 -169
234 248 42.25
234 236 42.25
234 148 42.25
234 190 42.25
190 190 -169
190 249 42.25
190 226 42.25
190 234 42.25
190 191 42.25
191 191 -169
191 250 42.25
191 227 42.25
191 190 42.25
191 192 42.25
192 192 -169
192 251 42.25
192 228 42.25
192 191 42.25
192 203 42.25
203 203 -169
203 252 42.25
203 229 42.25
203 192 42.25
203 199 42.25
199 199 -169
199 253 42.25
199 230 42.25
199 203 42.25
199 200 42.25
200 200 -169
200 254 42.25
200 231 42.25
200 199 42.25
200 201 42.25
201 201 -169
201 255 42.25
201 232 42.25
201 200 42.25
201 506 42.25
506 506 -169
506 504 42.25
506 508 42.25
506 201 42.25
506 382 42.25
382 382 -169
382 481 42.25
382 418 42.25
382 506 42.25
382 383 42.25
383 383 -169
383 482 42.25
383 419 42.25
383 382 42.25
383 384 42.25
384 384 -169
384 483 42.25
384 420 42.25
384 383 42.25
384 395 42.25
395 395 -169
395 484 42.25
395 421 42.25
395 384 42.25
395 391 42.25
391 391 -169
391 485 42.25
391 422 42.25
391 395 42.25
391 392 42.25
392 392 -169
392 486 42.25
392 423 42.25
392 391 42.25
392 393 42.25
393 393 -169
393 487 42.25
393 424 42.25
393 392 42.25
393 475 42.25
475 475 -169
475 488 42.25
475 477 42.25
475 393 42.25
475 431 42.25
431 431 -169
431 489 42.25
431 467 42.25
431 475 42.25
431 432 42.25
432 432 -169
432 490 42.25
432 468 42.25
432 431 42.25
432 433 42.25
433 433 -169
433 491 42.25
433 469 42.25
433 432 42.25
433 444 42.25
444 444 -169
444 492 42.25
444 470 42.25
444 433 42.25
444 440 42.25
440 440 -169
440 493 42.25
440 471 42.25
440 444 42.25
440 441 42.25
441 441 -169
441 494 42.25
441 472 42.25
441 440 42.25
441 442 42.25
442 442 -169
442 495 42.25
442 473 42.25
442 441 42.25
442 132 42.25
132 132 -169
132 128 42.25
132 152 42.25
132 442 42.25
132 133 42.25
133 133 -169
133 129 42.25
133 153 42.25
133 132 42.25
133 135 42.25
135 135 -169
135 131 42.25
135 155 42.25
135 133 42.25
135 134 42.25
134 134 -169
134 130 42.25
134 154 42.25
134 135 42.25
134 151 42.25
151 151 -169
151 149 42.25
151 173 42.25
151 134 42.25
151 143 42.25
143 143 -169
143 140 42.25
143 164 42.25
143 151 42.25
143 145 42.25
145 145 -169
145 142 42.25
145 166 42.25
145 143 42.25
145 144 42.25
144 144 -169
144 141 42.25
144 165 42.25
144 145 42.25
144 235 42.25
235 235 -169
235 233 42.25
235 237 42.25
235 144 42.25
235 187 42.25
187 187 -169
187 184 42.25
187 205 42.25
187 235 42.25
187 189 42.25
189 189 -169
189 186 42.25
189 207 42.25
189 187 42.25
189 188 42.25
188 188 -169
188 185 42.25
188 206 42.25
188 189 42.25
188 204 42.25
204 204 -169
204 202 42.25
204 223 42.25
204 188 42.25
204 196 42.25
196 196 -169
196 193 42.25
196 214 42.25
196 204 42.25
196 198 42.25
198 198 -169
198 195 42.25
198 216 42.25
198 196 42.25
198 197 42.25
197 197 -169
197 194 42.25
197 215 42.25
197 198 42.25
197 507 42.25
507 507 -169
507 505 42.25
507 509 42.25
507 197 42.25
507 379 42.25
379 379 -169
379 376 42.25
379 397 42.25
379 507 42.25
379 381 42.25
381 381 -169
381 378 42.25
381 399 42.25
381 379 42.25
381 380 42.25
380 380 -169
380 377 42.25
380 398 42.25
380 381 42.25
380 396 42.25
396 396 -169
396 394 42.25
396 415 42.25
396 380 42.25
396 388 42.25
388 388 -169
388 385 42.25
388 406 42.25
388 396 42.25
388 390 42.25
390 390 -169
390 387 42.25
390 408 42.25
390 388 42.25
390 389 42.25
389 389 -169
389 386 42.25
389 407 42.25
389 390 42.25
389 476 42.25
476 476 -169
476 474 42.25
476 478 42.25
476 389 42.25
476 428 42.25
428 428 -169
428 425 42.25
428 446 42.25
428 476 42.25
428 430 42.25
430 430 -169
430 427 42.25
430 448 42.25
430 428 42.25
430 429 42.25
429 429 -169
429 426 42.25
429 447 42.25
429 430 42.25
429 445 42.25
445 445 -169
445 443 42.25
445 464 42.25
445 429 42.25
445 437 42.25
437 437 -169
437 434 42.25
437 455 42.25
437 445 42.25
437 439 42.25
439 439 -169
439 436 42.25
439 457 42.25
439 437 42.25
439 438 42.25
438 438 -169
438 435 42.25
438 456 42.25
438 439 42.25
176 176 -169
176 136 42.25
176 160 42.25
176 177 42.25
177 177 -169
177 137 42.25
177 161 42.25
177 176 42.25
177 178 42.25
178 178 -169
178 138 42.25
178 162 42.25
178 177 42.25
178 179 42.25
179 179 -169
179 139 42.25
179 163 42.25
179 178 42.25
179 180 42.25
180 180 -169
180 150 42.25
180 174 42.25
180 179 42.25
180 181 42.25
181 181 -169
181 146 42.25
181 170 42.25
181 180 42.25
181 182 42.25
182 182 -169
182 147 42.25
182 171 42.25
182 181 42.25
182 183 42.25
183 183 -169
183 148 42.25
183 172 42.25
183 182 42.25
183 236 42.25
236 236 -169
236 234 42.25
236 238 42.25
236 183 42.25
236 226 42.25
226 226 -169
226 190 42.25
226 211 42.25
226 236 42.25
226 227 42.25
227 227 -169
227 191 42.25
227 212 42.25
227 226 42.25
227 228 42.25
228 228 -169
228 192 42.25
228 213 42.25
228 227 42.25
228 229 42.25
229 229 -169
229 203 42.25
229 224 42.25
229 228 42.25
229 230 42.25
230 230 -169
230 199 42.25
230 220 42.25
230 229 42.25
230 231 42.25
231 231 -169
231 200 42.25
231 221 42.25
231 230 42.25
231 232 42.25
232 232 -169
232 201 42.25
232 222 42.25
232 231 42.25
232 508 42.25
508 508 -169
508 506 42.25
508 510 42.25
508 232 42.25
508 418 42.25
418 418 -169
418 382 42.25
418 403 42.25
418 508 42.25
418 419 42.25
419 419 -169
419 383 42.25
419 404 42.25
419 418 42.25
419 420 42.25
420 420 -169
420 384 42.25
420 405 42.25
420 419 42.25
420 421 42.25
421 421 -169
421 395 42.25
421 416 42.25
421 420 42.25
421 422 42.25
422 422 -169
422 391 42.25
422 412 42.25
422 421 42.25
422 423 42.25
423 423 -169
423 392 42.25
423 413 42.25
423 422 42.25
423 424 42.25
424 424 -169
424 393 42.25
424 414 42.25
424 423 42.25
424 477 42.25
477 477 -169
477 475 42.25
477 479 42.25
477 424 42.25
477 467 42.25
467 467 -169
467 431 42.25
467 452 42.25
467 477 42.25
467 468 42.25
468 468 -169
468 432 42.25
468 453 42.25
468 467 42.25
468 469 42.25
469 469 -169
469 433 42.25
469 454 42.25
469 468 42.25
469 470 42.25
470 470 -169
470 444 42.25
470 465 42.25
470 469 42.25
470 471 42.25
471 471 -169
471 440 42.25
471 461 42.25
471 470 42.25
471 472 42.25
472 472 -169
472 441 42.25
472 462 42.25
472 471 42.25
472 473 42.25
473 473 -169
473 442 42.25
473 463 42.25
473 472 42.25
473 152 42.25
152 152 -169
152 132 42.25
152 156 42.25
152 473 42.25
152 153 42.25
153 153 -169
153 133 42.25
153 157 42.25
153 152 42.25
153 155 42.25
155 155 -169
155 135 42.25
155 159 42.25
155 153 42.25
155 154 42.25
154 154 -169
154 134 42.25
154 158 42.25
154 155 42.25
154 173 42.25
173 173 -169
173 151 42.25
173 175 42.25
173 154 42.25
173 164 42.25
164 164 -169
164 143 42.25
164 167 42.25
164 173 42.25
164 166 42.25
166 166 -169
166 145 42.25
166 169 42.25
166 164 42.25
166 165 42.25
165 165 -169
165 144 42.25
165 168 42.25
165 166 42.25
165 237 42.25
237 237 -169
237 235 42.25
237 239 42.25
237 165 42.25
237 205 42.25
205 205 -169
205 187 42.25
205 208 42.25
205 237 42.25
205 207 42.25
207 207 -169
207 189 42.25
207 210 42.25
207 205 42.25
207 206 42.25
206 206 -169
206 188 42.25
206 209 42.25
206 207 42.25
206 223 42.25
223 223 -169
223 204 42.25
223 225 42.25
223 206 42.25
223 214 42.25
214 214 -169
214 196 42.25
214 217 42.25
214 223 42.25
214 216 42.25
216 216 -169
216 198 42.25
216 219 42.25
216 214 42.25
216 215 42.25
215 215 -169
215 197 42.25
215 218 42.25
215 216 42.25
215 509 42.25
509 509 -169
509 507 42.25
509 511 42.25
509 215 42.25
509 397 42.25
397 397 -169
397 379 42.25
397 400 42.25
397 509 42.25
397 399 42.25
399 399 -169
399 381 42.25
399 402 42.25
399 397 42.25
399 398 42.25
398 398 -169
398 380 42.25
398 401 42.25
398 399 42.25
398 415 42.25
415 415 -169
415 396 42.25
415 417 42.25
415 398 42.25
415 406 42.25
406 406 -169
406 388 42.25
406 409 42.25
406 415 42.25
406 408 42.25
408 408 -169
408 390 42.25
408 411 42.25
408 406 42.25
408 407 42.25
407 407 -169
407 389 42.25
407 410 42.25
407 408 42.25
407 478 42.25
478 478 -169
478 476 42.25
478 480 42.25
478 407 42.25
478 446 42.25
446 446 -169
446 428 42.25
446 449 42.25
446 478 42.25
446 448 42.25
448 448 -169
448 430 42.25
448 451 42.25
448 446 42.25
448 447 42.25
447 447 -169
447 429 42.25
447 450 42.25
447 448 42.25
447 464 42.25
464 464 -169
464 445 42.25
464 466 42.25
464 447 42.25
464 455 42.25
455 455 -169
455 437 42.25
455 458 42.25
455 464 42.25
455 457 42.25
457 457 -169
457 439 42.25
457 460 42.25
457 455 42.25
457 456 42.25
456 456 -169
456 438 42.25
456 459 42.25
456 457 42.25
160 160 -169
160 176 42.25
160 992 42.25
160 161 42.25
161 161 -169
161 177 42.25
161 993 42.25
161 160 42.25
161 162 42.25
162 162 -169
162 178 42.25
162 994 42.25
162 161 42.25
162 163 42.25
163 163 -169
163 179 42.25
163 995 42.25
163 162 42.25
163 174 42.25
174 174 -169
174 180 42.25
174 996 42.25
174 163 42.25
174 170 42.25
170 170 -169
170 181 42.25
170 997 42.25
170 174 42.25
170 171 42.25
171 171 -169
171 182 42.25
171 998 42.25
171 170 42.25
171 172 42.25
172 172 -169
172 183 42.25
172 999 42.25
172 171 42.25
172 238 42.25
238 238 -169
238 236 42.25
238 1000 42.25
238 172 42.25
238 211 42.25
211 211 -169
211 226 42.25
211 1001 42.25
211 238 42.25
211 212 42.25
212 212 -169
212 227 42.25
212 1002 42.25
212 211 42.25
212 213 42.25
213 213 -169
213 228 42.25
213 1003 42.25
213 212 42.25
213 224 42.25
224 224 -169
224 229 42.25
224 1004 42.25
224 213 42.25
224 220 42.25
220 220 -169
220 230 42.25
220 1005 42.25
220 224 42.25
220 221 42.25
221 221 -169
221 231 42.25
221 1006 42.25
221 220 42.25
221 222 42.25
222 222 -169
222 232 42.25
222 1007 42.25
222 221 42.25
222 510 42.25
510 510 -169
510 508 42.25
510 1008 42.25
510 222 42.25
510 403 42.25
403 403 -169
403 418 42.25
403 1009 42.25
403 510 42.25
403 404 42.25
404 404 -169
404 419 42.25
404 1010 42.25
404 403 42.25
404 405 42.25
405 405 -169
405 420 42.25
405 1011 42.25
405 404 42.25
405 416 42.25
416 416 -169
416 421 42.25
416 1012 42.25
416 405 42.25
416 412 42.25
412 412 -169
412 422 42.25
412 1013 42.25
412 416 42.25
412 413 42.25
413 413 -169
413 423 42.25
413 1014 42.25
413 412 42.25
413 414 42.25
414 414 -169
414 424 42.25
414 1015 42.25
414 413 42.25
414 479 42.25
479 479 -169
479 477 42.25
479 1016 42.25
479 414 42.25
479 452 42.25
452 452 -169
452 467 42.25
452 1017 42.25
452 479 42.25
452 453 42.25
453 453 -169
453 468 42.25
453 1018 42.25
453 452 42.25
453 454 42.25
454 454 -169
454 469 42.25
454 1019 42.25
454 453 42.25
454 465 42.25
465 465 -169
465 470 42.25
465 1020 42.25
465 454 42.25
465 461 42.25
461 461 -169
461 471 42.25
461 1021 42.25
461 465 42.25
461 462 42.25
462 462 -169
462 472 42.25
462 1022 42.25
462 461 42.25
462 463 42.25
463 463 -169
463 473 42.25
463 1023 42.25
463 462 42.25
463 156 42.25
156 156 -169
156 152 42.25
156 512 42.25
156 463 42.25
156 157 42.25
157 157 -169
157 153 42.25
157 513 42.25
157 156 42.25
157 159 42.25
159 159 -169
159 155 42.25
159 515 42.25
159 157 42.25
159 158 42.25
158 158 -169
158 154 42.25
158 514 42.25
158 159 42.25
158 175 42.25
175 175 -169
175 173 42.25
175 533 42.25
175 158 42.25
175 167 42.25
167 167 -169
167 164 42.25
167 524 42.25
167 175 42.25
167 169 42.25
169 169 -169
169 166 42.25
169 526 42.25
169 167 42.25
169 168 42.25
168 168 -169
168 165 42.25
168 525 42.25
168 169 42.25
168 239 42.25
239 239 -169
239 237 42.25
239 617 42.25
239 168 42.25
239 208 42.25
208 208 -169
208 205 42.25
208 568 42.25
208 239 42.25
208 210 42.25
210 210 -169
210 207 42.25
210 570 42.25
210 208 42.25
210 209 42.25
209 209 -169
209 206 42.25
209 569 42.25
209 210 42.25
209 225 42.25
225 225 -169
225 223 42.25
225 586 42.25
225 209 42.25
225 217 42.25
217 217 -169
217 214 42.25
217 577 42.25
217 225 42.25
217 219 42.25
219 219 -169
219 216 42.25
219 579 42.25
219 217 42.25
219 218 42.25
218 218 -169
218 215 42.25
218 578 42.25
218 219 42.25
218 511 42.25
511 511 -169
511 509 42.25
511 977 42.25
511 218 42.25
511 400 42.25
400 400 -169
400 397 42.25
400 752 42.25
400 511 42.25
400 402 42.25
402 402 -169
402 399 42.25
402 754 42.25
402 400 42.25
402 401 42.25
401 401 -169
401 398 42.25
401 753 42.25
401 402 42.25
401 417 42.25
417 417 -169
417 415 42.25
417 770 42.25
417 401 42.25
417 409 42.25
409 409 -169
409 406 42.25
409 761 42.25
409 417 42.25
409 411 42.25
411 411 -169
411 408 42.25
411 763 42.25
411 409 42.25
411 410 42.25
410 410 -169
410 407 42.25
410 762 42.25
410 411 42.25
410 480 42.25
480 480 -169
480 478 42.25
480 850 42.25
480 410 42.25
480 449 42.25
449 449 -169
449 446 42.25
449 801 42.25
449 480 42.25
449 451 42.25
451 451 -169
451 448 42.25
451 803 42.25
451 449 42.25
451 450 42.25
450 450 -169
450 447 42.25
450 802 42.25
450 451 42.25
450 466 42.25
466 466 -169
466 464 42.25
466 819 42.25
466 450 42.25
466 458 42.25
458 458 -169
458 455 42.25
458 810 42.25
458 466 42.25
458 460 42.25
460 460 -169
460 457 42.25
460 812 42.25
460 458 42.25
460 459 42.25
459 459 -169
459 456 42.25
459 811 42.25
459 460 42.25
992 992 -169
992 160 42.25
992 520 42.25
992 993 42.25
993 993 -169
993 161 42.25
993 521 42.25
993 992 42.25
993 994 42.25
994 994 -169
994 162 42.25
994 522 42.25
994 993 42.25
994 995 42.25
995 995 -169
995 163 42.25
995 523 42.25
995 994 42.25
995 996 42.25
996 996 -169
996 174 42.25
996 534 42.25
996 995 42.25
996 997 42.25
997 997 -169
997 170 42.25
997 530 42.25
997 996 42.25
997 998 42.25
998 998 -169
998 171 42.25
998 531 42.25
998 997 42.25
998 999 42.25
999 999 -169
999 172 42.25
999 532 42.25
999 998 42.25
999 1000 42.25
1000 1000 -169
1000 238 42.25
1000 618 42.25
1000 999 42.25
1000 1001 42.25
1001 1001 -169
1001 211 42.25
1001 574 42.25
1001 1000 42.25
1001 1002 42.25
1002 1002 -169
1002 212 42.25
1002 575 42.25
1002 1001 42.25
1002 1003 42.25
1003 1003 -169
1003 213 42.25
1003 576 42.25
1003 1002 42.25
1003 1004 42.25
1004 1004 -169
1004 224 42.25
1004 587 42.25
1004 1003 42.25
1004 1005 42.25
1005 1005 -169
1005 220 42.25
1005 583 42.25
1005 1004 42.25
1005 1006 42.25
1006 1006 -169
1006 221 42.25
1006 584 42.25
1006 1005 42.25
1006 1007 42.25
1007 1007 -169
1007 222 42.25
1007 585 42.25
1007 1006 42.25
1007 1008 42.25
1008 1008 -169
1008 510 42.25
1008 978 42.25
1008 1007 42.25
1008 1009 42.25
1009 1009 -169
1009 403 42.25
1009 758 42.25
1009 1008 42.25
1009 1010 42.25
1010 1010 -169
1010 404 42.25
1010 759 42.25
1010 1009 42.25
1010 1011 42.25
1011 1011 -169
1011 405 42.25
1011 760 42.25
1011 1010 42.25
1011 1012 42.25
1012 1012 -169
1012 416 42.25
1012 771 42.25
1012 1011 42.25
1012 1013 42.25
1013 1013 -169
1013 412 42.25
1013 767 42.25
1013 1012 42.25
1013 1014 42.25
1014 1014 -169
1014 413 42.25
1014 768 42.25
1014 1013 42.25
1014 1015 42.25
1015 1015 -169
1015 414 42.25
1015 769 42.25
1015 1014 42.25
1015 1016 42.25
1016 1016 -169
1016 479 42.25
1016 851 42.25
1016 1015 42.25
1016 1017 42.25
1017 1017 -169
1017 452 42.25
1017 807 42.25
1017 1016 42.25
1017 1018 42.25
1018 1018 -169
1018 453 42.25
1018 808 42.25
1018 1017 42.25
1018 1019 42.25
1019 1019 -169
1019 454 42.25
1019 809 42.25
1019 1018 42.25
1019 1020 42.25
1020 1020 -169
1020 465 42.25
1020 820 42.25
1020 1019 42.25
1020 1021 42.25
1021 1021 -169
1021 461 42.25
1021 816 42.25
1021 1020 42.25
1021 1022 42.25
1022 1022 -169
1022 462 42.25
1022 817 42.25
1022 1021 42.25
1022 1023 42.25
1023 1023 -169
1023 463 42.25
1023 818 42.25
1023 1022 42.25
1023 512 42.25
512 512 -169
512 156 42.25
512 516 42.25
512 1023 42.25
512 513 42.25
513 513 -169
513 157 42.25
513 517 42.25
513 512 42.25
513 515 42.25
515 515 -169
515 159 42.25
515 519 42.25
515 513 42.25
515 514 42.25
514 514 -169
514 158 42.25
514 518 42.25
514 515 42.25
514 533 42.25
533 533 -169
533 175 42.25
533 535 42.25
533 514 42.25
533 524 42.25
524 524 -169
524 167 42.25
524 527 42.25
524 533 42.25
524 526 42.25
526 526 -169
526 169 42.25
526 529 42.25
526 524 42.25
526 525 42.25
525 525 -169
525 168 42.25
525 528 42.25
525 526 42.25
525 617 42.25
617 617 -169
617 239 42.25
617 619 42.25
617 525 42.25
617 568 42.25
568 568 -169
568 208 42.25
568 571 42.25
568 617 42.25
568 570 42.25
570 570 -169
570 210 42.25
570 573 42.25
570 568 42.25
570 569 42.25
569 569 -169
569 209 42.25
569 572 42.25
569 570 42.25
569 586 42.25
586 586 -169
586 225 42.25
586 588 42.25
586 569 42.25
586 577 42.25
577 577 -169
577 217 42.25
577 580 42.25
577 586 42.25
577 579 42.25
579 579 -169
579 219 42.25
579 582 42.25
579 577 42.25
579 578 42.25
578 578 -169
578 218 42.25
578 581 42.25
578 579 42.25
578 977 42.25
977 977 -169
977 511 42.25
977 979 42.25
977 578 42.25
977 752 42.25
752 752 -169
752 400 42.25
752 755 42.25
752 977 42.25
752 754 42.25
754 754 -169
754 402 42.25
754 757 42.25
754 752 42.25
754 753 42.25
753 753 -169
753 401 42.25
753 756 42.25
753 754 42.25
753 770 42.25
770 770 -169
770 417 42.25
770 772 42.25
770 753 42.25
770 761 42.25
761 761 -169
761 409 42.25
761 764 42.25
761 770 42.25
761 763 42.25
763 763 -169
763 411 42.25
763 766 42.25
763 761 42.25
763 762 42.25
762 762 -169
762 410 42.25
762 765 42.25
762 763 42.25
762 850 42.25
850 850 -169
850 480 42.25
850 852 42.25
850 762 42.25
850 801 42.25
801 801 -169
801 449 42.25
801 804 42.25
801 850 42.25
801 803 42.25
803 803 -169
803 451 42.25
803 806 42.25
803 801 42.25
803 802 42.25
802 802 -169
802 450 42.25
802 805 42.25
802 803 42.25
802 819 42.25
819 819 -169
819 466 42.25
819 821 42.25
819 802 42.25
819 810 42.25
810 810 -169
810 458 42.25
810 813 42.25
810 819 42.25
810 812 42.25
812 812 -169
812 460 42.25
812 815 42.25
812 810 42.25
812 811 42.25
811 811 -169
811 459 42.25
811 814 42.25
811 812 42.25
520 520 -169
520 992 42.25
520 560 42.25
520 521 42.25
521 521 -169
521 993 42.25
521 561 42.25
521 520 42.25
521 522 42.25
522 522 -169
522 994 42.25
522 562 42.25
522 521 42.25
522 523 42.25
523 523 -169
523 995 42.25
523 563 42.25
523 522 42.25
523 534 42.25
534 534 -169
534 996 42.25
534 564 42.25
534 523 42.25
534 530 42.25
530 530 -169
530 997 42.25
530 565 42.25
530 534 42.25
530 531 42.25
531 531 -169
531 998 42.25
531 566 42.25
531 530 42.25
531 532 42.25
532 532 -169
532 999 42.25
532 567 42.25
532 531 42.25
532 618 42.25
618 618 -169
618 1000 42.25
618 620 42.25
618 532 42.25
618 574 42.25
574 574 -169
574 1001 42.25
574 610 42.25
574 618 42.25
574 575 42.25
575 575 -169
575 1002 42.25
575 611 42.25
575 574 42.25
575 576 42.25
576 576 -169
576 1003 42.25
576 612 42.25
576 575 42.25
576 587 42.25
587 587 -169
587 1004 42.25
587 613 42.25
587 576 42.25
587 583 42.25
583 583 -169
583 1005 42.25
583 614 42.25
583 587 42.25
583 584 42.25
584 584 -169
584 1006 42.25
584 615 42.25
584 583 42.25
584 585 42.25
585 585 -169
585 1007 42.25
585 616 42.25
585 584 42.25
585 978 42.25
978 978 -169
978 1008 42.25
978 980 42.25
978 585 42.25
978 758 42.25
758 758 -169
758 1009 42.25
758 794 42.25
758 978 42.25
758 759 42.25
759 759 -169
759 1010 42.25
759 795 42.25
759 758 42.25
759 760 42.25
760 760 -169
760 1011 42.25
760 796 42.25
760 759 42.25
760 771 42.25
771 771 -169
771 1012 42.25
771 797 42.25
771 760 42.25
771 767 42.25
767 767 -169
767 1013 42.25
767 798 42.25
767 771 42.25
767 768 42.25
768 768 -169
768 1014 42.25
768 799 42.25
768 767 42.25
768 769 42.25
769 769 -169
769 1015 42.25
769 800 42.25
769 768 42.25
769 851 42.25
851 851 -169
851 1016 42.25
851 853 42.25
851 769 42.25
851 807 42.25
807 807 -169
807 1017 42.25
807 843 42.25
807 851 42.25
807 808 42.25
808 808 -169
808 1018 42.25
808 844 42.25
808 807 42.25
808 809 42.25
809 809 -169
809 1019 42.25
809 845 42.25
809 808 42.25
809 820 42.25
820 820 -169
820 1020 42.25
820 846 42.25
820 809 42.25
820 816 42.25
816 816 -169
816 1021 42.25
816 847 42.25
816 820 42.25
816 817 42.25
817 817 -169
817 1022 42.25
817 848 42.25
817 816 42.25
817 818 42.25
818 818 -169
818 1023 42.25
818 849 42.25
818 817 42.25
818 516 42.25
516 516 -169
516 512 42.25
516 536 42.25
516 818 42.25
516 517 42.25
517 517 -169
517 513 42.25
517 537 42.25
517 516 42.25
517 519 42.25
519 519 -169
519 515 42.25
519 539 42.25
519 517 42.25
519 518 42.25
518 518 -169
518 514 42.25
518 538 42.25
518 519 42.25
518 535 42.25
535 535 -169
535 533 42.25
535 557 42.25
535 518 42.25
535 527 42.25
527 527 -169
527 524 42.25
527 548 42.25
527 535 42.25
527 529 42.25
529 529 -169
529 526 42.25
529 550 42.25
529 527 42.25
529 528 42.25
528 528 -169
528 525 42.25
528 549 42.25
528 529 42.25
528 619 42.25
619 619 -169
619 617 42.25
619 621 42.25
619 528 42.25
619 571 42.25
571 571 -169
571 568 42.25
571 589 42.25
571 619 42.25
571 573 42.25
573 573 -169
573 570 42.25
573 591 42.25
573 571 42.25
573 572 42.25
572 572 -169
572 569 42.25
572 590 42.25
572 573 42.25
572 588 42.25
588 588 -169
588 586 42.25
588 607 42.25
588 572 42.25
588 580 42.25
580 580 -169
580 577 42.25
580 598 42.25
580 588 42.25
580 582 42.25
582 582 -169
582 579 42.25
582 600 42.25
582 580 42.25
582 581 42.25
581 581 -169
581 578 42.25
581 599 42.25
581 582 42.25
581 979 42.25
979 979 -169
979 977 42.25
979 981 42.25
979 581 42.25
979 755 42.25
755 755 -169
755 752 42.25
755 773 42.25
755 979 42.25
755 757 42.25
757 757 -169
757 754 42.25
757 775 42.25
757 755 42.25
757 756 42.25
756 756 -169
756 753 42.25
756 774 42.25
756 757 42.25
756 772 42.25
772 772 -169
772 770 42.25
772 791 42.25
772 756 42.25
772 764 42.25
764 764 -169
764 761 42.25
764 782 42.25
764 772 42.25
764 766 42.25
766 766 -169
766 763 42.25
766 784 42.25
766 764 42.25
766 765 42.25
765 765 -169
765 762 42.25
765 783 42.25
765 766 42.25
765 852 42.25
852 852 -169
852 850 42.25
852 854 42.25
852 765 42.25
852 804 42.25
804 804 -169
804 801 42.25
804 822 42.25
804 852 42.25
804 806 42.25
806 806 -169
806 803 42.25
806 824 42.25
806 804 42.25
806 805 42.25
805 805 -169
805 802 42.25
805 823 42.25
805 806 42.25
805 821 42.25
821 821 -169
821 819 42.25
821 840 42.25
821 805 42.25
821 813 42.25
813 813 -169
813 810 42.25
813 831 42.25
813 821 42.25
813 815 42.25
815 815 -169
815 812 42.25
815 833 42.25
815 813 42.25
815 814 42.25
814 814 -169
814 811 42.25
814 832 42.25
814 815 42.25
560 560 -169
560 520 42.25
560 544 42.25
560 561 42.25
561 561 -169
561 521 42.25
561 545 42.25
561 560 42.25
561 562 42.25
562 562 -169
562 522 42.25
562 546 42.25
562 561 42.25
562 563 42.25
563 563 -169
563 523 42.25
563 547 42.25
563 562 42.25
563 564 42.25
564 564 -169
564 534 42.25
564 558 42.25
564 563 42.25
564 565 42.25
565 565 -169
565 530 42.25
565 554 42.25
565 564 42.25
565 566 42.25
566 566 -169
566 531 42.25
566 555 42.25
566 565 42.25
566 567 42.25
567 567 -169
567 532 42.25
567 556 42.25
567 566 42.25
567 620 42.25
620 620 -169
620 618 42.25
620 622 42.25
620 567 42.25
620 610 42.25
610 610 -169
610 574 42.25
610 595 42.25
610 620 42.25
610 611 42.25
611 611 -169
611 575 42.25
611 596 42.25
611 610 42.25
611 612 42.25
612 612 -169
612 576 42.25
612 597 42.25
612 611 42.25
612 613 42.25
613 613 -169
613 587 42.25
613 608 42.25
613 612 42.25
613 614 42.25
614 614 -169
614 583 42.25
614 604 42.25
614 613 42.25
614 615 42.25
615 615 -169
615 584 42.25
615 605 42.25
615 614 42.25
615 616 42.25
616 616 -169
616 585 42.25
616 606 42.25
616 615 42.25
616 980 42.25
980 980 -169
980 978 42.25
980 982 42.25
980 616 42.25
980 794 42.25
794 794 -169
794 758 42.25
794 779 42.25
794 980 42.25
794 795 42.25
795 795 -169
795 759 42.25
795 780 42.25
795 794 42.25
795 796 42.25
796 796 -169
796 760 42.25
796 781 42.25
796 795 42.25
796 797 42.25
797 797 -169
797 771 42.25
797 792 42.25
797 796 42.25
797 798 42.25
798 798 -169
798 767 42.25
798 788 42.25
798 797 42.25
798 799 42.25
799 799 -169
799 768 42.25
799 789 42.25
799 798 42.25
799 800 42.25
800 800 -169
800 769 42.25
800 790 42.25
800 799 42.25
800 853 42.25
853 853 -169
853 851 42.25
853 855 42.25
853 800 42.25
853 843 42.25
843 843 -169
843 807 42.25
843 828 42.25
843 853 42.25
843 844 42.25
844 844 -169
844 808 42.25
844 829 42.25
844 843 42.25
844 845 42.25
845 845 -169
845 809 42.25
845 830 42.25
845 844 42.25
845 846 42.25
846 846 -169
846 820 42.25
846 841 42.25
846 845 42.25
846 847 42.25
847 847 -169
847 816 42.25
847 837 42.25
847 846 42.25
847 848 42.25
848 848 -169
848 817 42.25
848 838 42.25
848 847 42.25
848 849 42.25
849 849 -169
849 818 42.25
849 839 42.25
849 848 42.25
849 536 42.25
536 536 -169
536 516 42.25
536 540 42.25
536 849 42.25
536 537 42.25
537 537 -169
537 517 42.25
537 541 42.25
537 536 42.25
537 539 42.25
539 539 -169
539 519 42.25
539 543 42.25
539 537 42.25
539 538 42.25
538 538 -169
538 518 42.25
538 542 42.25
538 539 42.25
538 557 42.25
557 557 -169
557 535 42.25
557 559 42.25
557 538 42.25
557 548 42.25
548 548 -169
548 527 42.25
548 551 42.25
548 557 42.25
548 550 42.25
550 550 -169
550 529 42.25
550 553 42.25
550 548 42.25
550 549 42.25
549 549 -169
549 528 42.25
549 552 42.25
549 550 42.25
549 621 42.25
621 621 -169
621 619 42.25
621 623 42.25
621 549 42.25
621 589 42.25
589 589 -169
589 571 42.25
589 592 42.25
589 621 42.25
589 591 42.25
591 591 -169
591 573 42.25
591 594 42.25
591 589 42.25
591 590 42.25
590 590 -169
590 572 42.25
590 593 42.25
590 591 42.25
590 607 42.25
607 607 -169
607 588 42.25
607 609 42.25
607 590 42.25
607 598 42.25
598 598 -169
598 580 42.25
598 601 42.25
598 607 42.25
598 600 42.25
600 600 -169
600 582 42.25
600 603 42.25
600 598 42.25
600 599 42.25
599 599 -169
599 581 42.25
599 602 42.25
599 600 42.25
599 981 42.25
981 981 -169
981 979 42.25
981 983 42.25
981 599 42.25
981 773 42.25
773 773 -169
773 755 42.25
773 776 42.25
773 981 42.25
773 775 42.25
775 775 -169
775 757 42.25
775 778 42.25
775 773 42.25
775 774 42.25
774 774 -169
774 756 42.25
774 777 42.25
774 775 42.25
774 791 42.25
791 791 -169
791 772 42.25
791 793 42.25
791 774 42.25
791 782 42.25
782 782 -169
782 764 42.25
782 785 42.25
782 791 42.25
782 784 42.25
784 784 -169
784 766 42.25
784 787 42.25
784 782 42.25
784 783 42.25
783 783 -169
783 765 42.25
783 786 42.25
783 784 42.25
783 854 42.25
854 854 -169
854 852 42.25
854 856 42.25
854 783 42.25
854 822 42.25
822 822 -169
822 804 42.25
822 825 42.25
822 854 42.25
822 824 42.25
824 824 -169
824 806 42.25
824 827 42.25
824 822 42.25
824 823 42.25
823 823 -169
823 805 42.25
823 826 42.25
823 824 42.25
823 840 42.25
840 840 -169
840 821 42.25
840 842 42.25
840 823 42.25
840 831 42.25
831 831 -169
831 813 42.25
831 834 42.25
831 840 42.25
831 833 42.25
833 833 -169
833 815 42.25
833 836 42.25
833 831 42.25
833 832 42.25
832 832 -169
832 814 42.25
832 835 42.25
832 833 42.25
544 544 -169
544 560 42.25
544 736 42.25
544 545 42.25
545 545 -169
545 561 42.25
545 737 42.25
545 544 42.25
545 546 42.25
546 546 -169
546 562 42.25
546 738 42.25
546 545 42.25
546 547 42.25
547 547 -169
547 563 42.25
547 739 42.25
547 546 42.25
547 558 42.25
558 558 -169
558 564 42.25
558 740 42.25
558 547 42.25
558 554 42.25
554 554 -169
554 565 42.25
554 741 42.25
554 558 42.25
554 555 42.25
555 555 -169
555 566 42.25
555 742 42.25
555 554 42.25
555 556 42.25
556 556 -169
556 567 42.25
556 743 42.25
556 555 42.25
556 622 42.25
622 622 -169
622 620 42.25
622 744 42.25
622 556 42.25
622 595 42.25
595 595 -169
595 610 42.25
595 745 42.25
595 622 42.25
595 596 42.25
596 596 -169
596 611 42.25
596 746 42.25
596 595 42.25
596 597 42.25
597 597 -169
597 612 42.25
597 747 42.25
597 596 42.25
597 608 42.25
608 608 -169
608 613 42.25
608 748 42.25
608 597 42.25
608 604 42.25
604 604 -169
604 614 42.25
604 749 42.25
604 608 42.25
604 605 42.25
605 605 -169
605 615 42.25
605 750 42.25
605 604 42.25
605 606 42.25
606 606 -169
606 616 42.25
606 751 42.25
606 605 42.25
606 982 42.25
982 982 -169
982 980 42.25
982 984 42.25
982 606 42.25
982 779 42.25
779 779 -169
779 794 42.25
779 962 42.25
779 982 42.25
779 780 42.25
780 780 -169
780 795 42.25
780 963 42.25
780 779 42.25
780 781 42.25
781 781 -169
781 796 42.25
781 964 42.25
781 780 42.25
781 792 42.25
792 792 -169
792 797 42.25
792 965 42.25
792 781 42.25
792 788 42.25
788 788 -169
788 798 42.25
788 966 42.25
788 792 42.25
788 789 42.25
789 789 -169
789 799 42.25
789 967 42.25
789 788 42.25
789 790 42.25
790 790 -169
790 800 42.25
790 968 42.25
790 789 42.25
790 855 42.25
855 855 -169
855 853 42.25
855 969 42.25
855 790 42.25
855 828 42.25
828 828 -169
828 843 42.25
828 970 42.25
828 855 42.25
828 829 42.25
829 829 -169
829 844 42.25
829 971 42.25
829 828 42.25
829 830 42.25
830 830 -169
830 845 42.25
830 972 42.25
830 829 42.25
830 841 42.25
841 841 -169
841 846 42.25
841 973 42.25
841 830 42.25
841 837 42.25
837 837 -169
837 847 42.25
837 974 42.25
837 841 42.25
837 838 42.25
838 838 -169
838 848 42.25
838 975 42.25
838 837 42.25
838 839 42.25
839 839 -169
839 849 42.25
839 976 42.25
839 838 42.25
839 540 42.25
540 540 -169
540 536 42.25
540 624 42.25
540 839 42.25
540 541 42.25
541 541 -169
541 537 42.25
541 625 42.25
541 540 42.25
541 543 42.25
543 543 -169
543 539 42.25
543 627 42.25
543 541 42.25
543 542 42.25
542 542 -169
542 538 42.25
542 626 42.25
542 543 42.25
542 559 42.25
559 559 -169
559 557 42.25
559 645 42.25
559 542 42.25
559 551 42.25
551 551 -169
551 548 42.25
551 636 42.25
551 559 42.25
551 553 42.25
553 553 -169
553 550 42.25
553 638 42.25
553 551 42.25
553 552 42.25
552 552 -169
552 549 42.25
552 637 42.25
552 553 42.25
552 623 42.25
623 623 -169
623 621 42.25
623 729 42.25
623 552 42.25
623 592 42.25
592 592 -169
592 589 42.25
592 680 42.25
592 623 42.25
592 594 42.25
594 594 -169
594 591 42.25
594 682 42.25
594 592 42.25
594 593 42.25
593 593 -169
593 590 42.25
593 681 42.25
593 594 42.25
593 609 42.25
609 609 -169
609 607 42.25
609 698 42.25
609 593 42.25
609 601 42.25
601 601 -169
601 598 42.25
601 689 42.25
601 609 42.25
601 603 42.25
603 603 -169
603 600 42.25
603 691 42.25
603 601 42.25
603 602 42.25
602 602 -169
602 599 42.25
602 690 42.25
602 603 42.25
602 983 42.25
983 983 -169
983 981 42.25
983 985 42.25
983 602 42.25
983 776 42.25
776 776 -169
776 773 42.25
776 857 42.25
776 983 42.25
776 778 42.25
778 778 -169
778 775 42.25
778 859 42.25
778 776 42.25
778 777 42.25
777 777 -169
777 774 42.25
777 858 42.25
777 778 42.25
777 793 42.25
793 793 -169
793 791 42.25
793 875 42.25
793 777 42.25
793 785 42.25
785 785 -169
785 782 42.25
785 866 42.25
785 793 42.25
785 787 42.25
787 787 -169
787 784 42.25
787 868 42.25
787 785 42.25
787 786 42.25
786 786 -169
786 783 42.25
786 867 42.25
786 787 42.25
786 856 42.25
856 856 -169
856 854 42.25
856 955 42.25
856 786 42.25
856 825 42.25
825 825 -169
825 822 42.25
825 906 42.25
825 856 42.25
825 827 42.25
827 827 -169
827 824 42.25
827 908 42.25
827 825 42.25
827 826 42.25
826 826 -169
826 823 42.25
826 907 42.25
826 827 42.25
826 842 42.25
842 842 -169
842 840 42.25
842 924 42.25
842 826 42.25
842 834 42.25
834 834 -169
834 831 42.25
834 915 42.25
834 842 42.25
834 836 42.25
836 836 -169
836 833 42.25
836 917 42.25
836 834 42.25
836 835 42.25
835 835 -169
835 832 42.25
835 916 42.25
835 836 42.25
736 736 -169
736 544 42.25
736 632 42.25
736 737 42.25
737 737 -169
737 545 42.25
737 633 42.25
737 736 42.25
737 738 42.25
738 738 -169
738 546 42.25
738 634 42.25
738 737 42.25
738 739 42.25
739 739 -169
739 547 42.25
739 635 42.25
739 738 42.25
739 740 42.25
740 740 -169
740 558 42.25
740 646 42.25
740 739 42.25
740 741 42.25
741 741 -169
741 554 42.25
741 642 42.25
741 740 42.25
741 742 42.25
742 742 -169
742 555 42.25
742 643 42.25
742 741 42.25
742 743 42.25
743 743 -169
743 556 42.25
743 644 42.25
743 742 42.25
743 744 42.25
744 744 -169
744 622 42.25
744 730 42.25
744 743 42.25
744 745 42.25
745 745 -169
745 595 42.25
745 686 42.25
745 744 42.25
745 746 42.25
746 746 -169
746 596 42.25
746 687 42.25
746 745 42.25
746 747 42.25
747 747 -169
747 597 42.25
747 688 42.25
747 746 42.25
747 748 42.25
748 748 -169
748 608 42.25
748 699 42.25
748 747 42.25
748 749 42.25
749 749 -169
749 604 42.25
749 695 42.25
749 748 42.25
749 750 42.25
750 750 -169
750 605 42.25
750 696 42.25
750 749 42.25
750 751 42.25
751 751 -169
751 606 42.25
751 697 42.25
751 750 42.25
751 984 42.25
984 984 -169
984 982 42.25
984 986 42.25
984 751 42.25
984 962 42.25
962 962 -169
962 779 42.25
962 863 42.25
962 984 42.25
962 963 42.25
963 963 -169
963 780 42.25
963 864 42.25
963 962 42.25
963 964 42.25
964 964 -169
964 781 42.25
964 865 42.25
964 963 42.25
964 965 42.25
965 965 -169
965 792 42.25
965 876 42.25
965 964 42.25
965 966 42.25
966 966 -169
966 788 42.25
966 872 42.25
966 965 42.25
966 967 42.25
967 967 -169
967 789 42.25
967 873 42.25
967 966 42.25
967 968 42.25
968 968 -169
968 790 42.25
968 874 42.25
968 967 42.25
968 969 42.25
969 969 -169
969 855 42.25
969 956 42.25
969 968 42.25
969 970 42.25
970 970 -169
970 828 42.25
970 912 42.25
970 969 42.25
970 971 42.25
971 971 -169
971 829 42.25
971 913 42.25
971 970 42.25
971 972 42.25
972 972 -169
972 830 42.25
972 914 42.25
972 971 42.25
972 973 42.25
973 973 -169
973 841 42.25
973 925 42.25
973 972 42.25
973 974 42.25
974 974 -169
974 837 42.25
974 921 42.25
974 973 42.25
974 975 42.25
975 975 -169
975 838 42.25
975 922 42.25
975 974 42.25
975 976 42.25
976 976 -169
976 839 42.25
976 923 42.25
976 975 42.25
976 624 42.25
624 624 -169
624 540 42.25
624 628 42.25
624 976 42.25
624 625 42.25
625 625 -169
625 541 42.25
625 629 42.25
625 624 42.25
625 627 42.25
627 627 -169
627 543 42.25
627 631 42.25
627 625 42.25
627 626 42.25
626 626 -169
626 542 42.25
626 630 42.25
626 627 42.25
626 645 42.25
645 645 -169
645 559 42.25
645 647 42.25
645 626 42.25
645 636 42.25
636 636 -169
636 551 42.25
636 639 42.25
636 645 42.25
636 638 42.25
638 638 -169
638 553 42.25
638 641 42.25
638 636 42.25
638 637 42.25
637 637 -169
637 552 42.25
637 640 42.25
637 638 42.25
637 729 42.25
729 729 -169
729 623 42.25
729 731 42.25
729 637 42.25
729 680 42.25
680 680 -169
680 592 42.25
680 683 42.25
680 729 42.25
680 682 42.25
682 682 -169
682 594 42.25
682 685 42.25
682 680 42.25
682 681 42.25
681 681 -169
681 593 42.25
681 684 42.25
681 682 42.25
681 698 42.25
698 698 -169
698 609 42.25
698 700 42.25
698 681 42.25
698 689 42.25
689 689 -169
689 601 42.25
689 692 42.25
689 698 42.25
689 691 42.25
691 691 -169
691 603 42.25
691 694 42.25
691 689 42.25
691 690 42.25
690 690 -169
690 602 42.25
690 693 42.25
690 691 42.25
690 985 42.25
985 985 -169
985 983 42.25
985 987 42.25
985 690 42.25
985 857 42.25
857 857 -169
857 776 42.25
857 860 42.25
857 985 42.25
857 859 42.25
859 859 -169
859 778 42.25
859 862 42.25
859 857 42.25
859 858 42.25
858 858 -169
858 777 42.25
858 861 42.25
858 859 42.25
858 875 42.25
875 875 -169
875 793 42.25
875 877 42.25
875 858 42.25
875 866 42.25
866 866 -169
866 785 42.25
866 869 42.25
866 875 42.25
866 868 42.25
868 868 -169
868 787 42.25
868 871 42.25
868 866 42.25
868 867 42.25
867 867 -169
867 786 42.25
867 870 42.25
867 868 42.25
867 955 42.25
955 955 -169
955 856 42.25
955 957 42.25
955 867 42.25
955 906 42.25
906 906 -169
906 825 42.25
906 909 42.25
906 955 42.25
906 908 42.25
908 908 -169
908 827 42.25
908 911 42.25
908 906 42.25
908 907 42.25
907 907 -169
907 826 42.25
907 910 42.25
907 908 42.25
907 924 42.25
924 924 -169
924 842 42.25
924 926 42.25
924 907 42.25
924 915 42.25
915 915 -169
915 834 42.25
915 918 42.25
915 924 42.25
915 917 42.25
917 917 -169
917 836 42.25
917 920 42.25
917 915 42.25
917 916 42.25
916 916 -169
916 835 42.25
916 919 42.25
916 917 42.25
632 632 -169
632 736 42.25
632 672 42.25
632 633 42.25
633 633 -169
633 737 42.25
633 673 42.25
633 632 42.25
633 634 42.25
634 634 -169
634 738 42.25
634 674 42.25
634 633 42.25
634 635 42.25
635 635 -169
635 739 42.25
635 675 42.25
635 634 42.25
635 646 42.25
646 646 -169
646 740 42.25
646 676 42.25
646 635 42.25
646 642 42.25
642 642 -169
642 741 42.25
642 677 42.25
642 646 42.25
642 643 42.25
643 643 -169
643 742 42.25
643 678 42.25
643 642 42.25
643 644 42.25
644 644 -169
644 743 42.25
644 679 42.25
644 643 42.25
644 730 42.25
730 730 -169
730 744 42.25
730 732 42.25
730 644 42.25
730 686 42.25
686 686 -169
686 745 42.25
686 722 42.25
686 730 42.25
686 687 42.25
687 687 -169
687 746 42.25
687 723 42.25
687 686 42.25
687 688 42.25
688 688 -169
688 747 42.25
688 724 42.25
688 687 42.25
688 699 42.25
699 699 -169
699 748 42.25
699 725 42.25
699 688 42.25
699 695 42.25
695 695 -169
695 749 42.25
695 726 42.25
695 699 42.25
695 696 42.25
696 696 -169
696 750 42.25
696 727 42.25
696 695 42.25
696 697 42.25
697 697 -169
697 751 42.25
697 728 42.25
697 696 42.25
697 986 42.25
986 986 -169
986 984 42.25
986 988 42.25
986 697 42.25
986 863 42.25
863 863 -169
863 962 42.25
863 899 42.25
863 986 42.25
863 864 42.25
864 864 -169
864 963 42.25
864 900 42.25
864 863 42.25
864 865 42.25
865 865 -169
865 964 42.25
865 901 42.25
865 864 42.25
865 876 42.25
876 876 -169
876 965 42.25
876 902 42.25
876 865 42.25
876 872 42.25
872 872 -169
872 966 42.25
872 903 42.25
872 876 42.25
872 873 42.25
873 873 -169
873 967 42.25
873 904 42.25
873 872 42.25
873 874 42.25
874 874 -169
874 968 42.25
874 905 42.25
874 873 42.25
874 956 42.25
956 956 -169
956 969 42.25
956 958 42.25
956 874 42.25
956 912 42.25
912 912 -169
912 970 42.25
912 948 42.25
912 956 42.25
912 913 42.25
913 913 -169
913 971 42.25
913 949 42.25
913 912 42.25
913 914 42.25
914 914 -169
914 972 42.25
914 950 42.25
914 913 42.25
914 925 42.25
925 925 -169
925 973 42.25
925 951 42.25
925 914 42.25
925 921 42.25
921 921 -169
921 974 42.25
921 952 42.25
921 925 42.25
921 922 42.25
922 922 -169
922 975 42.25
922 953 42.25
922 921 42.25
922 923 42.25
923 923 -169
923 976 42.25
923 954 42.25
923 922 42.25
923 628 42.25
628 628 -169
628 624 42.25
628 648 42.25
628 923 42.25
628 629 42.25
629 629 -169
629 625 42.25
629 649 42.25
629 628 42.25
629 631 42.25
631 631 -169
631 627 42.25
631 651 42.25
631 629 42.25
631 630 42.25
630 630 -169
630 626 42.25
630 650 42.25
630 631 42.25
630 647 42.25
647 647 -169
647 645 42.25
647 669 42.25
647 630 42.25
647 639 42.25
639 639 -169
639 636 42.25
639 660 42.25
639 647 42.25
639 641 42.25
641 641 -169
641 638 42.25
641 662 42.25
641 639 42.25
641 640 42.25
640 640 -169
640 637 42.25
640 661 42.25
640 641 42.25
640 731 42.25
731 731 -169
731 729 42.25
731 733 42.25
731 640 42.25
731 683 42.25
683 683 -169
683 680 42.25
683 701 42.25
683 731 42.25
683 685 42.25
685 685 -169
685 682 42.25
685 703 42.25
685 683 42.25
685 684 42.25
684 684 -169
684 681 42.25
684 702 42.25
684 685 42.25
684 700 42.25
700 700 -169
700 698 42.25
700 719 42.25
700 684 42.25
700 692 42.25
692 692 -169
692 689 42.25
692 710 42.25
692 700 42.25
692 694 42.25
694 694 -169
694 691 42.25
694 712 42.25
694 692 42.25
694 693 42.25
693 693 -169
693 690 42.25
693 711 42.25
693 694 42.25
693 987 42.25
987 987 -169
987 985 42.25
987 989 42.25
987 693 42.25
987 860 42.25
860 860 -169
860 857 42.25
860 878 42.25
860 987 42.25
860 862 42.25
862 862 -169
862 859 42.25
862 880 42.25
862 860 42.25
862 861 42.25
861 861 -169
861 858 42.25
861 879 42.25
861 862 42.25
861 877 42.25
877 877 -169
877 875 42.25
877 896 42.25
877 861 42.25
877 869 42.25
869 869 -169
869 866 42.25
869 887 42.25
869 877 42.25
869 871 42.25
871 871 -169
871 868 42.25
871 889 42.25
871 869 42.25
871 870 42.25
870 870 -169
870 867 42.25
870 888 42.25
870 871 42.25
870 957 42.25
957 957 -169
957 955 42.25
957 959 42.25
957 870 42.25
957 909 42.25
909 909 -169
909 906 42.25
909 927 42.25
909 957 42.25
909 911 42.25
911 911 -169
911 908 42.25
911 929 42.25
911 909 42.25
911 910 42.25
910 910 -169
910 907 42.25
910 928 42.25
910 911 42.25
910 926 42.25
926 926 -169
926 924 42.25
926 945 42.25
926 910 42.25
926 918 42.25
918 918 -169
918 915 42.25
918 936 42.25
918 926 42.25
918 920 42.25
920 920 -169
920 917 42.25
920 938 42.25
920 918 42.25
920 919 42.25
919 919 -169
919 916 42.25
919 937 42.25
919 920 42.25
672 672 -169
672 632 42.25
672 656 42.25
672 673 42.25
673 673 -169
673 633 42.25
673 657 42.25
673 672 42.25
673 674 42.25
674 674 -169
674 634 42.25
674 658 42.25
674 673 42.25
674 675 42.25
675 675 -169
675 635 42.25
675 659 42.25
675 674 42.25
675 676 42.25
676 676 -169
676 646 42.25
676 670 42.25
676 675 42.25
676 677 42.25
677 677 -169
677 642 42.25
677 666 42.25
677 676 42.25
677 678 42.25
678 678 -169
678 643 42.25
678 667 42.25
678 677 42.25
678 679 42.25
679 679 -169
679 644 42.25
679 668 42.25
679 678 42.25
679 732 42.25
732 732 -169
732 730 42.25
732 734 42.25
732 679 42.25
732 722 42.25
722 722 -169
722 686 42.25
722 707 42.25
722 732 42.25
722 723 42.25
723 723 -169
723 687 42.25
723 708 42.25
723 722 42.25
723 724 42.25
724 724 -169
724 688 42.25
724 709 42.25
724 723 42.25
724 725 42.25
725 725 -169
725 699 42.25
725 720 42.25
725 724 42.25
725 726 42.25
726 726 -169
726 695 42.25
726 716 42.25
726 725 42.25
726 727 42.25
727 727 -169
727 696 42.25
727 717 42.25
727 726 42.25
727 728 42.25
728 728 -169
728 697 42.25
728 718 42.25
728 727 42.25
728 988 42.25
988 988 -169
988 986 42.25
988 990 42.25
988 728 42.25
988 899 42.25
899 899 -169
899 863 42.25
899 884 42.25
899 988 42.25
899 900 42.25
900 900 -169
900 864 42.25
900 885 42.25
900 899 42.25
900 901 42.25
901 901 -169
901 865 42.25
901 886 42.25
901 900 42.25
901 902 42.25
902 902 -169
902 876 42.25
902 897 42.25
902 901 42.25
902 903 42.25
903 903 -169
903 872 42.25
903 893 42.25
903 902 42.25
903 904 42.25
904 904 -169
904 873 42.25
904 894 42.25
904 903 42.25
904 905 42.25
905 905 -169
905 874 42.25
905 895 42.25
905 904 42.25
905 958 42.25
958 958 -169
958 956 42.25
958 960 42.25
958 905 42.25
958 948 42.25
948 948 -169
948 912 42.25
948 933 42.25
948 958 42.25
948 949 42.25
949 949 -169
949 913 42.25
949 934 42.25
949 948 42.25
949 950 42.25
950 950 -169
950 914 42.25
950 935 42.25
950 949 42.25
950 951 42.25
951 951 -169
951 925 42.25
951 946 42.25
951 950 42.25
951 952 42.25
952 952 -169
952 921 42.25
952 942 42.25
952 951 42.25
952 953 42.25
953 953 -169
953 922 42.25
953 943 42.25
953 952 42.25
953 954 42.25
954 954 -169
954 923 42.25
954 944 42.25
954 953 42.25
954 648 42.25
648 648 -169
648 628 42.25
648 652 42.25
648 954 42.25
648 649 42.25
649 649 -169
649 629 42.25
649 653 42.25
649 648 42.25
649 651 42.25
651 651 -169
651 631 42.25
651 655 42.25
651 649 42.25
651 650 42.25
650 650 -169
650 630 42.25
650 654 42.25
650 651 42.25
650 669 42.25
669 669 -169
669 647 42.25
669 671 42.25
669 650 42.25
669 660 42.25
660 660 -169
660 639 42.25
660 663 42.25
660 669 42.25
660 662 42.25
662 662 -169
662 641 42.25
662 665 42.25
662 660 42.25
662 661 42.25
661 661 -169
661 640 42.25
661 664 42.25
661 662 42.25
661 733 42.25
733 733 -169
733 731 42.25
733 735 42.25
733 661 42.25
733 701 42.25
701 701 -169
701 683 42.25
701 704 42.25
701 733 42.25
701 703 42.25
703 703 -169
703 685 42.25
703 706 42.25
703 701 42.25
703 702 42.25
702 702 -169
702 684 42.25
702 705 42.25
702 703 42.25
702 719 42.25
719 719 -169
719 700 42.25
719 721 42.25
719 702 42.25
719 710 42.25
710 710 -169
710 692 42.25
710 713 42.25
710 719 42.25
710 712 42.25
712 712 -169
712 694 42.25
712 715 42.25
712 710 42.25
712 711 42.25
711 711 -169
711 693 42.25
711 714 42.25
711 712 42.25
711 989 42.25
989 989 -169
989 987 42.25
989 991 42.25
989 711 42.25
989 878 42.25
878 878 -169
878 860 42.25
878 881 42.25
878 989 42.25
878 880 42.25
880 880 -169
880 862 42.25
880 883 42.25
880 878 42.25
880 879 42.25
879 879 -169
879 861 42.25
879 882 42.25
879 880 42.25
879 896 42.25
896 896 -169
896 877 42.25
896 898 42.25
896 879 42.25
896 887 42.25
887 887 -169
887 869 42.25
887 890 42.25
887 896 42.25
887 889 42.25
889 889 -169
889 871 42.25
889 892 42.25
889 887 42.25
889 888 42.25
888 888 -169
888 870 42.25
888 891 42.25
888 889 42.25
888 959 42.25
959 959 -169
959 957 42.25
959 961 42.25
959 888 42.25
959 927 42.25
927 927 -169
927 909 42.25
927 930 42.25
927 959 42.25
927 929 42.25
929 929 -169
929 911 42.25
929 932 42.25
929 927 42.25
929 928 42.25
928 928 -169
928 910 42.25
928 931 42.25
928 929 42.25
928 945 42.25
945 945 -169
945 926 42.25
945 947 42.25
945 928 42.25
945 936 42.25
936 936 -169
936 918 42.25
936 939 42.25
936 945 42.25
936 938 42.25
938 938 -169
938 920 42.25
938 941 42.25
938 936 42.25
938 937 42.25
937 937 -169
937 919 42.25
937 940 42.25
937 938 42.25
656 656 -169
656 672 42.25
656 0 42.25
656 657 42.25
657 657 -169
657 673 42.25
657 0 42.25
657 656 42.25
657 658 42.25
658 658 -169
658 674 42.25
658 0 42.25
658 657 42.25
658 659 42.25
659 659 -169
659 675 42.25
659 0 42.25
659 658 42.25
659 670 42.25
670 670 -169
670 676 42.25
670 0 42.25
670 659 42.25
670 666 42.25
666 666 -169
666 677 42.25
666 0 42.25
666 670 42.25
666 667 42.25
667 667 -169
667 678 42.25
667 0 42.25
667 666 42.25
667 668 42.25
668 668 -169
668 679 42.25
668 0 42.25
668 667 42.25
668 734 42.25
734 734 -169
734 732 42.25
734 0 42.25
734 668 42.25
734 707 42.25
707 707 -169
707 722 42.25
707 0 42.25
707 734 42.25
707 708 42.25
708 708 -169
708 723 42.25
708 0 42.25
708 707 42.25
708 709 42.25
709 709 -169
709 724 42.25
709 0 42.25
709 708 42.25
709 720 42.25
720 720 -169
720 725 42.25
720 0 42.25
720 709 42.25
720 716 42.25
716 716 -169
716 726 42.25
716 0 42.25
716 720 42.25
716 717 42.25
717 717 -169
717 727 42.25
717 0 42.25
717 716 42.25
717 718 42.25
718 718 -169
718 728 42.25
718 0 42.25
718 717 42.25
718 990 42.25
990 990 -169
990 988 42.25
990 0 42.25
990 718 42.25
990 884 42.25
884 884 -169
884 899 42.25
884 0 42.25
884 990 42.25
884 885 42.25
885 885 -169
885 900 42.25
885 0 42.25
885 884 42.25
885 886 42.25
886 886 -169
886 901 42.25
886 0 42.25
886 885 42.25
886 897 42.25
897 897 -169
897 902 42.25
897 0 42.25
897 886 42.25
897 893 42.25
893 893 -169
893 903 42.25
893 0 42.25
893 897 42.25
893 894 42.25
894 894 -169
894 904 42.25
894 0 42.25
894 893 42.25
894 895 42.25
895 895 -169
895 905 42.25
895 0 42.25
895 894 42.25
895 960 42.25
960 960 -169
960 958 42.25
960 0 42.25
960 895 42.25
960 933 42.25
933 933 -169
933 948 42.25
933 0 42.25
933 960 42.25
933 934 42.25
934 934 -169
934 949 42.25
934 0 42.25
934 933 42.25
934 935 42.25
935 935 -169
935 950 42.25
935 0 42.25
935 934 42.25
935 946 42.25
946 946 -169
946 951 42.25
946 0 42.25
946 935 42.25
946 942 42.25
942 942 -169
942 952 42.25
942 0 42.25
942 946 42.25
942 943 42.25
943 943 -169
943 953 42.25
943 0 42.25
943 942 42.25
943 944 42.25
944 944 -169
944 954 42.25
944 0 42.25
944 943 42.25
944 652 42.25
652 652 -169
652 648 42.25
652 0 42.25
652 944 42.25
652 653 42.25
653 653 -169
653 649 42.25
653 0 42.25
653 652 42.25
653 655 42.25
655 655 -169
655 651 42.25
655 0 42.25
655 653 42.25
655 654 42.25
654 654 -169
654 650 42.25
654 0 42.25
654 655 42.25
654 671 42.25
671 671 -169
671 669 42.25
671 0 42.25
671 654 42.25
671 663 42.25
663 663 -169
663 660 42.25
663 0 42.25
663 671 42.25
663 665 42.25
665 665 -169
665 662 42.25
665 0 42.25
665 663 42.25
665 664 42.25
664 664 -169
664 661 42.25
664 0 42.25
664 665 42.25
664 735 42.25
735 735 -169
735 733 42.25
735 0 42.25
735 664 42.25
735 704 42.25
704 704 -169
704 701 42.25
704 0 42.25
704 735 42.25
704 706 42.25
706 706 -169
706 703 42.25
706 0 42.25
706 704 42.25
706 705 42.25
705 705 -169
705 702 42.25
705 0 42.25
705 706 42.25
705 721 42.25
721 721 -169
721 719 42.25
721 0 42.25
721 705 42.25
721 713 42.25
713 713 -169
713 710 42.25
713 0 42.25
713 721 42.25
713 715 42.25
715 715 -169
715 712 42.25
715 0 42.25
715 713 42.25
715 714 42.25
714 714 -169
714 711 42.25
714 0 42.25
714 715 42.25
714 991 42.25
991 991 -169
991 989 42.25
991 0 42.25
991 714 42.25
991 881 42.25
881 881 -169
881 878 42.25
881 0 42.25
881 991 42.25
881 883 42.25
883 883 -169
883 880 42.25
883 0 42.25
883 881 42.25
883 882 42.25
882 882 -169
882 879 42.25
882 0 42.25
882 883 42.25
882 898 42.25
898 898 -169
898 896 42.25
898 0 42.25
898 882 42.25
898 890 42.25
890 890 -169
890 887 42.25
890 0 42.25
890 898 42.25
890 892 42.25
892 892 -169
892 889 42.25
892 0 42.25
892 890 42.25
892 891 42.25
891 891 -169
891 888 42.25
891 0 42.25
891 892 42.25
891 961 42.25
961 961 -169
961 959 42.25
961 0 42.25
961 891 42.25
961 930 42.25
930 930 -169
930 927 42.25
930 0 42.25
930 961 42.25
930 932 42.25
932 932 -169
932 929 42.25
932 0 42.25
932 930 42.25
932 931 42.25
931 931 -169
931 928 42.25
931 0 42.25
931 932 42.25
931 947 42.25
947 947 -169
947 945 42.25
947 0 42.25
947 931 42.25
947 939 42.25
939 939 -169
939 936 42.25
939 0 42.25
939 947 42.25
939 941 42.25
941 941 -169
941 938 42.25
941 0 42.25
941 939 42.25
941 940 42.25
940 940 -169
940 937 42.25
940 0 42.25
940 941 42.25
0 0 -169
0 656 42.25
0 0 42.25
0 0 42.25
0 0 -169
0 657 42.25
0 0 42.25
0 0 42.25
0 0 42.25
0 0 -169
0 658 42.25
0 0 42.25
0 0 42.25
0 0 42.25
0 0 -169
0 659 42.25
0 0 42.25
0 0 42.25
0 0 42.25
0 0 -169
0 670 42.25
0 0 42.25
0 0 42.25
0 0 42.25
0 0 -169
0 666 42.25
0 0 42.25
0 0 42.25
0 0 42.25
0 0 -169
0 667 42.25
0 0 42.25
0 0 42.25
0 0 42.25
0 0 -169
0 668 42.25
0 0 42.25
0 0 42.25
0 0 42.25
0 0 -169
0 734 42.25
0 0 42.25
0 0 42.25
0 0 42.25
0 0 -169
0 707 42.25
0 0 42.25
0 0 42.25
0 0 42.25
0 0 -169
0 708 42.25
0 0 42.25
0 0 42.25
0 0 42.25
0 0 -169
0 709 42.25
0 0 42.25
0 0 42.25
0 0 42.25
0 0 -169
0 720 42.25
0 0 42.25
0 0 42.25
0 0 42.25
0 0 -169
0 716 42.25
0 0 42.25
0 0 42.25
0 0 42.25
0 0 -169
0 717 42.25
0 0 42.25
0 0 42.25
0 0 42.25
0 0 -169
0 718 42.25
0 0 42.25
0 0 42.25
0 0 42.25
0 0 -169
0 990 42.25
0 0 42.25
0 0 42.25
0 0 42.25
0 0 -169
0 884 42.25
0 0 42.25
0 0 42.25
0 0 42.25
0 0 -169
0 885 42.25
0 0 42.25
0 0 42.25
0 0 42.25
0 0 -169
0 886 42.25
0 0 42.25
0 0 42.25
0 0 42.25
0 0 -169
0 897 42.25
0 0 42.25
0 0 42.25
0 0 42.25
0 0 -169
0 893 42.25
0 0 42.25
0 0 42.25
0 0 42.25
0 0 -169
0 894 42.25
0 0 42.25
0 0 42.25
0 0 42.25
0 0 -169
0 895 42.25
0 0 42.25
0 0 42.25
0 0 42.25
0 0 -169
0 960 42.25
0 0 42.25
0 0 42.25
0 0 42.25
0 0 -169
0 933 42.25
0 0 42.25
0 0 42.25
0 0 42.25
0 0 -169
0 934 42.25
0 0 42.25
0 0 42.25
0 0 42.25
0 0 -169
0 935 42.25
0 0 42.25
0 0 42.25
0 0 42.25
0 0 -169
0 946 42.25
0 0 42.25
0 0 42.25
0 0 42.25
0 0 -169
0 942 42.25
0 0 42.25
0 0 42.25
0 0 42.25
0 0 -169
0 943 42.25
0 0 42.25
0 0 42.25
0 0 42.25
0 0 -169
0 944 42.25
0 0 42.25
0 0 42.25
0 0 42.25
0 0 -169
0 652 42.25
0 0 42.25
0 0 42.25
0 0 42.25
0 0 -169
0 653 42.25
0 0 42.25
0 0 42.25
0 0 42.25
0 0 -169
0 655 42.25
0 0 42.25
0 0 42.25
0 0 42.25
0 0 -169
0 654 42.25
0 0 42.25
0 0 42.25
0 0 42.25
0 0 -169
0 671 42.25
0 0 42.25
0 0 42.25
0 0 42.25
0 0 -169
0 663 42.25
0 0 42.25
0 0 42.25
0 0 42.25
0 0 -169
0 665 42.25
0 0 42.25
0 0 42.25
0 0 42.25
0 0 -169
0 664 42.25
0 0 42.25
0 0 42.25
0 0 42.25
0 0 -169
0 735 42.25
0 0 42.25
0 0 42.25
0 0 42.25
0 0 -169
0 704 42.25
0 0 42.25
0 0 42.25
0 0 42.25
0 0 -169
0 706 42.25
0 0 42.25
0 0 42.25
0 0 42.25
0 0 -169
0 705 42.25
0 0 42.25
0 0 42.25
0 0 42.25
0 0 -169
0 721 42.25
0 0 42.25
0 0 42.25
0 0 42.25
0 0 -169
0 713 42.25
0 0 42.25
0 0 42.25
0 0 42.25
0 0 -169
0 715 42.25
0 0 42.25
0 0 42.25
0 0 42.25
0 0 -169
0 714 42.25
0 0 42.25
0 0 42.25
0 0 42.25
0 0 -169
0 991 42.25
0 0 42.25
0 0 42.25
0 0 42.25
0 0 -169
0 881 42.25
0 0 42.25
0 0 42.25
0 0 42.25
0 0 -169
0 883 42.25
0 0 42.25
0 0 42.25
0 0 42.25
0 0 -169
0 882 42.25
0 0 42.25
0 0 42.25
0 0 42.25
0 0 -169
0 898 42.25
0 0 42.25
0 0 42.25
0 0 42.25
0 0 -169
0 890 42.25
0 0 42.25
0 0 42.25
0 0 42.25
0 0 -169
0 892 42.25
0 0 42.25
0 0 42.25
0 0 42.25
0 0 -169
0 891 42.25
0 0 42.25
0 0 42.25
0 0 42.25
0 0 -169
0 961 42.25
0 0 42.25
0 0 42.25
0 0 42.25
0 0 -169
0 930 42.25
0 0 42.25
0 0 42.25
0 0 42.25
0 0 -169
0 932 42.25
0 0 42.25
0 0 42.25
0 0 42.25
0 0 -169
0 931 42.25
0 0 42.25
0 0 42.25
0 0 42.25
0 0 -169
0 947 42.25
0 0 42.25
0 0 42.25
0 0 42.25
0 0 -169
0 939 42.25
0 0 42.25
0 0 42.25
0 0 42.25
0 0 -169
0 941 42.25
0 0 42.25
0 0 42.25
0 0 42.25
0 0 -169
0 940 42.25
0 0 42.25
0 0 42.25
0 0 -169
0 0 42.25
0 0 42.25
0 0 42.25
0 0 -169
0 0 42.25
0 0 42.25
0 0 42.25
0 0 42.25
0 0 -169
0 0 42.25
0 0 42.25
0 0 42.25
0 0 42.25
0 0 -169
0 0 42.25
0 0 42.25
0 0 42.25
0 0 42.25
0 0 -169
0 0 42.25
0 0 42.25
0 0 42.25
0 0 42.25
0 0 -169
0 0 42.25
0 0 42.25
0 0 42.25
0 0 42.25
0 0 -169
0 0 42.25
0 0 42.25
0 0 42.25
0 0 42.25
0 0 -169
0 0 42.25
0 0 42.25
0 0 42.25
0 0 42.25
0 0 -169
0 0 42.25
0 0 42.25
0 0 42.25
0 0 42.25
0 0 -169
0 0 42.25
0 0 42.25
0 0 42.25
0 0 42.25
0 0 -169
0 0 42.25
0 0 42.25
0 0 42.25
0 0 42.25
0 0 -169
0 0 42.25
0 0 42.25
0 0 42.25
0 0 42.25
0 0 -169
0 0 42.25
0 0 42.25
0 0 42.25
0 0 42.25
0 0 -169
0 0 42.25
0 0 42.25
0 0 42.25
0 0 42.25
0 0 -169
0 0 42.25
0 0 42.25
0 0 42.25
0 0 42.25
0 0 -169
0 0 42.25
0 0 42.25
0 0 42.25
0 0 42.25
0 0 -169
0 0 42.25
0 0 42.25
0 0 42.25
0 0 42.25
0 0 -169
0 0 42.25
0 0 42.25
0 0 42.25
0 0 42.25
0 0 -169
0 0 42.25
0 0 42.25
0 0 42.25
0 0 42.25
0 0 -169
0 0 42.25
0 0 42.25
0 0 42.25
0 0 42.25
0 0 -169
0 0 42.25
0 0 42.25
0 0 42.25
0 0 42.25
0 0 -169
0 0 42.25
0 0 42.25
0 0 42.25
0 0 42.25
0 0 -169
0 0 42.25
0 0 42.25
0 0 42.25
0 0 42.25
0 0 -169
0 0 42.25
0 0 42.25
0 0 42.25
0 0 42.25
0 0 -169
0 0 42.25
0 0 42.25
0 0 42.25
0 0 42.25
0 0 -169
0 0 42.25
0 0 42.25
0 0 42.25
0 0 42.25
0 0 -169
0 0 42.25
0 0 42.25
0 0 42.25
0 0 42.25
0 0 -169
0 0 42.25
0 0 42.25
0 0 42.25
0 0 42.25
0 0 -169
0 0 42.25
0 0 42.25
0 0 42.25
0 0 42.25
0 0 -169
0 0 42.25
0 0 42.25
0 0 42.25
0 0 42.25
0 0 -169
0 0 42.25
0 0 42.25
0 0 42.25
0 0 42.25
0 0 -169
0 0 42.25
0 0 42.25
0 0 42.25
0 0 42.25
0 0 -169
0 0 42.25
0 0 42.25
0 0 42.25
0 0 42.25
0 0 -169
0 0 42.25
0 0 42.25
0 0 42.25
0 0 42.25
0 0 -169
0 0 42.25
0 0 42.25
0 0 42.25
0 0 42.25
0 0 -169
0 0 42.25
0 0 42.25
0 0 42.25
0 0 42.25
0 0 -169
0 0 42.25
0 0 42.25
0 0 42.25
0 0 42.25
0 0 -169
0 0 42.25
0 0 42.25
0 0 42.25
0 0 42.25
0 0 -169
0 0 42.25
0 0 42.25
0 0 42.25
0 0 42.25
0 0 -169
0 0 42.25
0 0 42.25
0 0 42.25
0 0 42.25
0 0 -169
0 0 42.25
0 0 42.25
0 0 42.25
0 0 42.25
0 0 -169
0 0 42.25
0 0 42.25
0 0 42.25
0 0 42.25
0 0 -169
0 0 42.25
0 0 42.25
0 0 42.25
0 0 42.25
0 0 -169
0 0 42.25
0 0 42.25
0 0 42.25
0 0 42.25
0 0 -169
0 0 42.25
0 0 42.25
0 0 42.25
0 0 42.25
0 0 -169
0 0 42.25
0 0 42.25
0 0 42.25
0 0 42.25
0 0 -169
0 0 42.25
0 0 42.25
0 0 42.25
0 0 42.25
0 0 -169
0 0 42.25
0 0 42.25
0 0 42.25
0 0 42.25
0 0 -169
0 0 42.25
0 0 42.25
0 0 42.25
0 0 42.25
0 0 -169
0 0 42.25
0 0 42.25
0 0 42.25
0 0 42.25
0 0 -169
0 0 42.25
0 0 42.25
0 0 42.25
0 0 42.25
0 0 -169
0 0 42.25
0 0 42.25
0 0 42.25
0 0 42.25
0 0 -169
0 0 42.25
0 0 42.25
0 0 42.25
0 0 42.25
0 0 -169
0 0 42.25
0 0 42.25
0 0 42.25
0 0 42.25
0 0 -169
0 0 42.25
0 0 42.25
0 0 42.25
0 0 42.25
0 0 -169
0 0 42.25
0 0 42.25
0 0 42.25
0 0 42.25
0 0 -169
0 0 42.25
0 0 42.25
0 0 42.25
0 0 42.25
0 0 -169
0 0 42.25
0 0 42.25
0 0 42.25
0 0 42.25
0 0 -169
0 0 42.25
0 0 42.25
0 0 42.25
0 0 42.25
0 0 -169
0 0 42.25
0 0 42.25
0 0 42.25
0 0 42.25
0 0 -169
0 0 42.25
0 0 42.25
0 0 42.25
0 0 42.25
0 0 -169
0 0 42.25
0 0 42.25
0 0 42.25
0 0 42.25
0 0 -169
0 0 42.25
0 0 42.25
0 0 42.25
0 0 42.25
0 0 -169
0 0 42.25
0 0 42.25
0 0 42.25
0 0 -169
0 0 42.25
0 0 42.25
0 0 42.25
0 0 -169
0 0 42.25
0 0 42.25
0 0 42.25
0 0 42.25
0 0 -169
0 0 42.25
0 0 42.25
0 0 42.25
0 0 42.25
0 0 -169
0 0 42.25
0 0 42.25
0 0 42.25
0 0 42.25
0 0 -169
0 0 42.25
0 0 42.25
0 0 42.25
0 0 42.25
0 0 -169
0 0 42.25
0 0 42.25
0 0 42.25
0 0 42.25
0 0 -169
0 0 42.25
0 0 42.25
0 0 42.25
0 0 42.25
0 0 -169
0 0 42.25
0 0 42.25
0 0 42.25
0 0 42.25
0 0 -169
0 0 42.25
0 0 42.25
0 0 42.25
0 0 42.25
0 0 -169
0 0 42.25
0 0 42.25
0 0 42.25
0 0 42.25
0 0 -169
0 0 42.25
0 0 42.25
0 0 42.25
0 0 42.25
0 0 -169
0 0 42.25
0 0 42.25
0 0 42.25
0 0 42.25
0 0 -169
0 0 42.25
0 0 42.25
0 0 42.25
0 0 42.25
0 0 -169
0 0 42.25
0 0 42.25
0 0 42.25
0 0 42.25
0 0 -169
0 0 42.25
0 0 42.25
0 0 42.25
0 0 42.25
0 0 -169
0 0 42.25
0 0 42.25
0 0 42.25
0 0 42.25
0 0 -169
0 0 42.25
0 0 42.25
0 0 42.25
0 0 42.25
0 0 -169
0 0 42.25
0 0 42.25
0 0 42.25
0 0 42.25
0 0 -169
0 0 42.25
0 0 42.25
0 0 42.25
0 0 42.25
0 0 -169
0 0 42.25
0 0 42.25
0 0 42.25
0 0 42.25
0 0 -169
0 0 42.25
0 0 42.25
0 0 42.25
0 0 42.25
0 0 -169
0 0 42.25
0 0 42.25
0 0 42.25
0 0 42.25
0 0 -169
0 0 42.25
0 0 42.25
0 0 42.25
0 0 42.25
0 0 -169
0 0 42.25
0 0 42.25
0 0 42.25
0 0 42.25
0 0 -169
0 0 42.25
0 0 42.25
0 0 42.25
0 0 42.25
0 0 -169
0 0 42.25
0 0 42.25
0 0 42.25
0 0 42.25
0 0 -169
0 0 42.25
0 0 42.25
0 0 42.25
0 0 42.25
0 0 -169
0 0 42.25
0 0 42.25
0 0 42.25
0 0 42.25
0 0 -169
0 0 42.25
0 0 42.25
0 0 42.25
0 0 42.25
0 0 -169
0 0 42.25
0 0 42.25
0 0 42.25
0 0 42.25
0 0 -169
0 0 42.25
0 0 42.25
0 0 42.25
0 0 42.25
0 0 -169
0 0 42.25
0 0 42.25
0 0 42.25
0 0 42.25
0 0 -169
0 0 42.25
0 0 42.25
0 0 42.25
0 0 42.25
0 0 -169
0 0 42.25
0 0 42.25
0 0 42.25
0 0 42.25
0 0 -169
0 0 42.25
0 0 42.25
0 0 42.25
0 0 42.25
0 0 -169
0 0 42.25
0 0 42.25
0 0 42.25
0 0 42.25
0 0 -169
0 0 42.25
0 0 42.25
0 0 42.25
0 0 42.25
0 0 -169
0 0 42.25
0 0 42.25
0 0 42.25
0 0 42.25
0 0 -169
0 0 42.25
0 0 42.25
0 0 42.25
0 0 42.25
0 0 -169
0 0 42.25
0 0 42.25
0 0 42.25
0 0 42.25
0 0 -169
0 0 42.25
0 0 42.25
0 0 42.25
0 0 42.25
0 0 -169
0 0 42.25
0 0 42.25
0 0 42.25
0 0 42.25
0 0 -169
0 0 42.25
0 0 42.25
0 0 42.25
0 0 42.25
0 0 -169
0 0 42.25
0 0 42.25
0 0 42.25
0 0 42.25
0 0 -169
0 0 42.25
0 0 42.25
0 0 42.25
0 0 42.25
0 0 -169
0 0 42.25
0 0 42.25
0 0 42.25
0 0 42.25
0 0 -169
0 0 42.25
0 0 42.25
0 0 42.25
0 0 42.25
0 0 -169
0 0 42.25
0 0 42.25
0 0 42.25
0 0 42.25
0 0 -169
0 0 42.25
0 0 42.25
0 0 42.25
0 0 42.25
0 0 -169
0 0 42.25
0 0 42.25
0 0 42.25
0 0 42.25
0 0 -169
0 0 42.25
0 0 42.25
0 0 42.25
0 0 42.25
0 0 -169
0 0 42.25
0 0 42.25
0 0 42.25
0 0 42.25
0 0 -169
0 0 42.25
0 0 42.25
0 0 42.25
0 0 42.25
0 0 -169
0 0 42.25
0 0 42.25
0 0 42.25
0 0 42.25
0 0 -169
0 0 42.25
0 0 42.25
0 0 42.25
0 0 42.25
0 0 -169
0 0 42.25
0 0 42.25
0 0 42.25
0 0 42.25
0 0 -169
0 0 42.25
0 0 42.25
0 0 42.25
0 0 42.25
0 0 -169
0 0 42.25
0 0 42.25
0 0 42.25
0 0 42.25
0 0 -169
0 0 42.25
0 0 42.25
0 0 42.25
0 0 42.25
0 0 -169
0 0 42.25
0 0 42.25
0 0 42.25
0 0 42.25
0 0 -169
0 0 42.25
0 0 42.25
0 0 42.25
0 0 42.25
0 0 -169
0 0 42.25
0 0 42.25
0 0 42.25
0 0 42.25
0 0 -169
0 0 42.25
0 0 42.25
0 0 42.25
0 0 42.25
0 0 -169
0 0 42.25
0 0 42.25
0 0 42.25
0 0 -169
0 0 42.25
0 0 42.25
0 0 42.25
0 0 -169
0 0 42.25
0 0 42.25
0 0 42.25
0 0 42.25
0 0 -169
0 0 42.25
0 0 42.25
0 0 42.25
0 0 42.25
0 0 -169
0 0 42.25
0 0 42.25
0 0 42.25
0 0 42.25
0 0 -169
0 0 42.25
0 0 42.25
0 0 42.25
0 0 42.25
0 0 -169
0 0 42.25
0 0 42.25
0 0 42.25
0 0 42.25
0 0 -169
0 0 42.25
0 0 42.25
0 0 42.25
0 0 42.25
0 0 -169
0 0 42.25
0 0 42.25
0 0 42.25
0 0 42.25
0 0 -169
0 0 42.25
0 0 42.25
0 0 42.25
0 0 42.25
0 0 -169
0 0 42.25
0 0 42.25
0 0 42.25
0 0 42.25
0 0 -169
0 0 42.25
0 0 42.25
0 0 42.25
0 0 42.25
0 0 -169
0 0 42.25
0 0 42.25
0 0 42.25
0 0 42.25
0 0 -169
0 0 42.25
0 0 42.25
0 0 42.25
0 0 42.25
0 0 -169
0 0 42.25
0 0 42.25
0 0 42.25
0 0 42.25
0 0 -169
0 0 42.25
0 0 42.25
0 0 42.25
0 0 42.25
0 0 -169
0 0 42.25
0 0 42.25
0 0 42.25
0 0 42.25
0 0 -169
0 0 42.25
0 0 42.25
0 0 42.25
0 0 42.25
0 0 -169
0 0 42.25
0 0 42.25
0 0 42.25
0 0 42.25
0 0 -169
0 0 42.25
0 0 42.25
0 0 42.25
0 0 42.25
0 0 -169
0 0 42.25
0 0 42.25
0 0 42.25
0 0 42.25
0 0 -169
0 0 42.25
0 0 42.25
0 0 42.25
0 0 42.25
0 0 -169
0 0 42.25
0 0 42.25
0 0 42.25
0 0 42.25
0 0 -169
0 0 42.25
0 0 42.25
0 0 42.25
0 0 42.25
0 0 -169
0 0 42.25
0 0 42.25
0 0 42.25
0 0 42.25
0 0 -169
0 0 42.25
0 0 42.25
0 0 42.25
0 0 42.25
0 0 -169
0 0 42.25
0 0 42.25
0 0 42.25
0 0 42.25
0 0 -169
0 0 42.25
0 0 42.25
0 0 42.25
0 0 42.25
0 0 -169
0 0 42.25
0 0 42.25
0 0 42.25
0 0 42.25
0 0 -169
0 0 42.25
0 0 42.25
0 0 42.25
0 0 42.25
0 0 -169
0 0 42.25
0 0 42.25
0 0 42.25
0 0 42.25
0 0 -169
0 0 42.25
0 0 42.25
0 0 42.25
0 0 42.25
0 0 -169
0 0 42.25
0 0 42.25
0 0 42.25
0 0 42.25
0 0 -169
0 0 42.25
0 0 42.25
0 0 42.25
0 0 42.25
0 0 -169
0 0 42.25
0 0 42.25
0 0 42.25
0 0 42.25
0 0 -169
0 0 42.25
0 0 42.25
0 0 42.25
0 0 42.25
0 0 -169
0 0 42.25
0 0 42.25
0 0 42.25
0 0 42.25
0 0 -169
0 0 42.25
0 0 42.25
0 0 42.25
0 0 42.25
0 0 -169
0 0 42.25
0 0 42.25
0 0 42.25
0 0 42.25
0 0 -169
0 0 42.25
0 0 42.25
0 0 42.25
0 0 42.25
0 0 -169
0 0 42.25
0 0 42.25
0 0 42.25
0 0 42.25
0 0 -169
0 0 42.25
0 0 42.25
0 0 42.25
0 0 42.25
0 0 -169
0 0 42.25
0 0 42.25
0 0 42.25
0 0 42.25
0 0 -169
0 0 42.25
0 0 42.25
0 0 42.25
0 0 42.25
0 0 -169
0 0 42.25
0 0 42.25
0 0 42.25
0 0 42.25
0 0 -169
0 0 42.25
0 0 42.25
0 0 42.25
0 0 42.25
0 0 -169
0 0 42.25
0 0 42.25
0 0 42.25
0 0 42.25
0 0 -169
0 0 42.25
0 0 42.25
0 0 42.25
0 0 42.25
0 0 -169
0 0 42.25
0 0 42.25
0 0 42.25
0 0 42.25
0 0 -169
0 0 42.25
0 0 42.25
0 0 42.25
0 0 42.25
0 0 -169
0 0 42.25
0 0 42.25
0 0 42.25
0 0 42.25
0 0 -169
0 0 42.25
0 0 42.25
0 0 42.25
0 0 42.25
0 0 -169
0 0 42.25
0 0 42.25
0 0 42.25
0 0 42.25
0 0 -169
0 0 42.25
0 0 42.25
0 0 42.25
0 0 42.25
0 0 -169
0 0 42.25
0 0 42.25
0 0 42.25
0 0 42.25
0 0 -169
0 0 42.25
0 0 42.25
0 0 42.25
0 0 42.25
0 0 -169
0 0 42.25
0 0 42.25
0 0 42.25
0 0 42.25
0 0 -169
0 0 42.25
0 0 42.25
0 0 42.25
0 0 42.25
0 0 -169
0 0 42.25
0 0 42.25
0 0 42.25
0 0 42.25
0 0 -169
0 0 42.25
0 0 42.25
0 0 42.25
0 0 42.25
0 0 -169
0 0 42.25
0 0 42.25
0 0 42.25
0 0 42.25
0 0 -169
0 0 42.25
0 0 42.25
0 0 42.25
0 0 42.25
0 0 -169
0 0 42.25
0 0 42.25
0 0 42.25
0 0 42.25
0 0 -169
0 0 42.25
0 0 42.25
0 0 42.25
0 0 42.25
0 0 -169
0 0 42.25
0 0 42.25
0 0 42.25
0 0 -169
0 0 42.25
0 0 42.25
0 0 42.25
0 0 -169
0 0 42.25
0 0 42.25
0 0 42.25
0 0 42.25
0 0 -169
0 0 42.25
0 0 42.25
0 0 42.25
0 0 42.25
0 0 -169
0 0 42.25
0 0 42.25
0 0 42.25
0 0 42.25
0 0 -169
0 0 42.25
0 0 42.25
0 0 42.25
0 0 42.25
0 0 -169
0 0 42.25
0 0 42.25
0 0 42.25
0 0 42.25
0 0 -169
0 0 42.25
0 0 42.25
0 0 42.25
0 0 42.25
0 0 -169
0 0 42.25
0 0 42.25
0 0 42.25
0 0 42.25
0 0 -169
0 0 42.25
0 0 42.25
0 0 42.25
0 0 42.25
0 0 -169
0 0 42.25
0 0 42.25
0 0 42.25
0 0 42.25
0 0 -169
0 0 42.25
0 0 42.25
0 0 42.25
0 0 42.25
0 0 -169
0 0 42.25
0 0 42.25
0 0 42.25
0 0 42.25
0 0 -169
0 0 42.25
0 0 42.25
0 0 42.25
0 0 42.25
0 0 -169
0 0 42.25
0 0 42.25
0 0 42.25
0 0 42.25
0 0 -169
0 0 42.25
0 0 42.25
0 0 42.25
0 0 42.25
0 0 -169
0 0 42.25
0 0 42.25
0 0 42.25
0 0 42.25
0 0 -169
0 0 42.25
0 0 42.25
0 0 42.25
0 0 42.25
0 0 -169
0 0 42.25
0 0 42.25
0 0 42.25
0 0 42.25
0 0 -169
0 0 42.25
0 0 42.25
0 0 42.25
0 0 42.25
0 0 -169
0 0 42.25
0 0 42.25
0 0 42.25
0 0 42.25
0 0 -169
0 0 42.25
0 0 42.25
0 0 42.25
0 0 42.25
0 0 -169
0 0 42.25
0 0 42.25
0 0 42.25
0 0 42.25
0 0 -169
0 0 42.25
0 0 42.25
0 0 42.25
0 0 42.25
0 0 -169
0 0 42.25
0 0 42.25
0 0 42.25
0 0 42.25
0 0 -169
0 0 42.25
0 0 42.25
0 0 42.25
0 0 42.25
0 0 -169
0 0 42.25
0 0 42.25
0 0 42.25
0 0 42.25
0 0 -169
0 0 42.25
0 0 42.25
0 0 42.25
0 0 42.25
0 0 -169
0 0 42.25
0 0 42.25
0 0 42.25
0 0 42.25
0 0 -169
0 0 42.25
0 0 42.25
0 0 42.25
0 0 42.25
0 0 -169
0 0 42.25
0 0 42.25
0 0 42.25
0 0 42.25
0 0 -169
0 0 42.25
0 0 42.25
0 0 42.25
0 0 42.25
0 0 -169
0 0 42.25
0 0 42.25
0 0 42.25
0 0 42.25
0 0 -169
0 0 42.25
0 0 42.25
0 0 42.25
0 0 42.25
0 0 -169
0 0 42.25
0 0 42.25
0 0 42.25
0 0 42.25
0 0 -169
0 0 42.25
0 0 42.25
0 0 42.25
0 0 42.25
0 0 -169
0 0 42.25
0 0 42.25
0 0 42.25
0 0 42.25
0 0 -169
0 0 42.25
0 0 42.25
0 0 42.25
0 0 42.25
0 0 -169
0 0 42.25
0 0 42.25
0 0 42.25
0 0 42.25
0 0 -169
0 0 42.25
0 0 42.25
0 0 42.25
0 0 42.25
0 0 -169
0 0 42.25
0 0 42.25
0 0 42.25
0 0 42.25
0 0 -169
0 0 42.25
0 0 42.25
0 0 42.25
0 0 42.25
0 0 -169
0 0 42.25
0 0 42.25
0 0 42.25
0 0 42.25
0 0 -169
0 0 42.25
0 0 42.25
0 0 42.25
0 0 42.25
0 0 -169
0 0 42.25
0 0 42.25
0 0 42.25
0 0 42.25
0 0 -169
0 0 42.25
0 0 42.25
0 0 42.25
0 0 42.25
0 0 -169
0 0 42.25
0 0 42.25
0 0 42.25
0 0 42.25
0 0 -169
0 0 42.25
0 0 42.25
0 0 42.25
0 0 42.25
0 0 -169
0 0 42.25
0 0 42.25
0 0 42.25
0 0 42.25
0 0 -169
0 0 42.25
0 0 42.25
0 0 42.25
0 0 42.25
0 0 -169
0 0 42.25
0 0 42.25
0 0 42.25
0 0 42.25
0 0 -169
0 0 42.25
0 0 42.25
0 0 42.25
0 0 42.25
0 0 -169
0 0 42.25
0 0 42.25
0 0 42.25
0 0 42.25
0 0 -169
0 0 42.25
0 0 42.25
0 0 42.25
0 0 42.25
0 0 -169
0 0 42.25
0 0 42.25
0 0 42.25
0 0 42.25
0 0 -169
0 0 42.25
0 0 42.25
0 0 42.25
0 0 42.25
0 0 -169
0 0 42.25
0 0 42.25
0 0 42.25
0 0 42.25
0 0 -169
0 0 42.25
0 0 42.25
0 0 42.25
0 0 42.25
0 0 -169
0 0 42.25
0 0 42.25
0 0 42.25
0 0 42.25
0 0 -169
0 0 42.25
0 0 42.25
0 0 42.25
0 0 42.25
0 0 -169
0 0 42.25
0 0 42.25
0 0 42.25
0 0 42.25
0 0 -169
0 0 42.25
0 0 42.25
0 0 42.25
0 0 42.25
0 0 -169
0 0 42.25
0 0 42.25
0 0 42.25
0 0 42.25
0 0 -169
0 0 42.25
0 0 42.25
0 0 42.25
0 0 42.25
0 0 -169
0 0 42.25
0 0 42.25
0 0 42.25
0 0 -169
0 0 42.25
0 0 42.25
0 0 42.25
0 0 -169
0 0 42.25
0 0 42.25
0 0 42.25
0 0 42.25
0 0 -169
0 0 42.25
0 0 42.25
0 0 42.25
0 0 42.25
0 0 -169
0 0 42.25
0 0 42.25
0 0 42.25
0 0 42.25
0 0 -169
0 0 42.25
0 0 42.25
0 0 42.25
0 0 42.25
0 0 -169
0 0 42.25
0 0 42.25
0 0 42.25
0 0 42.25
0 0 -169
0 0 42.25
0 0 42.25
0 0 42.25
0 0 42.25
0 0 -169
0 0 42.25
0 0 42.25
0 0 42.25
0 0 42.25
0 0 -169
0 0 42.25
0 0 42.25
0 0 42.25
0 0 42.25
0 0 -169
0 0 42.25
0 0 42.25
0 0 42.25
0 0 42.25
0 0 -169
0 0 42.25
0 0 42.25
0 0 42.25
0 0 42.25
0 0 -169
0 0 42.25
0 0 42.25
0 0 42.25
0 0 42.25
0 0 -169
0 0 42.25
0 0 42.25
0 0 42.25
0 0 42.25
0 0 -169
0 0 42.25
0 0 42.25
0 0 42.25
0 0 42.25
0 0 -169
0 0 42.25
0 0 42.25
0 0 42.25
0 0 42.25
0 0 -169
0 0 42.25
0 0 42.25
0 0 42.25
0 0 42.25
0 0 -169
0 0 42.25
0 0 42.25
0 0 42.25
0 0 42.25
0 0 -169
0 0 42.25
0 0 42.25
0 0 42.25
0 0 42.25
0 0 -169
0 0 42.25
0 0 42.25
0 0 42.25
0 0 42.25
0 0 -169
0 0 42.25
0 0 42.25
0 0 42.25
0 0 42.25
0 0 -169
0 0 42.25
0 0 42.25
0 0 42.25
0 0 42.25
0 0 -169
0 0 42.25
0 0 42.25
0 0 42.25
0 0 42.25
0 0 -169
0 0 42.25
0 0 42.25
0 0 42.25
0 0 42.25
0 0 -169
0 0 42.25
0 0 42.25
0 0 42.25
0 0 42.25
0 0 -169
0 0 42.25
0 0 42.25
0 0 42.25
0 0 42.25
0 0 -169
0 0 42.25
0 0 42.25
0 0 42.25
0 0 42.25
0 0 -169
0 0 42.25
0 0 42.25
0 0 42.25
0 0 42.25
0 0 -169
0 0 42.25
0 0 42.25
0 0 42.25
0 0 42.25
0 0 -169
0 0 42.25
0 0 42.25
0 0 42.25
0 0 42.25
0 0 -169
0 0 42.25
0 0 42.25
0 0 42.25
0 0 42.25
0 0 -169
0 0 42.25
0 0 42.25
0 0 42.25
0 0 42.25
0 0 -169
0 0 42.25
0 0 42.25
0 0 42.25
0 0 42.25
0 0 -169
0 0 42.25
0 0 42.25
0 0 42.25
0 0 42.25
0 0 -169
0 0 42.25
0 0 42.25
0 0 42.25
0 0 42.25
0 0 -169
0 0 42.25
0 0 42.25
0 0 42.25
0 0 42.25
0 0 -169
0 0 42.25
0 0 42.25
0 0 42.25
0 0 42.25
0 0 -169
0 0 42.25
0 0 42.25
0 0 42.25
0 0 42.25
0 0 -169
0 0 42.25
0 0 42.25
0 0 42.25
0 0 42.25
0 0 -169
0 0 42.25
0 0 42.25
0 0 42.25
0 0 42.25
0 0 -169
0 0 42.25
0 0 42.25
0 0 42.25
0 0 42.25
0 0 -169
0 0 42.25
0 0 42.25
0 0 42.25
0 0 42.25
0 0 -169
0 0 42.25
0 0 42.25
0 0 42.25
0 0 42.25
0 0 -169
0 0 42.25
0 0 42.25
0 0 42.25
0 0 42.25
0 0 -169
0 0 42.25
0 0 42.25
0 0 42.25
0 0 42.25
0 0 -169
0 0 42.25
0 0 42.25
0 0 42.25
0 0 42.25
0 0 -169
0 0 42.25
0 0 42.25
0 0 42.25
0 0 42.25
0 0 -169
0 0 42.25
0 0 42.25
0 0 42.25
0 0 42.25
0 0 -169
0 0 42.25
0 0 42.25
0 0 42.25
0 0 42.25
0 0 -169
0 0 42.25
0 0 42.25
0 0 42.25
0 0 42.25
0 0 -169
0 0 42.25
0 0 42.25
0 0 42.25
0 0 42.25
0 0 -169
0 0 42.25
0 0 42.25
0 0 42.25
0 0 42.25
0 0 -169
0 0 42.25
0 0 42.25
0 0 42.25
0 0 42.25
0 0 -169
0 0 42.25
0 0 42.25
0 0 42.25
0 0 42.25
0 0 -169
0 0 42.25
0 0 42.25
0 0 42.25
0 0 42.25
0 0 -169
0 0 42.25
0 0 42.25
0 0 42.25
0 0 42.25
0 0 -169
0 0 42.25
0 0 42.25
0 0 42.25
0 0 42.25
0 0 -169
0 0 42.25
0 0 42.25
0 0 42.25
0 0 42.25
0 0 -169
0 0 42.25
0 0 42.25
0 0 42.25
0 0 42.25
0 0 -169
0 0 42.25
0 0 42.25
0 0 42.25
0 0 42.25
0 0 -169
0 0 42.25
0 0 42.25
0 0 42.25
0 0 42.25
0 0 -169
0 0 42.25
0 0 42.25
0 0 42.25
0 0 42.25
0 0 -169
0 0 42.25
0 0 42.25
0 0 42.25
0 0 42.25
0 0 -169
0 0 42.25
0 0 42.25
0 0 42.25
0 0 42.25
0 0 -169
0 0 42.25
0 0 42.25
0 0 42.25
0 0 -169
0 0 42.25
0 0 42.25
0 0 42.25
0 0 -169
0 0 42.25
0 0 42.25
0 0 42.25
0 0 42.25
0 0 -169
0 0 42.25
0 0 42.25
0 0 42.25
0 0 42.25
0 0 -169
0 0 42.25
0 0 42.25
0 0 42.25
0 0 42.25
0 0 -169
0 0 42.25
0 0 42.25
0 0 42.25
0 0 42.25
0 0 -169
0 0 42.25
0 0 42.25
0 0 42.25
0 0 42.25
0 0 -169
0 0 42.25
0 0 42.25
0 0 42.25
0 0 42.25
0 0 -169
0 0 42.25
0 0 42.25
0 0 42.25
0 0 42.25
0 0 -169
0 0 42.25
0 0 42.25
0 0 42.25
0 0 42.25
0 0 -169
0 0 42.25
0 0 42.25
0 0 42.25
0 0 42.25
0 0 -169
0 0 42.25
0 0 42.25
0 0 42.25
0 0 42.25
0 0 -169
0 0 42.25
0 0 42.25
0 0 42.25
0 0 42.25
0 0 -169
0 0 42.25
0 0 42.25
0 0 42.25
0 0 42.25
0 0 -169
0 0 42.25
0 0 42.25
0 0 42.25
0 0 42.25
0 0 -169
0 0 42.25
0 0 42.25
0 0 42.25
0 0 42.25
0 0 -169
0 0 42.25
0 0 42.25
0 0 42.25
0 0 42.25
0 0 -169
0 0 42.25
0 0 42.25
0 0 42.25
0 0 42.25
0 0 -169
0 0 42.25
0 0 42.25
0 0 42.25
0 0 42.25
0 0 -169
0 0 42.25
0 0 42.25
0 0 42.25
0 0 42.25
0 0 -169
0 0 42.25
0 0 42.25
0 0 42.25
0 0 42.25
0 0 -169
0 0 42.25
0 0 42.25
0 0 42.25
0 0 42.25
0 0 -169
0 0 42.25
0 0 42.25
0 0 42.25
0 0 42.25
0 0 -169
0 0 42.25
0 0 42.25
0 0 42.25
0 0 42.25
0 0 -169
0 0 42.25
0 0 42.25
0 0 42.25
0 0 42.25
0 0 -169
0 0 42.25
0 0 42.25
0 0 42.25
0 0 42.25
0 0 -169
0 0 42.25
0 0 42.25
0 0 42.25
0 0 42.25
0 0 -169
0 0 42.25
0 0 42.25
0 0 42.25
0 0 42.25
0 0 -169
0 0 42.25
0 0 42.25
0 0 42.25
0 0 42.25
0 0 -169
0 0 42.25
0 0 42.25
0 0 42.25
0 0 42.25
0 0 -169
0 0 42.25
0 0 42.25
0 0 42.25
0 0 42.25
0 0 -169
0 0 42.25
0 0 42.25
0 0 42.25
0 0 42.25
0 0 -169
0 0 42.25
0 0 42.25
0 0 42.25
0 0 42.25
0 0 -169
0 0 42.25
0 0 42.25
0 0 42.25
0 0 42.25
0 0 -169
0 0 42.25
0 0 42.25
0 0 42.25
0 0 42.25
0 0 -169
0 0 42.25
0 0 42.25
0 0 42.25
0 0 42.25
0 0 -169
0 0 42.25
0 0 42.25
0 0 42.25
0 0 42.25
0 0 -169
0 0 42.25
0 0 42.25
0 0 42.25
0 0 42.25
0 0 -169
0 0 42.25
0 0 42.25
0 0 42.25
0 0 42.25
0 0 -169
0 0 42.25
0 0 42.25
0 0 42.25
0 0 42.25
0 0 -169
0 0 42.25
0 0 42.25
0 0 42.25
0 0 42.25
0 0 -169
0 0 42.25
0 0 42.25
0 0 42.25
0 0 42.25
0 0 -169
0 0 42.25
0 0 42.25
0 0 42.25
0 0 42.25
0 0 -169
0 0 42.25
0 0 42.25
0 0 42.25
0 0 42.25
0 0 -169
0 0 42.25
0 0 42.25
0 0 42.25
0 0 42.25
0 0 -169
0 0 42.25
0 0 42.25
0 0 42.25
0 0 42.25
0 0 -169
0 0 42.25
0 0 42.25
0 0 42.25
0 0 42.25
0 0 -169
0 0 42.25
0 0 42.25
0 0 42.25
0 0 42.25
0 0 -169
0 0 42.25
0 0 42.25
0 0 42.25
0 0 42.25
0 0 -169
0 0 42.25
0 0 42.25
0 0 42.25
0 0 42.25
0 0 -169
0 0 42.25
0 0 42.25
0 0 42.25
0 0 42.25
0 0 -169
0 0 42.25
0 0 42.25
0 0 42.25
0 0 42.25
0 0 -169
0 0 42.25
0 0 42.25
0 0 42.25
0 0 42.25
0 0 -169
0 0 42.25
0 0 42.25
0 0 42.25
0 0 42.25
0 0 -169
0 0 42.25
0 0 42.25
0 0 42.25
0 0 42.25
0 0 -169
0 0 42.25
0 0 42.25
0 0 42.25
0 0 42.25
0 0 -169
0 0 42.25
0 0 42.25
0 0 42.25
0 0 42.25
0 0 -169
0 0 42.25
0 0 42.25
0 0 42.25
0 0 42.25
0 0 -169
0 0 42.25
0 0 42.25
0 0 42.25
0 0 42.25
0 0 -169
0 0 42.25
0 0 42.25
0 0 42.25
0 0 42.25
0 0 -169
0 0 42.25
0 0 42.25
0 0 42.25
0 0 42.25
0 0 -169
0 0 42.25
0 0 42.25
0 0 42.25
0 0 42.25
0 0 -169
0 0 42.25
0 0 42.25
0 0 42.25
0 0 42.25
0 0 -169
0 0 42.25
0 0 42.25
0 0 42.25
0 0 42.25
0 0 -169
0 0 42.25
0 0 42.25
0 0 42.25
0 0 -169
0 0 42.25
0 0 42.25
0 0 42.25
0 0 -169
0 0 42.25
0 0 42.25
0 0 42.25
0 0 42.25
0 0 -169
0 0 42.25
0 0 42.25
0 0 42.25
0 0 42.25
0 0 -169
0 0 42.25
0 0 42.25
0 0 42.25
0 0 42.25
0 0 -169
0 0 42.25
0 0 42.25
0 0 42.25
0 0 42.25
0 0 -169
0 0 42.25
0 0 42.25
0 0 42.25
0 0 42.25
0 0 -169
0 0 42.25
0 0 42.25
0 0 42.25
0 0 42.25
0 0 -169
0 0 42.25
0 0 42.25
0 0 42.25
0 0 42.25
0 0 -169
0 0 42.25
0 0 42.25
0 0 42.25
0 0 42.25
0 0 -169
0 0 42.25
0 0 42.25
0 0 42.25
0 0 42.25
0 0 -169
0 0 42.25
0 0 42.25
0 0 42.25
0 0 42.25
0 0 -169
0 0 42.25
0 0 42.25
0 0 42.25
0 0 42.25
0 0 -169
0 0 42.25
0 0 42.25
0 0 42.25
0 0 42.25
0 0 -169
0 0 42.25
0 0 42.25
0 0 42.25
0 0 42.25
0 0 -169
0 0 42.25
0 0 42.25
0 0 42.25
0 0 42.25
0 0 -169
0 0 42.25
0 0 42.25
0 0 42.25
0 0 42.25
0 0 -169
0 0 42.25
0 0 42.25
0 0 42.25
0 0 42.25
0 0 -169
0 0 42.25
0 0 42.25
0 0 42.25
0 0 42.25
0 0 -169
0 0 42.25
0 0 42.25
0 0 42.25
0 0 42.25
0 0 -169
0 0 42.25
0 0 42.25
0 0 42.25
0 0 42.25
0 0 -169
0 0 42.25
0 0 42.25
0 0 42.25
0 0 42.25
0 0 -169
0 0 42.25
0 0 42.25
0 0 42.25
0 0 42.25
0 0 -169
0 0 42.25
0 0 42.25
0 0 42.25
0 0 42.25
0 0 -169
0 0 42.25
0 0 42.25
0 0 42.25
0 0 42.25
0 0 -169
0 0 42.25
0 0 42.25
0 0 42.25
0 0 42.25
0 0 -169
0 0 42.25
0 0 42.25
0 0 42.25
0 0 42.25
0 0 -169
0 0 42.25
0 0 42.25
0 0 42.25
0 0 42.25
0 0 -169
0 0 42.25
0 0 42.25
0 0 42.25
0 0 42.25
0 0 -169
0 0 42.25
0 0 42.25
0 0 42.25
0 0 42.25
0 0 -169
0 0 42.25
0 0 42.25
0 0 42.25
0 0 42.25
0 0 -169
0 0 42.25
0 0 42.25
0 0 42.25
0 0 42.25
0 0 -169
0 0 42.25
0 0 42.25
0 0 42.25
0 0 42.25
0 0 -169
0 0 42.25
0 0 42.25
0 0 42.25
0 0 42.25
0 0 -169
0 0 42.25
0 0 42.25
0 0 42.25
0 0 42.25
0 0 -169
0 0 42.25
0 0 42.25
0 0 42.25
0 0 42.25
0 0 -169
0 0 42.25
0 0 42.25
0 0 42.25
0 0 42.25
0 0 -169
0 0 42.25
0 0 42.25
0 0 42.25
0 0 42.25
0 0 -169
0 0 42.25
0 0 42.25
0 0 42.25
0 0 42.25
0 0 -169
0 0 42.25
0 0 42.25
0 0 42.25
0 0 42.25
0 0 -169
0 0 42.25
0 0 42.25
0 0 42.25
0 0 42.25
0 0 -169
0 0 42.25
0 0 42.25
0 0 42.25
0 0 42.25
0 0 -169
0 0 42.25
0 0 42.25
0 0 42.25
0 0 42.25
0 0 -169
0 0 42.25
0 0 42.25
0 0 42.25
0 0 42.25
0 0 -169
0 0 42.25
0 0 42.25
0 0 42.25
0 0 42.25
0 0 -169
0 0 42.25
0 0 42.25
0 0 42.25
0 0 42.25
0 0 -169
0 0 42.25
0 0 42.25
0 0 42.25
0 0 42.25
0 0 -169
0 0 42.25
0 0 42.25
0 0 42.25
0 0 42.25
0 0 -169
0 0 42.25
0 0 42.25
0 0 42.25
0 0 42.25
0 0 -169
0 0 42.25
0 0 42.25
0 0 42.25
0 0 42.25
0 0 -169
0 0 42.25
0 0 42.25
0 0 42.25
0 0 42.25
0 0 -169
0 0 42.25
0 0 42.25
0 0 42.25
0 0 42.25
0 0 -169
0 0 42.25
0 0 42.25
0 0 42.25
0 0 42.25
0 0 -169
0 0 42.25
0 0 42.25
0 0 42.25
0 0 42.25
0 0 -169
0 0 42.25
0 0 42.25
0 0 42.25
0 0 42.25
0 0 -169
0 0 42.25
0 0 42.25
0 0 42.25
0 0 42.25
0 0 -169
0 0 42.25
0 0 42.25
0 0 42.25
0 0 42.25
0 0 -169
0 0 42.25
0 0 42.25
0 0 42.25
0 0 42.25
0 0 -169
0 0 42.25
0 0 42.25
0 0 42.25
0 0 42.25
0 0 -169
0 0 42.25
0 0 42.25
0 0 42.25
0 0 42.25
0 0 -169
0 0 42.25
0 0 42.25
0 0 42.25
0 0 42.25
0 0 -169
0 0 42.25
0 0 42.25
0 0 42.25
0 0 42.25
0 0 -169
0 0 42.25
0 0 42.25
0 0 42.25
0 0 42.25
0 0 -169
0 0 42.25
0 0 42.25
0 0 42.25
0 0 42.25
0 0 -169
0 0 42.25
0 0 42.25
0 0 42.25
0 0 -169
0 0 42.25
0 0 42.25
0 0 42.25
0 0 -169
0 0 42.25
0 0 42.25
0 0 42.25
0 0 42.25
0 0 -169
0 0 42.25
0 0 42.25
0 0 42.25
0 0 42.25
0 0 -169
0 0 42.25
0 0 42.25
0 0 42.25
0 0 42.25
0 0 -169
0 0 42.25
0 0 42.25
0 0 42.25
0 0 42.25
0 0 -169
0 0 42.25
0 0 42.25
0 0 42.25
0 0 42.25
0 0 -169
0 0 42.25
0 0 42.25
0 0 42.25
0 0 42.25
0 0 -169
0 0 42.25
0 0 42.25
0 0 42.25
0 0 42.25
0 0 -169
0 0 42.25
0 0 42.25
0 0 42.25
0 0 42.25
0 0 -169
0 0 42.25
0 0 42.25
0 0 42.25
0 0 42.25
0 0 -169
0 0 42.25
0 0 42.25
0 0 42.25
0 0 42.25
0 0 -169
0 0 42.25
0 0 42.25
0 0 42.25
0 0 42.25
0 0 -169
0 0 42.25
0 0 42.25
0 0 42.25
0 0 42.25
0 0 -169
0 0 42.25
0 0 42.25
0 0 42.25
0 0 42.25
0 0 -169
0 0 42.25
0 0 42.25
0 0 42.25
0 0 42.25
0 0 -169
0 0 42.25
0 0 42.25
0 0 42.25
0 0 42.25
0 0 -169
0 0 42.25
0 0 42.25
0 0 42.25
0 0 42.25
0 0 -169
0 0 42.25
0 0 42.25
0 0 42.25
0 0 42.25
0 0 -169
0 0 42.25
0 0 42.25
0 0 42.25
0 0 42.25
0 0 -169
0 0 42.25
0 0 42.25
0 0 42.25
0 0 42.25
0 0 -169
0 0 42.25
0 0 42.25
0 0 42.25
0 0 42.25
0 0 -169
0 0 42.25
0 0 42.25
0 0 42.25
0 0 42.25
0 0 -169
0 0 42.25
0 0 42.25
0 0 42.25
0 0 42.25
0 0 -169
0 0 42.25
0 0 42.25
0 0 42.25
0 0 42.25
0 0 -169
0 0 42.25
0 0 42.25
0 0 42.25
0 0 42.25
0 0 -169
0 0 42.25
0 0 42.25
0 0 42.25
0 0 42.25
0 0 -169
0 0 42.25
0 0 42.25
0 0 42.25
0 0 42.25
0 0 -169
0 0 42.25
0 0 42.25
0 0 42.25
0 0 42.25
0 0 -169
0 0 42.25
0 0 42.25
0 0 42.25
0 0 42.25
0 0 -169
0 0 42.25
0 0 42.25
0 0 42.25
0 0 42.25
0 0 -169
0 0 42.25
0 0 42.25
0 0 42.25
0 0 42.25
0 0 -169
0 0 42.25
0 0 42.25
0 0 42.25
0 0 42.25
0 0 -169
0 0 42.25
0 0 42.25
0 0 42.25
0 0 42.25
0 0 -169
0 0 42.25
0 0 42.25
0 0 42.25
0 0 42.25
0 0 -169
0 0 42.25
0 0 42.25
0 0 42.25
0 0 42.25
0 0 -169
0 0 42.25
0 0 42.25
0 0 42.25
0 0 42.25
0 0 -169
0 0 42.25
0 0 42.25
0 0 42.25
0 0 42.25
0 0 -169
0 0 42.25
0 0 42.25
0 0 42.25
0 0 42.25
0 0 -169
0 0 42.25
0 0 42.25
0 0 42.25
0 0 42.25
0 0 -169
0 0 42.25
0 0 42.25
0 0 42.25
0 0 42.25
0 0 -169
0 0 42.25
0 0 42.25
0 0 42.25
0 0 42.25
0 0 -169
0 0 42.25
0 0 42.25
0 0 42.25
0 0 42.25
0 0 -169
0 0 42.25
0 0 42.25
0 0 42.25
0 0 42.25
0 0 -169
0 0 42.25
0 0 42.25
0 0 42.25
0 0 42.25
0 0 -169
0 0 42.25
0 0 42.25
0 0 42.25
0 0 42.25
0 0 -169
0 0 42.25
0 0 42.25
0 0 42.25
0 0 42.25
0 0 -169
0 0 42.25
0 0 42.25
0 0 42.25
0 0 42.25
0 0 -169
0 0 42.25
0 0 42.25
0 0 42.25
0 0 42.25
0 0 -169
0 0 42.25
0 0 42.25
0 0 42.25
0 0 42.25
0 0 -169
0 0 42.25
0 0 42.25
0 0 42.25
0 0 42.25
0 0 -169
0 0 42.25
0 0 42.25
0 0 42.25
0 0 42.25
0 0 -169
0 0 42.25
0 0 42.25
0 0 42.25
0 0 42.25
0 0 -169
0 0 42.25
0 0 42.25
0 0 42.25
0 0 42.25
0 0 -169
0 0 42.25
0 0 42.25
0 0 42.25
0 0 42.25
0 0 -169
0 0 42.25
0 0 42.25
0 0 42.25
0 0 42.25
0 0 -169
0 0 42.25
0 0 42.25
0 0 42.25
0 0 42.25
0 0 -169
0 0 42.25
0 0 42.25
0 0 42.25
0 0 42.25
0 0 -169
0 0 42.25
0 0 42.25
0 0 42.25
0 0 42.25
0 0 -169
0 0 42.25
0 0 42.25
0 0 42.25
0 0 42.25
0 0 -169
0 0 42.25
0 0 42.25
0 0 42.25
0 0 42.25
0 0 -169
0 0 42.25
0 0 42.25
0 0 42.25
0 0 42.25
0 0 -169
0 0 42.25
0 0 42.25
0 0 42.25
0 0 42.25
0 0 -169
0 0 42.25
0 0 42.25
0 0 42.25
0 0 42.25
0 0 -169
0 0 42.25
0 0 42.25
0 0 42.25
0 0 -169
0 0 42.25
0 0 42.25
0 0 42.25
0 0 -169
0 0 42.25
0 0 42.25
0 0 42.25
0 0 42.25
0 0 -169
0 0 42.25
0 0 42.25
0 0 42.25
0 0 42.25
0 0 -169
0 0 42.25
0 0 42.25
0 0 42.25
0 0 42.25
0 0 -169
0 0 42.25
0 0 42.25
0 0 42.25
0 0 42.25
0 0 -169
0 0 42.25
0 0 42.25
0 0 42.25
0 0 42.25
0 0 -169
0 0 42.25
0 0 42.25
0 0 42.25
0 0 42.25
0 0 -169
0 0 42.25
0 0 42.25
0 0 42.25
0 0 42.25
0 0 -169
0 0 42.25
0 0 42.25
0 0 42.25
0 0 42.25
0 0 -169
0 0 42.25
0 0 42.25
0 0 42.25
0 0 42.25
0 0 -169
0 0 42.25
0 0 42.25
0 0 42.25
0 0 42.25
0 0 -169
0 0 42.25
0 0 42.25
0 0 42.25
0 0 42.25
0 0 -169
0 0 42.25
0 0 42.25
0 0 42.25
0 0 42.25
0 0 -169
0 0 42.25
0 0 42.25
0 0 42.25
0 0 42.25
0 0 -169
0 0 42.25
0 0 42.25
0 0 42.25
0 0 42.25
0 0 -169
0 0 42.25
0 0 42.25
0 0 42.25
0 0 42.25
0 0 -169
0 0 42.25
0 0 42.25
0 0 42.25
0 0 42.25
0 0 -169
0 0 42.25
0 0 42.25
0 0 42.25
0 0 42.25
0 0 -169
0 0 42.25
0 0 42.25
0 0 42.25
0 0 42.25
0 0 -169
0 0 42.25
0 0 42.25
0 0 42.25
0 0 42.25
0 0 -169
0 0 42.25
0 0 42.25
0 0 42.25
0 0 42.25
0 0 -169
0 0 42.25
0 0 42.25
0 0 42.25
0 0 42.25
0 0 -169
0 0 42.25
0 0 42.25
0 0 42.25
0 0 42.25
0 0 -169
0 0 42.25
0 0 42.25
0 0 42.25
0 0 42.25
0 0 -169
0 0 42.25
0 0 42.25
0 0 42.25
0 0 42.25
0 0 -169
0 0 42.25
0 0 42.25
0 0 42.25
0 0 42.25
0 0 -169
0 0 42.25
0 0 42.25
0 0 42.25
0 0 42.25
0 0 -169
0 0 42.25
0 0 42.25
0 0 42.25
0 0 42.25
0 0 -169
0 0 42.25
0 0 42.25
0 0 42.25
0 0 42.25
0 0 -169
0 0 42.25
0 0 42.25
0 0 42.25
0 0 42.25
0 0 -169
0 0 42.25
0 0 42.25
0 0 42.25
0 0 42.25
0 0 -169
0 0 42.25
0 0 42.25
0 0 42.25
0 0 42.25
0 0 -169
0 0 42.25
0 0 42.25
0 0 42.25
0 0 42.25
0 0 -169
0 0 42.25
0 0 42.25
0 0 42.25
0 0 42.25
0 0 -169
0 0 42.25
0 0 42.25
0 0 42.25
0 0 42.25
0 0 -169
0 0 42.25
0 0 42.25
0 0 42.25
0 0 42.25
0 0 -169
0 0 42.25
0 0 42.25
0 0 42.25
0 0 42.25
0 0 -169
0 0 42.25
0 0 42.25
0 0 42.25
0 0 42.25
0 0 -169
0 0 42.25
0 0 42.25
0 0 42.25
0 0 42.25
0 0 -169
0 0 42.25
0 0 42.25
0 0 42.25
0 0 42.25
0 0 -169
0 0 42.25
0 0 42.25
0 0 42.25
0 0 42.25
0 0 -169
0 0 42.25
0 0 42.25
0 0 42.25
0 0 42.25
0 0 -169
0 0 42.25
0 0 42.25
0 0 42.25
0 0 42.25
0 0 -169
0 0 42.25
0 0 42.25
0 0 42.25
0 0 42.25
0 0 -169
0 0 42.25
0 0 42.25
0 0 42.25
0 0 42.25
0 0 -169
0 0 42.25
0 0 42.25
0 0 42.25
0 0 42.25
0 0 -169
0 0 42.25
0 0 42.25
0 0 42.25
0 0 42.25
0 0 -169
0 0 42.25
0 0 42.25
0 0 42.25
0 0 42.25
0 0 -169
0 0 42.25
0 0 42.25
0 0 42.25
0 0 42.25
0 0 -169
0 0 42.25
0 0 42.25
0 0 42.25
0 0 42.25
0 0 -169
0 0 42.25
0 0 42.25
0 0 42.25
0 0 42.25
0 0 -169
0 0 42.25
0 0 42.25
0 0 42.25
0 0 42.25
0 0 -169
0 0 42.25
0 0 42.25
0 0 42.25
0 0 42.25
0 0 -169
0 0 42.25
0 0 42.25
0 0 42.25
0 0 42.25
0 0 -169
0 0 42.25
0 0 42.25
0 0 42.25
0 0 42.25
0 0 -169
0 0 42.25
0 0 42.25
0 0 42.25
0 0 42.25
0 0 -169
0 0 42.25
0 0 42.25
0 0 42.25
0 0 42.25
0 0 -169
0 0 42.25
0 0 42.25
0 0 42.25
0 0 42.25
0 0 -169
0 0 42.25
0 0 42.25
0 0 42.25
0 0 42.25
0 0 -169
0 0 42.25
0 0 42.25
0 0 42.25
0 0 42.25
0 0 -169
0 0 42.25
0 0 42.25
0 0 42.25
0 0 42.25
0 0 -169
0 0 42.25
0 0 42.25
0 0 42.25
0 0 42.25
0 0 -169
0 0 42.25
0 0 42.25
0 0 42.25
0 0 42.25
0 0 -169
0 0 42.25
0 0 42.25
0 0 42.25
0 0 -169
0 0 42.25
0 0 42.25
0 0 42.25
0 0 -169
0 0 42.25
0 0 42.25
0 0 42.25
0 0 42.25
0 0 -169
0 0 42.25
0 0 42.25
0 0 42.25
0 0 42.25
0 0 -169
0 0 42.25
0 0 42.25
0 0 42.25
0 0 42.25
0 0 -169
0 0 42.25
0 0 42.25
0 0 42.25
0 0 42.25
0 0 -169
0 0 42.25
0 0 42.25
0 0 42.25
0 0 42.25
0 0 -169
0 0 42.25
0 0 42.25
0 0 42.25
0 0 42.25
0 0 -169
0 0 42.25
0 0 42.25
0 0 42.25
0 0 42.25
0 0 -169
0 0 42.25
0 0 42.25
0 0 42.25
0 0 42.25
0 0 -169
0 0 42.25
0 0 42.25
0 0 42.25
0 0 42.25
0 0 -169
0 0 42.25
0 0 42.25
0 0 42.25
0 0 42.25
0 0 -169
0 0 42.25
0 0 42.25
0 0 42.25
0 0 42.25
0 0 -169
0 0 42.25
0 0 42.25
0 0 42.25
0 0 42.25
0 0 -169
0 0 42.25
0 0 42.25
0 0 42.25
0 0 42.25
0 0 -169
0 0 42.25
0 0 42.25
0 0 42.25
0 0 42.25
0 0 -169
0 0 42.25
0 0 42.25
0 0 42.25
0 0 42.25
0 0 -169
0 0 42.25
0 0 42.25
0 0 42.25
0 0 42.25
0 0 -169
0 0 42.25
0 0 42.25
0 0 42.25
0 0 42.25
0 0 -169
0 0 42.25
0 0 42.25
0 0 42.25
0 0 42.25
0 0 -169
0 0 42.25
0 0 42.25
0 0 42.25
0 0 42.25
0 0 -169
0 0 42.25
0 0 42.25
0 0 42.25
0 0 42.25
0 0 -169
0 0 42.25
0 0 42.25
0 0 42.25
0 0 42.25
0 0 -169
0 0 42.25
0 0 42.25
0 0 42.25
0 0 42.25
0 0 -169
0 0 42.25
0 0 42.25
0 0 42.25
0 0 42.25
0 0 -169
0 0 42.25
0 0 42.25
0 0 42.25
0 0 42.25
0 0 -169
0 0 42.25
0 0 42.25
0 0 42.25
0 0 42.25
0 0 -169
0 0 42.25
0 0 42.25
0 0 42.25
0 0 42.25
0 0 -169
0 0 42.25
0 0 42.25
0 0 42.25
0 0 42.25
0 0 -169
0 0 42.25
0 0 42.25
0 0 42.25
0 0 42.25
0 0 -169
0 0 42.25
0 0 42.25
0 0 42.25
0 0 42.25
0 0 -169
0 0 42.25
0 0 42.25
0 0 42.25
0 0 42.25
0 0 -169
0 0 42.25
0 0 42.25
0 0 42.25
0 0 42.25
0 0 -169
0 0 42.25
0 0 42.25
0 0 42.25
0 0 42.25
0 0 -169
0 0 42.25
0 0 42.25
0 0 42.25
0 0 42.25
0 0 -169
0 0 42.25
0 0 42.25
0 0 42.25
0 0 42.25
0 0 -169
0 0 42.25
0 0 42.25
0 0 42.25
0 0 42.25
0 0 -169
0 0 42.25
0 0 42.25
0 0 42.25
0 0 42.25
0 0 -169
0 0 42.25
0 0 42.25
0 0 42.25
0 0 42.25
0 0 -169
0 0 42.25
0 0 42.25
0 0 42.25
0 0 42.25
0 0 -169
0 0 42.25
0 0 42.25
0 0 42.25
0 0 42.25
0 0 -169
0 0 42.25
0 0 42.25
0 0 42.25
0 0 42.25
0 0 -169
0 0 42.25
0 0 42.25
0 0 42.25
0 0 42.25
0 0 -169
0 0 42.25
0 0 42.25
0 0 42.25
0 0 42.25
0 0 -169
0 0 42.25
0 0 42.25
0 0 42.25
0 0 42.25
0 0 -169
0 0 42.25
0 0 42.25
0 0 42.25
0 0 42.25
0 0 -169
0 0 42.25
0 0 42.25
0 0 42.25
0 0 42.25
0 0 -169
0 0 42.25
0 0 42.25
0 0 42.25
0 0 42.25
0 0 -169
0 0 42.25
0 0 42.25
0 0 42.25
0 0 42.25
0 0 -169
0 0 42.25
0 0 42.25
0 0 42.25
0 0 42.25
0 0 -169
0 0 42.25
0 0 42.25
0 0 42.25
0 0 42.25
0 0 -169
0 0 42.25
0 0 42.25
0 0 42.25
0 0 42.25
0 0 -169
0 0 42.25
0 0 42.25
0 0 42.25
0 0 42.25
0 0 -169
0 0 42.25
0 0 42.25
0 0 42.25
0 0 42.25
0 0 -169
0 0 42.25
0 0 42.25
0 0 42.25
0 0 42.25
0 0 -169
0 0 42.25
0 0 42.25
0 0 42.25
0 0 42.25
0 0 -169
0 0 42.25
0 0 42.25
0 0 42.25
0 0 42.25
0 0 -169
0 0 42.25
0 0 42.25
0 0 42.25
0 0 42.25
0 0 -169
0 0 42.25
0 0 42.25
0 0 42.25
0 0 42.25
0 0 -169
0 0 42.25
0 0 42.25
0 0 42.25
0 0 42.25
0 0 -169
0 0 42.25
0 0 42.25
0 0 42.25
0 0 42.25
0 0 -169
0 0 42.25
0 0 42.25
0 0 42.25
0 0 42.25
0 0 -169
0 0 42.25
0 0 42.25
0 0 42.25
0 0 42.25
0 0 -169
0 0 42.25
0 0 42.25
0 0 42.25
0 0 42.25
0 0 -169
0 0 42.25
0 0 42.25
0 0 42.25
0 0 -169
0 0 42.25
0 0 42.25
0 0 42.25
0 0 -169
0 0 42.25
0 0 42.25
0 0 42.25
0 0 42.25
0 0 -169
0 0 42.25
0 0 42.25
0 0 42.25
0 0 42.25
0 0 -169
0 0 42.25
0 0 42.25
0 0 42.25
0 0 42.25
0 0 -169
0 0 42.25
0 0 42.25
0 0 42.25
0 0 42.25
0 0 -169
0 0 42.25
0 0 42.25
0 0 42.25
0 0 42.25
0 0 -169
0 0 42.25
0 0 42.25
0 0 42.25
0 0 42.25
0 0 -169
0 0 42.25
0 0 42.25
0 0 42.25
0 0 42.25
0 0 -169
0 0 42.25
0 0 42.25
0 0 42.25
0 0 42.25
0 0 -169
0 0 42.25
0 0 42.25
0 0 42.25
0 0 42.25
0 0 -169
0 0 42.25
0 0 42.25
0 0 42.25
0 0 42.25
0 0 -169
0 0 42.25
0 0 42.25
0 0 42.25
0 0 42.25
0 0 -169
0 0 42.25
0 0 42.25
0 0 42.25
0 0 42.25
0 0 -169
0 0 42.25
0 0 42.25
0 0 42.25
0 0 42.25
0 0 -169
0 0 42.25
0 0 42.25
0 0 42.25
0 0 42.25
0 0 -169
0 0 42.25
0 0 42.25
0 0 42.25
0 0 42.25
0 0 -169
0 0 42.25
0 0 42.25
0 0 42.25
0 0 42.25
0 0 -169
0 0 42.25
0 0 42.25
0 0 42.25
0 0 42.25
0 0 -169
0 0 42.25
0 0 42.25
0 0 42.25
0 0 42.25
0 0 -169
0 0 42.25
0 0 42.25
0 0 42.25
0 0 42.25
0 0 -169
0 0 42.25
0 0 42.25
0 0 42.25
0 0 42.25
0 0 -169
0 0 42.25
0 0 42.25
0 0 42.25
0 0 42.25
0 0 -169
0 0 42.25
0 0 42.25
0 0 42.25
0 0 42.25
0 0 -169
0 0 42.25
0 0 42.25
0 0 42.25
0 0 42.25
0 0 -169
0 0 42.25
0 0 42.25
0 0 42.25
0 0 42.25
0 0 -169
0 0 42.25
0 0 42.25
0 0 42.25
0 0 42.25
0 0 -169
0 0 42.25
0 0 42.25
0 0 42.25
0 0 42.25
0 0 -169
0 0 42.25
0 0 42.25
0 0 42.25
0 0 42.25
0 0 -169
0 0 42.25
0 0 42.25
0 0 42.25
0 0 42.25
0 0 -169
0 0 42.25
0 0 42.25
0 0 42.25
0 0 42.25
0 0 -169
0 0 42.25
0 0 42.25
0 0 42.25
0 0 42.25
0 0 -169
0 0 42.25
0 0 42.25
0 0 42.25
0 0 42.25
0 0 -169
0 0 42.25
0 0 42.25
0 0 42.25
0 0 42.25
0 0 -169
0 0 42.25
0 0 42.25
0 0 42.25
0 0 42.25
0 0 -169
0 0 42.25
0 0 42.25
0 0 42.25
0 0 42.25
0 0 -169
0 0 42.25
0 0 42.25
0 0 42.25
0 0 42.25
0 0 -169
0 0 42.25
0 0 42.25
0 0 42.25
0 0 42.25
0 0 -169
0 0 42.25
0 0 42.25
0 0 42.25
0 0 42.25
0 0 -169
0 0 42.25
0 0 42.25
0 0 42.25
0 0 42.25
0 0 -169
0 0 42.25
0 0 42.25
0 0 42.25
0 0 42.25
0 0 -169
0 0 42.25
0 0 42.25
0 0 42.25
0 0 42.25
0 0 -169
0 0 42.25
0 0 42.25
0 0 42.25
0 0 42.25
0 0 -169
0 0 42.25
0 0 42.25
0 0 42.25
0 0 42.25
0 0 -169
0 0 42.25
0 0 42.25
0 0 42.25
0 0 42.25
0 0 -169
0 0 42.25
0 0 42.25
0 0 42.25
0 0 42.25
0 0 -169
0 0 42.25
0 0 42.25
0 0 42.25
0 0 42.25
0 0 -169
0 0 42.25
0 0 42.25
0 0 42.25
0 0 42.25
0 0 -169
0 0 42.25
0 0 42.25
0 0 42.25
0 0 42.25
0 0 -169
0 0 42.25
0 0 42.25
0 0 42.25
0 0 42.25
0 0 -169
0 0 42.25
0 0 42.25
0 0 42.25
0 0 42.25
0 0 -169
0 0 42.25
0 0 42.25
0 0 42.25
0 0 42.25
0 0 -169
0 0 42.25
0 0 42.25
0 0 42.25
0 0 42.25
0 0 -169
0 0 42.25
0 0 42.25
0 0 42.25
0 0 42.25
0 0 -169
0 0 42.25
0 0 42.25
0 0 42.25
0 0 42.25
0 0 -169
0 0 42.25
0 0 42.25
0 0 42.25
0 0 42.25
0 0 -169
0 0 42.25
0 0 42.25
0 0 42.25
0 0 42.25
0 0 -169
0 0 42.25
0 0 42.25
0 0 42.25
0 0 42.25
0 0 -169
0 0 42.25
0 0 42.25
0 0 42.25
0 0 42.25
0 0 -169
0 0 42.25
0 0 42.25
0 0 42.25
0 0 42.25
0 0 -169
0 0 42.25
0 0 42.25
0 0 42.25
0 0 42.25
0 0 -169
0 0 42.25
0 0 42.25
0 0 42.25
0 0 42.25
0 0 -169
0 0 42.25
0 0 42.25
0 0 42.25
0 0 42.25
0 0 -169
0 0 42.25
0 0 42.25
0 0 42.25
0 0 42.25
0 0 -169
0 0 42.25
0 0 42.25
0 0 42.25
0 0 -169
0 0 42.25
0 0 42.25
0 0 42.25
0 0 -169
0 0 42.25
0 0 42.25
0 0 42.25
0 0 42.25
0 0 -169
0 0 42.25
0 0 42.25
0 0 42.25
0 0 42.25
0 0 -169
0 0 42.25
0 0 42.25
0 0 42.25
0 0 42.25
0 0 -169
0 0 42.25
0 0 42.25
0 0 42.25
0 0 42.25
0 0 -169
0 0 42.25
0 0 42.25
0 0 42.25
0 0 42.25
0 0 -169
0 0 42.25
0 0 42.25
0 0 42.25
0 0 42.25
0 0 -169
0 0 42.25
0 0 42.25
0 0 42.25
0 0 42.25
0 0 -169
0 0 42.25
0 0 42.25
0 0 42.25
0 0 42.25
0 0 -169
0 0 42.25
0 0 42.25
0 0 42.25
0 0 42.25
0 0 -169
0 0 42.25
0 0 42.25
0 0 42.25
0 0 42.25
0 0 -169
0 0 42.25
0 0 42.25
0 0 42.25
0 0 42.25
0 0 -169
0 0 42.25
0 0 42.25
0 0 42.25
0 0 42.25
0 0 -169
0 0 42.25
0 0 42.25
0 0 42.25
0 0 42.25
0 0 -169
0 0 42.25
0 0 42.25
0 0 42.25
0 0 42.25
0 0 -169
0 0 42.25
0 0 42.25
0 0 42.25
0 0 42.25
0 0 -169
0 0 42.25
0 0 42.25
0 0 42.25
0 0 42.25
0 0 -169
0 0 42.25
0 0 42.25
0 0 42.25
0 0 42.25
0 0 -169
0 0 42.25
0 0 42.25
0 0 42.25
0 0 42.25
0 0 -169
0 0 42.25
0 0 42.25
0 0 42.25
0 0 42.25
0 0 -169
0 0 42.25
0 0 42.25
0 0 42.25
0 0 42.25
0 0 -169
0 0 42.25
0 0 42.25
0 0 42.25
0 0 42.25
0 0 -169
0 0 42.25
0 0 42.25
0 0 42.25
0 0 42.25
0 0 -169
0 0 42.25
0 0 42.25
0 0 42.25
0 0 42.25
0 0 -169
0 0 42.25
0 0 42.25
0 0 42.25
0 0 42.25
0 0 -169
0 0 42.25
0 0 42.25
0 0 42.25
0 0 42.25
0 0 -169
0 0 42.25
0 0 42.25
0 0 42.25
0 0 42.25
0 0 -169
0 0 42.25
0 0 42.25
0 0 42.25
0 0 42.25
0 0 -169
0 0 42.25
0 0 42.25
0 0 42.25
0 0 42.25
0 0 -169
0 0 42.25
0 0 42.25
0 0 42.25
0 0 42.25
0 0 -169
0 0 42.25
0 0 42.25
0 0 42.25
0 0 42.25
0 0 -169
0 0 42.25
0 0 42.25
0 0 42.25
0 0 42.25
0 0 -169
0 0 42.25
0 0 42.25
0 0 42.25
0 0 42.25
0 0 -169
0 0 42.25
0 0 42.25
0 0 42.25
0 0 42.25
0 0 -169
0 0 42.25
0 0 42.25
0 0 42.25
0 0 42.25
0 0 -169
0 0 42.25
0 0 42.25
0 0 42.25
0 0 42.25
0 0 -169
0 0 42.25
0 0 42.25
0 0 42.25
0 0 42.25
0 0 -169
0 0 42.25
0 0 42.25
0 0 42.25
0 0 42.25
0 0 -169
0 0 42.25
0 0 42.25
0 0 42.25
0 0 42.25
0 0 -169
0 0 42.25
0 0 42.25
0 0 42.25
0 0 42.25
0 0 -169
0 0 42.25
0 0 42.25
0 0 42.25
0 0 42.25
0 0 -169
0 0 42.25
0 0 42.25
0 0 42.25
0 0 42.25
0 0 -169
0 0 42.25
0 0 42.25
0 0 42.25
0 0 42.25
0 0 -169
0 0 42.25
0 0 42.25
0 0 42.25
0 0 42.25
0 0 -169
0 0 42.25
0 0 42.25
0 0 42.25
0 0 42.25
0 0 -169
0 0 42.25
0 0 42.25
0 0 42.25
0 0 42.25
0 0 -169
0 0 42.25
0 0 42.25
0 0 42.25
0 0 42.25
0 0 -169
0 0 42.25
0 0 42.25
0 0 42.25
0 0 42.25
0 0 -169
0 0 42.25
0 0 42.25
0 0 42.25
0 0 42.25
0 0 -169
0 0 42.25
0 0 42.25
0 0 42.25
0 0 42.25
0 0 -169
0 0 42.25
0 0 42.25
0 0 42.25
0 0 42.25
0 0 -169
0 0 42.25
0 0 42.25
0 0 42.25
0 0 42.25
0 0 -169
0 0 42.25
0 0 42.25
0 0 42.25
0 0 42.25
0 0 -169
0 0 42.25
0 0 42.25
0 0 42.25
0 0 42.25
0 0 -169
0 0 42.25
0 0 42.25
0 0 42.25
0 0 42.25
0 0 -169
0 0 42.25
0 0 42.25
0 0 42.25
0 0 42.25
0 0 -169
0 0 42.25
0 0 42.25
0 0 42.25
0 0 42.25
0 0 -169
0 0 42.25
0 0 42.25
0 0 42.25
0 0 42.25
0 0 -169
0 0 42.25
0 0 42.25
0 0 42.25
0 0 42.25
0 0 -169
0 0 42.25
0 0 42.25
0 0 42.25
0 0 42.25
0 0 -169
0 0 42.25
0 0 42.25
0 0 42.25
0 0 42.25
0 0 -169
0 0 42.25
0 0 42.25
0 0 42.25
0 0 42.25
0 0 -169
0 0 42.25
0 0 42.25
0 0 42.25
0 0 42.25
0 0 -169
0 0 42.25
0 0 42.25
0 0 42.25
0 0 -169
0 0 42.25
0 0 42.25
0 0 42.25
0 0 -169
0 0 42.25
0 0 42.25
0 0 42.25
0 0 42.25
0 0 -169
0 0 42.25
0 0 42.25
0 0 42.25
0 0 42.25
0 0 -169
0 0 42.25
0 0 42.25
0 0 42.25
0 0 42.25
0 0 -169
0 0 42.25
0 0 42.25
0 0 42.25
0 0 42.25
0 0 -169
0 0 42.25
0 0 42.25
0 0 42.25
0 0 42.25
0 0 -169
0 0 42.25
0 0 42.25
0 0 42.25
0 0 42.25
0 0 -169
0 0 42.25
0 0 42.25
0 0 42.25
0 0 42.25
0 0 -169
0 0 42.25
0 0 42.25
0 0 42.25
0 0 42.25
0 0 -169
0 0 42.25
0 0 42.25
0 0 42.25
0 0 42.25
0 0 -169
0 0 42.25
0 0 42.25
0 0 42.25
0 0 42.25
0 0 -169
0 0 42.25
0 0 42.25
0 0 42.25
0 0 42.25
0 0 -169
0 0 42.25
0 0 42.25
0 0 42.25
0 0 42.25
0 0 -169
0 0 42.25
0 0 42.25
0 0 42.25
0 0 42.25
0 0 -169
0 0 42.25
0 0 42.25
0 0 42.25
0 0 42.25
0 0 -169
0 0 42.25
0 0 42.25
0 0 42.25
0 0 42.25
0 0 -169
0 0 42.25
0 0 42.25
0 0 42.25
0 0 42.25
0 0 -169
0 0 42.25
0 0 42.25
0 0 42.25
0 0 42.25
0 0 -169
0 0 42.25
0 0 42.25
0 0 42.25
0 0 42.25
0 0 -169
0 0 42.25
0 0 42.25
0 0 42.25
0 0 42.25
0 0 -169
0 0 42.25
0 0 42.25
0 0 42.25
0 0 42.25
0 0 -169
0 0 42.25
0 0 42.25
0 0 42.25
0 0 42.25
0 0 -169
0 0 42.25
0 0 42.25
0 0 42.25
0 0 42.25
0 0 -169
0 0 42.25
0 0 42.25
0 0 42.25
0 0 42.25
0 0 -169
0 0 42.25
0 0 42.25
0 0 42.25
0 0 42.25
0 0 -169
0 0 42.25
0 0 42.25
0 0 42.25
0 0 42.25
0 0 -169
0 0 42.25
0 0 42.25
0 0 42.25
0 0 42.25
0 0 -169
0 0 42.25
0 0 42.25
0 0 42.25
0 0 42.25
0 0 -169
0 0 42.25
0 0 42.25
0 0 42.25
0 0 42.25
0 0 -169
0 0 42.25
0 0 42.25
0 0 42.25
0 0 42.25
0 0 -169
0 0 42.25
0 0 42.25
0 0 42.25
0 0 42.25
0 0 -169
0 0 42.25
0 0 42.25
0 0 42.25
0 0 42.25
0 0 -169
0 0 42.25
0 0 42.25
0 0 42.25
0 0 42.25
0 0 -169
0 0 42.25
0 0 42.25
0 0 42.25
0 0 42.25
0 0 -169
0 0 42.25
0 0 42.25
0 0 42.25
0 0 42.25
0 0 -169
0 0 42.25
0 0 42.25
0 0 42.25
0 0 42.25
0 0 -169
0 0 42.25
0 0 42.25
0 0 42.25
0 0 42.25
0 0 -169
0 0 42.25
0 0 42.25
0 0 42.25
0 0 42.25
0 0 -169
0 0 42.25
0 0 42.25
0 0 42.25
0 0 42.25
0 0 -169
0 0 42.25
0 0 42.25
0 0 42.25
0 0 42.25
0 0 -169
0 0 42.25
0 0 42.25
0 0 42.25
0 0 42.25
0 0 -169
0 0 42.25
0 0 42.25
0 0 42.25
0 0 42.25
0 0 -169
0 0 42.25
0 0 42.25
0 0 42.25
0 0 42.25
0 0 -169
0 0 42.25
0 0 42.25
0 0 42.25
0 0 42.25
0 0 -169
0 0 42.25
0 0 42.25
0 0 42.25
0 0 42.25
0 0 -169
0 0 42.25
0 0 42.25
0 0 42.25
0 0 42.25
0 0 -169
0 0 42.25
0 0 42.25
0 0 42.25
0 0 42.25
0 0 -169
0 0 42.25
0 0 42.25
0 0 42.25
0 0 42.25
0 0 -169
0 0 42.25
0 0 42.25
0 0 42.25
0 0 42.25
0 0 -169
0 0 42.25
0 0 42.25
0 0 42.25
0 0 42.25
0 0 -169
0 0 42.25
0 0 42.25
0 0 42.25
0 0 42.25
0 0 -169
0 0 42.25
0 0 42.25
0 0 42.25
0 0 42.25
0 0 -169
0 0 42.25
0 0 42.25
0 0 42.25
0 0 42.25
0 0 -169
0 0 42.25
0 0 42.25
0 0 42.25
0 0 42.25
0 0 -169
0 0 42.25
0 0 42.25
0 0 42.25
0 0 42.25
0 0 -169
0 0 42.25
0 0 42.25
0 0 42.25
0 0 42.25
0 0 -169
0 0 42.25
0 0 42.25
0 0 42.25
0 0 42.25
0 0 -169
0 0 42.25
0 0 42.25
0 0 42.25
0 0 42.25
0 0 -169
0 0 42.25
0 0 42.25
0 0 42.25
0 0 42.25
0 0 -169
0 0 42.25
0 0 42.25
0 0 42.25
0 0 42.25
0 0 -169
0 0 42.25
0 0 42.25
0 0 42.25
0 0 42.25
0 0 -169
0 0 42.25
0 0 42.25
0 0 42.25
0 0 42.25
0 0 -169
0 0 42.25
0 0 42.25
0 0 42.25
0 0 42.25
0 0 -169
0 0 42.25
0 0 42.25
0 0 42.25
0 0 -169
0 0 42.25
0 0 42.25
0 0 42.25
0 0 -169
0 0 42.25
0 0 42.25
0 0 42.25
0 0 42.25
0 0 -169
0 0 42.25
0 0 42.25
0 0 42.25
0 0 42.25
0 0 -169
0 0 42.25
0 0 42.25
0 0 42.25
0 0 42.25
0 0 -169
0 0 42.25
0 0 42.25
0 0 42.25
0 0 42.25
0 0 -169
0 0 42.25
0 0 42.25
0 0 42.25
0 0 42.25
0 0 -169
0 0 42.25
0 0 42.25
0 0 42.25
0 0 42.25
0 0 -169
0 0 42.25
0 0 42.25
0 0 42.25
0 0 42.25
0 0 -169
0 0 42.25
0 0 42.25
0 0 42.25
0 0 42.25
0 0 -169
0 0 42.25
0 0 42.25
0 0 42.25
0 0 42.25
0 0 -169
0 0 42.25
0 0 42.25
0 0 42.25
0 0 42.25
0 0 -169
0 0 42.25
0 0 42.25
0 0 42.25
0 0 42.25
0 0 -169
0 0 42.25
0 0 42.25
0 0 42.25
0 0 42.25
0 0 -169
0 0 42.25
0 0 42.25
0 0 42.25
0 0 42.25
0 0 -169
0 0 42.25
0 0 42.25
0 0 42.25
0 0 42.25
0 0 -169
0 0 42.25
0 0 42.25
0 0 42.25
0 0 42.25
0 0 -169
0 0 42.25
0 0 42.25
0 0 42.25
0 0 42.25
0 0 -169
0 0 42.25
0 0 42.25
0 0 42.25
0 0 42.25
0 0 -169
0 0 42.25
0 0 42.25
0 0 42.25
0 0 42.25
0 0 -169
0 0 42.25
0 0 42.25
0 0 42.25
0 0 42.25
0 0 -169
0 0 42.25
0 0 42.25
0 0 42.25
0 0 42.25
0 0 -169
0 0 42.25
0 0 42.25
0 0 42.25
0 0 42.25
0 0 -169
0 0 42.25
0 0 42.25
0 0 42.25
0 0 42.25
0 0 -169
0 0 42.25
0 0 42.25
0 0 42.25
0 0 42.25
0 0 -169
0 0 42.25
0 0 42.25
0 0 42.25
0 0 42.25
0 0 -169
0 0 42.25
0 0 42.25
0 0 42.25
0 0 42.25
0 0 -169
0 0 42.25
0 0 42.25
0 0 42.25
0 0 42.25
0 0 -169
0 0 42.25
0 0 42.25
0 0 42.25
0 0 42.25
0 0 -169
0 0 42.25
0 0 42.25
0 0 42.25
0 0 42.25
0 0 -169
0 0 42.25
0 0 42.25
0 0 42.25
0 0 42.25
0 0 -169
0 0 42.25
0 0 42.25
0 0 42.25
0 0 42.25
0 0 -169
0 0 42.25
0 0 42.25
0 0 42.25
0 0 42.25
0 0 -169
0 0 42.25
0 0 42.25
0 0 42.25
0 0 42.25
0 0 -169
0 0 42.25
0 0 42.25
0 0 42.25
0 0 42.25
0 0 -169
0 0 42.25
0 0 42.25
0 0 42.25
0 0 42.25
0 0 -169
0 0 42.25
0 0 42.25
0 0 42.25
0 0 42.25
0 0 -169
0 0 42.25
0 0 42.25
0 0 42.25
0 0 42.25
0 0 -169
0 0 42.25
0 0 42.25
0 0 42.25
0 0 42.25
0 0 -169
0 0 42.25
0 0 42.25
0 0 42.25
0 0 42.25
0 0 -169
0 0 42.25
0 0 42.25
0 0 42.25
0 0 42.25
0 0 -169
0 0 42.25
0 0 42.25
0 0 42.25
0 0 42.25
0 0 -169
0 0 42.25
0 0 42.25
0 0 42.25
0 0 42.25
0 0 -169
0 0 42.25
0 0 42.25
0 0 42.25
0 0 42.25
0 0 -169
0 0 42.25
0 0 42.25
0 0 42.25
0 0 42.25
0 0 -169
0 0 42.25
0 0 42.25
0 0 42.25
0 0 42.25
0 0 -169
0 0 42.25
0 0 42.25
0 0 42.25
0 0 42.25
0 0 -169
0 0 42.25
0 0 42.25
0 0 42.25
0 0 42.25
0 0 -169
0 0 42.25
0 0 42.25
0 0 42.25
0 0 42.25
0 0 -169
0 0 42.25
0 0 42.25
0 0 42.25
0 0 42.25
0 0 -169
0 0 42.25
0 0 42.25
0 0 42.25
0 0 42.25
0 0 -169
0 0 42.25
0 0 42.25
0 0 42.25
0 0 42.25
0 0 -169
0 0 42.25
0 0 42.25
0 0 42.25
0 0 42.25
0 0 -169
0 0 42.25
0 0 42.25
0 0 42.25
0 0 42.25
0 0 -169
0 0 42.25
0 0 42.25
0 0 42.25
0 0 42.25
0 0 -169
0 0 42.25
0 0 42.25
0 0 42.25
0 0 42.25
0 0 -169
0 0 42.25
0 0 42.25
0 0 42.25
0 0 42.25
0 0 -169
0 0 42.25
0 0 42.25
0 0 42.25
0 0 42.25
0 0 -169
0 0 42.25
0 0 42.25
0 0 42.25
0 0 42.25
0 0 -169
0 0 42.25
0 0 42.25
0 0 42.25
0 0 42.25
0 0 -169
0 0 42.25
0 0 42.25
0 0 42.25
0 0 42.25
0 0 -169
0 0 42.25
0 0 42.25
0 0 42.25
0 0 42.25
0 0 -169
0 0 42.25
0 0 42.25
0 0 42.25
0 0 42.25
0 0 -169
0 0 42.25
0 0 42.25
0 0 42.25
0 0 42.25
0 0 -169
0 0 42.25
0 0 42.25
0 0 42.25
0 0 -169
0 0 42.25
0 0 42.25
0 0 42.25
0 0 -169
0 0 42.25
0 0 42.25
0 0 42.25
0 0 42.25
0 0 -169
0 0 42.25
0 0 42.25
0 0 42.25
0 0 42.25
0 0 -169
0 0 42.25
0 0 42.25
0 0 42.25
0 0 42.25
0 0 -169
0 0 42.25
0 0 42.25
0 0 42.25
0 0 42.25
0 0 -169
0 0 42.25
0 0 42.25
0 0 42.25
0 0 42.25
0 0 -169
0 0 42.25
0 0 42.25
0 0 42.25
0 0 42.25
0 0 -169
0 0 42.25
0 0 42.25
0 0 42.25
0 0 42.25
0 0 -169
0 0 42.25
0 0 42.25
0 0 42.25
0 0 42.25
0 0 -169
0 0 42.25
0 0 42.25
0 0 42.25
0 0 42.25
0 0 -169
0 0 42.25
0 0 42.25
0 0 42.25
0 0 42.25
0 0 -169
0 0 42.25
0 0 42.25
0 0 42.25
0 0 42.25
0 0 -169
0 0 42.25
0 0 42.25
0 0 42.25
0 0 42.25
0 0 -169
0 0 42.25
0 0 42.25
0 0 42.25
0 0 42.25
0 0 -169
0 0 42.25
0 0 42.25
0 0 42.25
0 0 42.25
0 0 -169
0 0 42.25
0 0 42.25
0 0 42.25
0 0 42.25
0 0 -169
0 0 42.25
0 0 42.25
0 0 42.25
0 0 42.25
0 0 -169
0 0 42.25
0 0 42.25
0 0 42.25
0 0 42.25
0 0 -169
0 0 42.25
0 0 42.25
0 0 42.25
0 0 42.25
0 0 -169
0 0 42.25
0 0 42.25
0 0 42.25
0 0 42.25
0 0 -169
0 0 42.25
0 0 42.25
0 0 42.25
0 0 42.25
0 0 -169
0 0 42.25
0 0 42.25
0 0 42.25
0 0 42.25
0 0 -169
0 0 42.25
0 0 42.25
0 0 42.25
0 0 42.25
0 0 -169
0 0 42.25
0 0 42.25
0 0 42.25
0 0 42.25
0 0 -169
0 0 42.25
0 0 42.25
0 0 42.25
0 0 42.25
0 0 -169
0 0 42.25
0 0 42.25
0 0 42.25
0 0 42.25
0 0 -169
0 0 42.25
0 0 42.25
0 0 42.25
0 0 42.25
0 0 -169
0 0 42.25
0 0 42.25
0 0 42.25
0 0 42.25
0 0 -169
0 0 42.25
0 0 42.25
0 0 42.25
0 0 42.25
0 0 -169
0 0 42.25
0 0 42.25
0 0 42.25
0 0 42.25
0 0 -169
0 0 42.25
0 0 42.25
0 0 42.25
0 0 42.25
0 0 -169
0 0 42.25
0 0 42.25
0 0 42.25
0 0 42.25
0 0 -169
0 0 42.25
0 0 42.25
0 0 42.25
0 0 42.25
0 0 -169
0 0 42.25
0 0 42.25
0 0 42.25
0 0 42.25
0 0 -169
0 0 42.25
0 0 42.25
0 0 42.25
0 0 42.25
0 0 -169
0 0 42.25
0 0 42.25
0 0 42.25
0 0 42.25
0 0 -169
0 0 42.25
0 0 42.25
0 0 42.25
0 0 42.25
0 0 -169
0 0 42.25
0 0 42.25
0 0 42.25
0 0 42.25
0 0 -169
0 0 42.25
0 0 42.25
0 0 42.25
0 0 42.25
0 0 -169
0 0 42.25
0 0 42.25
0 0 42.25
0 0 42.25
0 0 -169
0 0 42.25
0 0 42.25
0 0 42.25
0 0 42.25
0 0 -169
0 0 42.25
0 0 42.25
0 0 42.25
0 0 42.25
0 0 -169
0 0 42.25
0 0 42.25
0 0 42.25
0 0 42.25
0 0 -169
0 0 42.25
0 0 42.25
0 0 42.25
0 0 42.25
0 0 -169
0 0 42.25
0 0 42.25
0 0 42.25
0 0 42.25
0 0 -169
0 0 42.25
0 0 42.25
0 0 42.25
0 0 42.25
0 0 -169
0 0 42.25
0 0 42.25
0 0 42.25
0 0 42.25
0 0 -169
0 0 42.25
0 0 42.25
0 0 42.25
0 0 42.25
0 0 -169
0 0 42.25
0 0 42.25
0 0 42.25
0 0 42.25
0 0 -169
0 0 42.25
0 0 42.25
0 0 42.25
0 0 42.25
0 0 -169
0 0 42.25
0 0 42.25
0 0 42.25
0 0 42.25
0 0 -169
0 0 42.25
0 0 42.25
0 0 42.25
0 0 42.25
0 0 -169
0 0 42.25
0 0 42.25
0 0 42.25
0 0 42.25
0 0 -169
0 0 42.25
0 0 42.25
0 0 42.25
0 0 42.25
0 0 -169
0 0 42.25
0 0 42.25
0 0 42.25
0 0 42.25
0 0 -169
0 0 42.25
0 0 42.25
0 0 42.25
0 0 42.25
0 0 -169
0 0 42.25
0 0 42.25
0 0 42.25
0 0 42.25
0 0 -169
0 0 42.25
0 0 42.25
0 0 42.25
0 0 42.25
0 0 -169
0 0 42.25
0 0 42.25
0 0 42.25
0 0 42.25
0 0 -169
0 0 42.25
0 0 42.25
0 0 42.25
0 0 42.25
0 0 -169
0 0 42.25
0 0 42.25
0 0 42.25
0 0 42.25
0 0 -169
0 0 42.25
0 0 42.25
0 0 42.25
0 0 42.25
0 0 -169
0 0 42.25
0 0 42.25
0 0 42.25
0 0 42.25
0 0 -169
0 0 42.25
0 0 42.25
0 0 42.25
0 0 -169
0 0 42.25
0 0 42.25
0 0 42.25
0 0 -169
0 0 42.25
0 0 42.25
0 0 42.25
0 0 42.25
0 0 -169
0 0 42.25
0 0 42.25
0 0 42.25
0 0 42.25
0 0 -169
0 0 42.25
0 0 42.25
0 0 42.25
0 0 42.25
0 0 -169
0 0 42.25
0 0 42.25
0 0 42.25
0 0 42.25
0 0 -169
0 0 42.25
0 0 42.25
0 0 42.25
0 0 42.25
0 0 -169
0 0 42.25
0 0 42.25
0 0 42.25
0 0 42.25
0 0 -169
0 0 42.25
0 0 42.25
0 0 42.25
0 0 42.25
0 0 -169
0 0 42.25
0 0 42.25
0 0 42.25
0 0 42.25
0 0 -169
0 0 42.25
0 0 42.25
0 0 42.25
0 0 42.25
0 0 -169
0 0 42.25
0 0 42.25
0 0 42.25
0 0 42.25
0 0 -169
0 0 42.25
0 0 42.25
0 0 42.25
0 0 42.25
0 0 -169
0 0 42.25
0 0 42.25
0 0 42.25
0 0 42.25
0 0 -169
0 0 42.25
0 0 42.25
0 0 42.25
0 0 42.25
0 0 -169
0 0 42.25
0 0 42.25
0 0 42.25
0 0 42.25
0 0 -169
0 0 42.25
0 0 42.25
0 0 42.25
0 0 42.25
0 0 -169
0 0 42.25
0 0 42.25
0 0 42.25
0 0 42.25
0 0 -169
0 0 42.25
0 0 42.25
0 0 42.25
0 0 42.25
0 0 -169
0 0 42.25
0 0 42.25
0 0 42.25
0 0 42.25
0 0 -169
0 0 42.25
0 0 42.25
0 0 42.25
0 0 42.25
0 0 -169
0 0 42.25
0 0 42.25
0 0 42.25
0 0 42.25
0 0 -169
0 0 42.25
0 0 42.25
0 0 42.25
0 0 42.25
0 0 -169
0 0 42.25
0 0 42.25
0 0 42.25
0 0 42.25
0 0 -169
0 0 42.25
0 0 42.25
0 0 42.25
0 0 42.25
0 0 -169
0 0 42.25
0 0 42.25
0 0 42.25
0 0 42.25
0 0 -169
0 0 42.25
0 0 42.25
0 0 42.25
0 0 42.25
0 0 -169
0 0 42.25
0 0 42.25
0 0 42.25
0 0 42.25
0 0 -169
0 0 42.25
0 0 42.25
0 0 42.25
0 0 42.25
0 0 -169
0 0 42.25
0 0 42.25
0 0 42.25
0 0 42.25
0 0 -169
0 0 42.25
0 0 42.25
0 0 42.25
0 0 42.25
0 0 -169
0 0 42.25
0 0 42.25
0 0 42.25
0 0 42.25
0 0 -169
0 0 42.25
0 0 42.25
0 0 42.25
0 0 42.25
0 0 -169
0 0 42.25
0 0 42.25
0 0 42.25
0 0 42.25
0 0 -169
0 0 42.25
0 0 42.25
0 0 42.25
0 0 42.25
0 0 -169
0 0 42.25
0 0 42.25
0 0 42.25
0 0 42.25
0 0 -169
0 0 42.25
0 0 42.25
0 0 42.25
0 0 42.25
0 0 -169
0 0 42.25
0 0 42.25
0 0 42.25
0 0 42.25
0 0 -169
0 0 42.25
0 0 42.25
0 0 42.25
0 0 42.25
0 0 -169
0 0 42.25
0 0 42.25
0 0 42.25
0 0 42.25
0 0 -169
0 0 42.25
0 0 42.25
0 0 42.25
0 0 42.25
0 0 -169
0 0 42.25
0 0 42.25
0 0 42.25
0 0 42.25
0 0 -169
0 0 42.25
0 0 42.25
0 0 42.25
0 0 42.25
0 0 -169
0 0 42.25
0 0 42.25
0 0 42.25
0 0 42.25
0 0 -169
0 0 42.25
0 0 42.25
0 0 42.25
0 0 42.25
0 0 -169
0 0 42.25
0 0 42.25
0 0 42.25
0 0 42.25
0 0 -169
0 0 42.25
0 0 42.25
0 0 42.25
0 0 42.25
0 0 -169
0 0 42.25
0 0 42.25
0 0 42.25
0 0 42.25
0 0 -169
0 0 42.25
0 0 42.25
0 0 42.25
0 0 42.25
0 0 -169
0 0 42.25
0 0 42.25
0 0 42.25
0 0 42.25
0 0 -169
0 0 42.25
0 0 42.25
0 0 42.25
0 0 42.25
0 0 -169
0 0 42.25
0 0 42.25
0 0 42.25
0 0 42.25
0 0 -169
0 0 42.25
0 0 42.25
0 0 42.25
0 0 42.25
0 0 -169
0 0 42.25
0 0 42.25
0 0 42.25
0 0 42.25
0 0 -169
0 0 42.25
0 0 42.25
0 0 42.25
0 0 42.25
0 0 -169
0 0 42.25
0 0 42.25
0 0 42.25
0 0 42.25
0 0 -169
0 0 42.25
0 0 42.25
0 0 42.25
0 0 42.25
0 0 -169
0 0 42.25
0 0 42.25
0 0 42.25
0 0 42.25
0 0 -169
0 0 42.25
0 0 42.25
0 0 42.25
0 0 42.25
0 0 -169
0 0 42.25
0 0 42.25
0 0 42.25
0 0 42.25
0 0 -169
0 0 42.25
0 0 42.25
0 0 42.25
0 0 42.25
0 0 -169
0 0 42.25
0 0 42.25
0 0 42.25
0 0 42.25
0 0 -169
0 0 42.25
0 0 42.25
0 0 42.25
0 0 42.25
0 0 -169
0 0 42.25
0 0 42.25
0 0 42.25
0 0 42.25
0 0 -169
0 0 42.25
0 0 42.25
0 0 42.25
0 0 -169
0 0 42.25
0 0 42.25
0 0 42.25
0 0 -169
0 0 42.25
0 0 42.25
0 0 42.25
0 0 42.25
0 0 -169
0 0 42.25
0 0 42.25
0 0 42.25
0 0 42.25
0 0 -169
0 0 42.25
0 0 42.25
0 0 42.25
0 0 42.25
0 0 -169
0 0 42.25
0 0 42.25
0 0 42.25
0 0 42.25
0 0 -169
0 0 42.25
0 0 42.25
0 0 42.25
0 0 42.25
0 0 -169
0 0 42.25
0 0 42.25
0 0 42.25
0 0 42.25
0 0 -169
0 0 42.25
0 0 42.25
0 0 42.25
0 0 42.25
0 0 -169
0 0 42.25
0 0 42.25
0 0 42.25
0 0 42.25
0 0 -169
0 0 42.25
0 0 42.25
0 0 42.25
0 0 42.25
0 0 -169
0 0 42.25
0 0 42.25
0 0 42.25
0 0 42.25
0 0 -169
0 0 42.25
0 0 42.25
0 0 42.25
0 0 42.25
0 0 -169
0 0 42.25
0 0 42.25
0 0 42.25
0 0 42.25
0 0 -169
0 0 42.25
0 0 42.25
0 0 42.25
0 0 42.25
0 0 -169
0 0 42.25
0 0 42.25
0 0 42.25
0 0 42.25
0 0 -169
0 0 42.25
0 0 42.25
0 0 42.25
0 0 42.25
0 0 -169
0 0 42.25
0 0 42.25
0 0 42.25
0 0 42.25
0 0 -169
0 0 42.25
0 0 42.25
0 0 42.25
0 0 42.25
0 0 -169
0 0 42.25
0 0 42.25
0 0 42.25
0 0 42.25
0 0 -169
0 0 42.25
0 0 42.25
0 0 42.25
0 0 42.25
0 0 -169
0 0 42.25
0 0 42.25
0 0 42.25
0 0 42.25
0 0 -169
0 0 42.25
0 0 42.25
0 0 42.25
0 0 42.25
0 0 -169
0 0 42.25
0 0 42.25
0 0 42.25
0 0 42.25
0 0 -169
0 0 42.25
0 0 42.25
0 0 42.25
0 0 42.25
0 0 -169
0 0 42.25
0 0 42.25
0 0 42.25
0 0 42.25
0 0 -169
0 0 42.25
0 0 42.25
0 0 42.25
0 0 42.25
0 0 -169
0 0 42.25
0 0 42.25
0 0 42.25
0 0 42.25
0 0 -169
0 0 42.25
0 0 42.25
0 0 42.25
0 0 42.25
0 0 -169
0 0 42.25
0 0 42.25
0 0 42.25
0 0 42.25
0 0 -169
0 0 42.25
0 0 42.25
0 0 42.25
0 0 42.25
0 0 -169
0 0 42.25
0 0 42.25
0 0 42.25
0 0 42.25
0 0 -169
0 0 42.25
0 0 42.25
0 0 42.25
0 0 42.25
0 0 -169
0 0 42.25
0 0 42.25
0 0 42.25
0 0 42.25
0 0 -169
0 0 42.25
0 0 42.25
0 0 42.25
0 0 42.25
0 0 -169
0 0 42.25
0 0 42.25
0 0 42.25
0 0 42.25
0 0 -169
0 0 42.25
0 0 42.25
0 0 42.25
0 0 42.25
0 0 -169
0 0 42.25
0 0 42.25
0 0 42.25
0 0 42.25
0 0 -169
0 0 42.25
0 0 42.25
0 0 42.25
0 0 42.25
0 0 -169
0 0 42.25
0 0 42.25
0 0 42.25
0 0 42.25
0 0 -169
0 0 42.25
0 0 42.25
0 0 42.25
0 0 42.25
0 0 -169
0 0 42.25
0 0 42.25
0 0 42.25
0 0 42.25
0 0 -169
0 0 42.25
0 0 42.25
0 0 42.25
0 0 42.25
0 0 -169
0 0 42.25
0 0 42.25
0 0 42.25
0 0 42.25
0 0 -169
0 0 42.25
0 0 42.25
0 0 42.25
0 0 42.25
0 0 -169
0 0 42.25
0 0 42.25
0 0 42.25
0 0 42.25
0 0 -169
0 0 42.25
0 0 42.25
0 0 42.25
0 0 42.25
0 0 -169
0 0 42.25
0 0 42.25
0 0 42.25
0 0 42.25
0 0 -169
0 0 42.25
0 0 42.25
0 0 42.25
0 0 42.25
0 0 -169
0 0 42.25
0 0 42.25
0 0 42.25
0 0 42.25
0 0 -169
0 0 42.25
0 0 42.25
0 0 42.25
0 0 42.25
0 0 -169
0 0 42.25
0 0 42.25
0 0 42.25
0 0 42.25
0 0 -169
0 0 42.25
0 0 42.25
0 0 42.25
0 0 42.25
0 0 -169
0 0 42.25
0 0 42.25
0 0 42.25
0 0 42.25
0 0 -169
0 0 42.25
0 0 42.25
0 0 42.25
0 0 42.25
0 0 -169
0 0 42.25
0 0 42.25
0 0 42.25
0 0 42.25
0 0 -169
0 0 42.25
0 0 42.25
0 0 42.25
0 0 42.25
0 0 -169
0 0 42.25
0 0 42.25
0 0 42.25
0 0 42.25
0 0 -169
0 0 42.25
0 0 42.25
0 0 42.25
0 0 42.25
0 0 -169
0 0 42.25
0 0 42.25
0 0 42.25
0 0 42.25
0 0 -169
0 0 42.25
0 0 42.25
0 0 42.25
0 0 42.25
0 0 -169
0 0 42.25
0 0 42.25
0 0 42.25
0 0 42.25
0 0 -169
0 0 42.25
0 0 42.25
0 0 42.25
0 0 42.25
0 0 -169
0 0 42.25
0 0 42.25
0 0 42.25
0 0 42.25
0 0 -169
0 0 42.25
0 0 42.25
0 0 42.25
0 0 -169
0 0 42.25
0 0 42.25
0 0 42.25
0 0 -169
0 0 42.25
0 0 42.25
0 0 42.25
0 0 42.25
0 0 -169
0 0 42.25
0 0 42.25
0 0 42.25
0 0 42.25
0 0 -169
0 0 42.25
0 0 42.25
0 0 42.25
0 0 42.25
0 0 -169
0 0 42.25
0 0 42.25
0 0 42.25
0 0 42.25
0 0 -169
0 0 42.25
0 0 42.25
0 0 42.25
0 0 42.25
0 0 -169
0 0 42.25
0 0 42.25
0 0 42.25
0 0 42.25
0 0 -169
0 0 42.25
0 0 42.25
0 0 42.25
0 0 42.25
0 0 -169
0 0 42.25
0 0 42.25
0 0 42.25
0 0 42.25
0 0 -169
0 0 42.25
0 0 42.25
0 0 42.25
0 0 42.25
0 0 -169
0 0 42.25
0 0 42.25
0 0 42.25
0 0 42.25
0 0 -169
0 0 42.25
0 0 42.25
0 0 42.25
0 0 42.25
0 0 -169
0 0 42.25
0 0 42.25
0 0 42.25
0 0 42.25
0 0 -169
0 0 42.25
0 0 42.25
0 0 42.25
0 0 42.25
0 0 -169
0 0 42.25
0 0 42.25
0 0 42.25
0 0 42.25
0 0 -169
0 0 42.25
0 0 42.25
0 0 42.25
0 0 42.25
0 0 -169
0 0 42.25
0 0 42.25
0 0 42.25
0 0 42.25
0 0 -169
0 0 42.25
0 0 42.25
0 0 42.25
0 0 42.25
0 0 -169
0 0 42.25
0 0 42.25
0 0 42.25
0 0 42.25
0 0 -169
0 0 42.25
0 0 42.25
0 0 42.25
0 0 42.25
0 0 -169
0 0 42.25
0 0 42.25
0 0 42.25
0 0 42.25
0 0 -169
0 0 42.25
0 0 42.25
0 0 42.25
0 0 42.25
0 0 -169
0 0 42.25
0 0 42.25
0 0 42.25
0 0 42.25
0 0 -169
0 0 42.25
0 0 42.25
0 0 42.25
0 0 42.25
0 0 -169
0 0 42.25
0 0 42.25
0 0 42.25
0 0 42.25
0 0 -169
0 0 42.25
0 0 42.25
0 0 42.25
0 0 42.25
0 0 -169
0 0 42.25
0 0 42.25
0 0 42.25
0 0 42.25
0 0 -169
0 0 42.25
0 0 42.25
0 0 42.25
0 0 42.25
0 0 -169
0 0 42.25
0 0 42.25
0 0 42.25
0 0 42.25
0 0 -169
0 0 42.25
0 0 42.25
0 0 42.25
0 0 42.25
0 0 -169
0 0 42.25
0 0 42.25
0 0 42.25
0 0 42.25
0 0 -169
0 0 42.25
0 0 42.25
0 0 42.25
0 0 42.25
0 0 -169
0 0 42.25
0 0 42.25
0 0 42.25
0 0 42.25
0 0 -169
0 0 42.25
0 0 42.25
0 0 42.25
0 0 42.25
0 0 -169
0 0 42.25
0 0 42.25
0 0 42.25
0 0 42.25
0 0 -169
0 0 42.25
0 0 42.25
0 0 42.25
0 0 42.25
0 0 -169
0 0 42.25
0 0 42.25
0 0 42.25
0 0 42.25
0 0 -169
0 0 42.25
0 0 42.25
0 0 42.25
0 0 42.25
0 0 -169
0 0 42.25
0 0 42.25
0 0 42.25
0 0 42.25
0 0 -169
0 0 42.25
0 0 42.25
0 0 42.25
0 0 42.25
0 0 -169
0 0 42.25
0 0 42.25
0 0 42.25
0 0 42.25
0 0 -169
0 0 42.25
0 0 42.25
0 0 42.25
0 0 42.25
0 0 -169
0 0 42.25
0 0 42.25
0 0 42.25
0 0 42.25
0 0 -169
0 0 42.25
0 0 42.25
0 0 42.25
0 0 42.25
0 0 -169
0 0 42.25
0 0 42.25
0 0 42.25
0 0 42.25
0 0 -169
0 0 42.25
0 0 42.25
0 0 42.25
0 0 42.25
0 0 -169
0 0 42.25
0 0 42.25
0 0 42.25
0 0 42.25
0 0 -169
0 0 42.25
0 0 42.25
0 0 42.25
0 0 42.25
0 0 -169
0 0 42.25
0 0 42.25
0 0 42.25
0 0 42.25
0 0 -169
0 0 42.25
0 0 42.25
0 0 42.25
0 0 42.25
0 0 -169
0 0 42.25
0 0 42.25
0 0 42.25
0 0 42.25
0 0 -169
0 0 42.25
0 0 42.25
0 0 42.25
0 0 42.25
0 0 -169
0 0 42.25
0 0 42.25
0 0 42.25
0 0 42.25
0 0 -169
0 0 42.25
0 0 42.25
0 0 42.25
0 0 42.25
0 0 -169
0 0 42.25
0 0 42.25
0 0 42.25
0 0 42.25
0 0 -169
0 0 42.25
0 0 42.25
0 0 42.25
0 0 42.25
0 0 -169
0 0 42.25
0 0 42.25
0 0 42.25
0 0 42.25
0 0 -169
0 0 42.25
0 0 42.25
0 0 42.25
0 0 42.25
0 0 -169
0 0 42.25
0 0 42.25
0 0 42.25
0 0 42.25
0 0 -169
0 0 42.25
0 0 42.25
0 0 42.25
0 0 42.25
0 0 -169
0 0 42.25
0 0 42.25
0 0 42.25
0 0 42.25
0 0 -169
0 0 42.25
0 0 42.25
0 0 42.25
0 0 42.25
0 0 -169
0 0 42.25
0 0 42.25
0 0 42.25
0 0 42.25
0 0 -169
0 0 42.25
0 0 42.25
0 0 42.25
0 0 -169
0 0 42.25
0 0 42.25
0 0 42.25
0 0 -169
0 0 42.25
0 0 42.25
0 0 42.25
0 0 42.25
0 0 -169
0 0 42.25
0 0 42.25
0 0 42.25
0 0 42.25
0 0 -169
0 0 42.25
0 0 42.25
0 0 42.25
0 0 42.25
0 0 -169
0 0 42.25
0 0 42.25
0 0 42.25
0 0 42.25
0 0 -169
0 0 42.25
0 0 42.25
0 0 42.25
0 0 42.25
0 0 -169
0 0 42.25
0 0 42.25
0 0 42.25
0 0 42.25
0 0 -169
0 0 42.25
0 0 42.25
0 0 42.25
0 0 42.25
0 0 -169
0 0 42.25
0 0 42.25
0 0 42.25
0 0 42.25
0 0 -169
0 0 42.25
0 0 42.25
0 0 42.25
0 0 42.25
0 0 -169
0 0 42.25
0 0 42.25
0 0 42.25
0 0 42.25
0 0 -169
0 0 42.25
0 0 42.25
0 0 42.25
0 0 42.25
0 0 -169
0 0 42.25
0 0 42.25
0 0 42.25
0 0 42.25
0 0 -169
0 0 42.25
0 0 42.25
0 0 42.25
0 0 42.25
0 0 -169
0 0 42.25
0 0 42.25
0 0 42.25
0 0 42.25
0 0 -169
0 0 42.25
0 0 42.25
0 0 42.25
0 0 42.25
0 0 -169
0 0 42.25
0 0 42.25
0 0 42.25
0 0 42.25
0 0 -169
0 0 42.25
0 0 42.25
0 0 42.25
0 0 42.25
0 0 -169
0 0 42.25
0 0 42.25
0 0 42.25
0 0 42.25
0 0 -169
0 0 42.25
0 0 42.25
0 0 42.25
0 0 42.25
0 0 -169
0 0 42.25
0 0 42.25
0 0 42.25
0 0 42.25
0 0 -169
0 0 42.25
0 0 42.25
0 0 42.25
0 0 42.25
0 0 -169
0 0 42.25
0 0 42.25
0 0 42.25
0 0 42.25
0 0 -169
0 0 42.25
0 0 42.25
0 0 42.25
0 0 42.25
0 0 -169
0 0 42.25
0 0 42.25
0 0 42.25
0 0 42.25
0 0 -169
0 0 42.25
0 0 42.25
0 0 42.25
0 0 42.25
0 0 -169
0 0 42.25
0 0 42.25
0 0 42.25
0 0 42.25
0 0 -169
0 0 42.25
0 0 42.25
0 0 42.25
0 0 42.25
0 0 -169
0 0 42.25
0 0 42.25
0 0 42.25
0 0 42.25
0 0 -169
0 0 42.25
0 0 42.25
0 0 42.25
0 0 42.25
0 0 -169
0 0 42.25
0 0 42.25
0 0 42.25
0 0 42.25
0 0 -169
0 0 42.25
0 0 42.25
0 0 42.25
0 0 42.25
0 0 -169
0 0 42.25
0 0 42.25
0 0 42.25
0 0 42.25
0 0 -169
0 0 42.25
0 0 42.25
0 0 42.25
0 0 42.25
0 0 -169
0 0 42.25
0 0 42.25
0 0 42.25
0 0 42.25
0 0 -169
0 0 42.25
0 0 42.25
0 0 42.25
0 0 42.25
0 0 -169
0 0 42.25
0 0 42.25
0 0 42.25
0 0 42.25
0 0 -169
0 0 42.25
0 0 42.25
0 0 42.25
0 0 42.25
0 0 -169
0 0 42.25
0 0 42.25
0 0 42.25
0 0 42.25
0 0 -169
0 0 42.25
0 0 42.25
0 0 42.25
0 0 42.25
0 0 -169
0 0 42.25
0 0 42.25
0 0 42.25
0 0 42.25
0 0 -169
0 0 42.25
0 0 42.25
0 0 42.25
0 0 42.25
0 0 -169
0 0 42.25
0 0 42.25
0 0 42.25
0 0 42.25
0 0 -169
0 0 42.25
0 0 42.25
0 0 42.25
0 0 42.25
0 0 -169
0 0 42.25
0 0 42.25
0 0 42.25
0 0 42.25
0 0 -169
0 0 42.25
0 0 42.25
0 0 42.25
0 0 42.25
0 0 -169
0 0 42.25
0 0 42.25
0 0 42.25
0 0 42.25
0 0 -169
0 0 42.25
0 0 42.25
0 0 42.25
0 0 42.25
0 0 -169
0 0 42.25
0 0 42.25
0 0 42.25
0 0 42.25
0 0 -169
0 0 42.25
0 0 42.25
0 0 42.25
0 0 42.25
0 0 -169
0 0 42.25
0 0 42.25
0 0 42.25
0 0 42.25
0 0 -169
0 0 42.25
0 0 42.25
0 0 42.25
0 0 42.25
0 0 -169
0 0 42.25
0 0 42.25
0 0 42.25
0 0 42.25
0 0 -169
0 0 42.25
0 0 42.25
0 0 42.25
0 0 42.25
0 0 -169
0 0 42.25
0 0 42.25
0 0 42.25
0 0 42.25
0 0 -169
0 0 42.25
0 0 42.25
0 0 42.25
0 0 42.25
0 0 -169
0 0 42.25
0 0 42.25
0 0 42.25
0 0 42.25
0 0 -169
0 0 42.25
0 0 42.25
0 0 42.25
0 0 42.25
0 0 -169
0 0 42.25
0 0 42.25
0 0 42.25
0 0 42.25
0 0 -169
0 0 42.25
0 0 42.25
0 0 42.25
0 0 42.25
0 0 -169
0 0 42.25
0 0 42.25
0 0 42.25
0 0 42.25
0 0 -169
0 0 42.25
0 0 42.25
0 0 42.25
0 0 42.25
0 0 -169
0 0 42.25
0 0 42.25
0 0 42.25
0 0 42.25
0 0 -169
0 0 42.25
0 0 42.25
0 0 42.25
0 0 -169
0 0 42.25
0 0 42.25
0 0 42.25
0 0 -169
0 0 42.25
0 0 42.25
0 0 42.25
0 0 42.25
0 0 -169
0 0 42.25
0 0 42.25
0 0 42.25
0 0 42.25
0 0 -169
0 0 42.25
0 0 42.25
0 0 42.25
0 0 42.25
0 0 -169
0 0 42.25
0 0 42.25
0 0 42.25
0 0 42.25
0 0 -169
0 0 42.25
0 0 42.25
0 0 42.25
0 0 42.25
0 0 -169
0 0 42.25
0 0 42.25
0 0 42.25
0 0 42.25
0 0 -169
0 0 42.25
0 0 42.25
0 0 42.25
0 0 42.25
0 0 -169
0 0 42.25
0 0 42.25
0 0 42.25
0 0 42.25
0 0 -169
0 0 42.25
0 0 42.25
0 0 42.25
0 0 42.25
0 0 -169
0 0 42.25
0 0 42.25
0 0 42.25
0 0 42.25
0 0 -169
0 0 42.25
0 0 42.25
0 0 42.25
0 0 42.25
0 0 -169
0 0 42.25
0 0 42.25
0 0 42.25
0 0 42.25
0 0 -169
0 0 42.25
0 0 42.25
0 0 42.25
0 0 42.25
0 0 -169
0 0 42.25
0 0 42.25
0 0 42.25
0 0 42.25
0 0 -169
0 0 42.25
0 0 42.25
0 0 42.25
0 0 42.25
0 0 -169
0 0 42.25
0 0 42.25
0 0 42.25
0 0 42.25
0 0 -169
0 0 42.25
0 0 42.25
0 0 42.25
0 0 42.25
0 0 -169
0 0 42.25
0 0 42.25
0 0 42.25
0 0 42.25
0 0 -169
0 0 42.25
0 0 42.25
0 0 42.25
0 0 42.25
0 0 -169
0 0 42.25
0 0 42.25
0 0 42.25
0 0 42.25
0 0 -169
0 0 42.25
0 0 42.25
0 0 42.25
0 0 42.25
0 0 -169
0 0 42.25
0 0 42.25
0 0 42.25
0 0 42.25
0 0 -169
0 0 42.25
0 0 42.25
0 0 42.25
0 0 42.25
0 0 -169
0 0 42.25
0 0 42.25
0 0 42.25
0 0 42.25
0 0 -169
0 0 42.25
0 0 42.25
0 0 42.25
0 0 42.25
0 0 -169
0 0 42.25
0 0 42.25
0 0 42.25
0 0 42.25
0 0 -169
0 0 42.25
0 0 42.25
0 0 42.25
0 0 42.25
0 0 -169
0 0 42.25
0 0 42.25
0 0 42.25
0 0 42.25
0 0 -169
0 0 42.25
0 0 42.25
0 0 42.25
0 0 42.25
0 0 -169
0 0 42.25
0 0 42.25
0 0 42.25
0 0 42.25
0 0 -169
0 0 42.25
0 0 42.25
0 0 42.25
0 0 42.25
0 0 -169
0 0 42.25
0 0 42.25
0 0 42.25
0 0 42.25
0 0 -169
0 0 42.25
0 0 42.25
0 0 42.25
0 0 42.25
0 0 -169
0 0 42.25
0 0 42.25
0 0 42.25
0 0 42.25
0 0 -169
0 0 42.25
0 0 42.25
0 0 42.25
0 0 42.25
0 0 -169
0 0 42.25
0 0 42.25
0 0 42.25
0 0 42.25
0 0 -169
0 0 42.25
0 0 42.25
0 0 42.25
0 0 42.25
0 0 -169
0 0 42.25
0 0 42.25
0 0 42.25
0 0 42.25
0 0 -169
0 0 42.25
0 0 42.25
0 0 42.25
0 0 42.25
0 0 -169
0 0 42.25
0 0 42.25
0 0 42.25
0 0 42.25
0 0 -169
0 0 42.25
0 0 42.25
0 0 42.25
0 0 42.25
0 0 -169
0 0 42.25
0 0 42.25
0 0 42.25
0 0 42.25
0 0 -169
0 0 42.25
0 0 42.25
0 0 42.25
0 0 42.25
0 0 -169
0 0 42.25
0 0 42.25
0 0 42.25
0 0 42.25
0 0 -169
0 0 42.25
0 0 42.25
0 0 42.25
0 0 42.25
0 0 -169
0 0 42.25
0 0 42.25
0 0 42.25
0 0 42.25
0 0 -169
0 0 42.25
0 0 42.25
0 0 42.25
0 0 42.25
0 0 -169
0 0 42.25
0 0 42.25
0 0 42.25
0 0 42.25
0 0 -169
0 0 42.25
0 0 42.25
0 0 42.25
0 0 42.25
0 0 -169
0 0 42.25
0 0 42.25
0 0 42.25
0 0 42.25
0 0 -169
0 0 42.25
0 0 42.25
0 0 42.25
0 0 42.25
0 0 -169
0 0 42.25
0 0 42.25
0 0 42.25
0 0 42.25
0 0 -169
0 0 42.25
0 0 42.25
0 0 42.25
0 0 42.25
0 0 -169
0 0 42.25
0 0 42.25
0 0 42.25
0 0 42.25
0 0 -169
0 0 42.25
0 0 42.25
0 0 42.25
0 0 42.25
0 0 -169
0 0 42.25
0 0 42.25
0 0 42.25
0 0 42.25
0 0 -169
0 0 42.25
0 0 42.25
0 0 42.25
0 0 42.25
0 0 -169
0 0 42.25
0 0 42.25
0 0 42.25
0 0 42.25
0 0 -169
0 0 42.25
0 0 42.25
0 0 42.25
0 0 42.25
0 0 -169
0 0 42.25
0 0 42.25
0 0 42.25
0 0 42.25
0 0 -169
0 0 42.25
0 0 42.25
0 0 42.25
0 0 42.25
0 0 -169
0 0 42.25
0 0 42.25
0 0 42.25
0 0 42.25
0 0 -169
0 0 42.25
0 0 42.25
0 0 42.25
0 0 -169
0 0 42.25
0 0 42.25
0 0 42.25
0 0 -169
0 0 42.25
0 0 42.25
0 0 42.25
0 0 42.25
0 0 -169
0 0 42.25
0 0 42.25
0 0 42.25
0 0 42.25
0 0 -169
0 0 42.25
0 0 42.25
0 0 42.25
0 0 42.25
0 0 -169
0 0 42.25
0 0 42.25
0 0 42.25
0 0 42.25
0 0 -169
0 0 42.25
0 0 42.25
0 0 42.25
0 0 42.25
0 0 -169
0 0 42.25
0 0 42.25
0 0 42.25
0 0 42.25
0 0 -169
0 0 42.25
0 0 42.25
0 0 42.25
0 0 42.25
0 0 -169
0 0 42.25
0 0 42.25
0 0 42.25
0 0 42.25
0 0 -169
0 0 42.25
0 0 42.25
0 0 42.25
0 0 42.25
0 0 -169
0 0 42.25
0 0 42.25
0 0 42.25
0 0 42.25
0 0 -169
0 0 42.25
0 0 42.25
0 0 42.25
0 0 42.25
0 0 -169
0 0 42.25
0 0 42.25
0 0 42.25
0 0 42.25
0 0 -169
0 0 42.25
0 0 42.25
0 0 42.25
0 0 42.25
0 0 -169
0 0 42.25
0 0 42.25
0 0 42.25
0 0 42.25
0 0 -169
0 0 42.25
0 0 42.25
0 0 42.25
0 0 42.25
0 0 -169
0 0 42.25
0 0 42.25
0 0 42.25
0 0 42.25
0 0 -169
0 0 42.25
0 0 42.25
0 0 42.25
0 0 42.25
0 0 -169
0 0 42.25
0 0 42.25
0 0 42.25
0 0 42.25
0 0 -169
0 0 42.25
0 0 42.25
0 0 42.25
0 0 42.25
0 0 -169
0 0 42.25
0 0 42.25
0 0 42.25
0 0 42.25
0 0 -169
0 0 42.25
0 0 42.25
0 0 42.25
0 0 42.25
0 0 -169
0 0 42.25
0 0 42.25
0 0 42.25
0 0 42.25
0 0 -169
0 0 42.25
0 0 42.25
0 0 42.25
0 0 42.25
0 0 -169
0 0 42.25
0 0 42.25
0 0 42.25
0 0 42.25
0 0 -169
0 0 42.25
0 0 42.25
0 0 42.25
0 0 42.25
0 0 -169
0 0 42.25
0 0 42.25
0 0 42.25
0 0 42.25
0 0 -169
0 0 42.25
0 0 42.25
0 0 42.25
0 0 42.25
0 0 -169
0 0 42.25
0 0 42.25
0 0 42.25
0 0 42.25
0 0 -169
0 0 42.25
0 0 42.25
0 0 42.25
0 0 42.25
0 0 -169
0 0 42.25
0 0 42.25
0 0 42.25
0 0 42.25
0 0 -169
0 0 42.25
0 0 42.25
0 0 42.25
0 0 42.25
0 0 -169
0 0 42.25
0 0 42.25
0 0 42.25
0 0 42.25
0 0 -169
0 0 42.25
0 0 42.25
0 0 42.25
0 0 42.25
0 0 -169
0 0 42.25
0 0 42.25
0 0 42.25
0 0 42.25
0 0 -169
0 0 42.25
0 0 42.25
0 0 42.25
0 0 42.25
0 0 -169
0 0 42.25
0 0 42.25
0 0 42.25
0 0 42.25
0 0 -169
0 0 42.25
0 0 42.25
0 0 42.25
0 0 42.25
0 0 -169
0 0 42.25
0 0 42.25
0 0 42.25
0 0 42.25
0 0 -169
0 0 42.25
0 0 42.25
0 0 42.25
0 0 42.25
0 0 -169
0 0 42.25
0 0 42.25
0 0 42.25
0 0 42.25
0 0 -169
0 0 42.25
0 0 42.25
0 0 42.25
0 0 42.25
0 0 -169
0 0 42.25
0 0 42.25
0 0 42.25
0 0 42.25
0 0 -169
0 0 42.25
0 0 42.25
0 0 42.25
0 0 42.25
0 0 -169
0 0 42.25
0 0 42.25
0 0 42.25
0 0 42.25
0 0 -169
0 0 42.25
0 0 42.25
0 0 42.25
0 0 42.25
0 0 -169
0 0 42.25
0 0 42.25
0 0 42.25
0 0 42.25
0 0 -169
0 0 42.25
0 0 42.25
0 0 42.25
0 0 42.25
0 0 -169
0 0 42.25
0 0 42.25
0 0 42.25
0 0 42.25
0 0 -169
0 0 42.25
0 0 42.25
0 0 42.25
0 0 42.25
0 0 -169
0 0 42.25
0 0 42.25
0 0 42.25
0 0 42.25
0 0 -169
0 0 42.25
0 0 42.25
0 0 42.25
0 0 42.25
0 0 -169
0 0 42.25
0 0 42.25
0 0 42.25
0 0 42.25
0 0 -169
0 0 42.25
0 0 42.25
0 0 42.25
0 0 42.25
0 0 -169
0 0 42.25
0 0 42.25
0 0 42.25
0 0 42.25
0 0 -169
0 0 42.25
0 0 42.25
0 0 42.25
0 0 42.25
0 0 -169
0 0 42.25
0 0 42.25
0 0 42.25
0 0 42.25
0 0 -169
0 0 42.25
0 0 42.25
0 0 42.25
0 0 42.25
0 0 -169
0 0 42.25
0 0 42.25
0 0 42.25
0 0 42.25
0 0 -169
0 0 42.25
0 0 42.25
0 0 42.25
0 0 42.25
0 0 -169
0 0 42.25
0 0 42.25
0 0 42.25
0 0 42.25
0 0 -169
0 0 42.25
0 0 42.25
0 0 42.25
0 0 42.25
0 0 -169
0 0 42.25
0 0 42.25
0 0 42.25
0 0 42.25
0 0 -169
0 0 42.25
0 0 42.25
0 0 42.25
0 0 -169
0 0 42.25
0 0 42.25
0 0 42.25
0 0 -169
0 0 42.25
0 0 42.25
0 0 42.25
0 0 42.25
0 0 -169
0 0 42.25
0 0 42.25
0 0 42.25
0 0 42.25
0 0 -169
0 0 42.25
0 0 42.25
0 0 42.25
0 0 42.25
0 0 -169
0 0 42.25
0 0 42.25
0 0 42.25
0 0 42.25
0 0 -169
0 0 42.25
0 0 42.25
0 0 42.25
0 0 42.25
0 0 -169
0 0 42.25
0 0 42.25
0 0 42.25
0 0 42.25
0 0 -169
0 0 42.25
0 0 42.25
0 0 42.25
0 0 42.25
0 0 -169
0 0 42.25
0 0 42.25
0 0 42.25
0 0 42.25
0 0 -169
0 0 42.25
0 0 42.25
0 0 42.25
0 0 42.25
0 0 -169
0 0 42.25
0 0 42.25
0 0 42.25
0 0 42.25
0 0 -169
0 0 42.25
0 0 42.25
0 0 42.25
0 0 42.25
0 0 -169
0 0 42.25
0 0 42.25
0 0 42.25
0 0 42.25
0 0 -169
0 0 42.25
0 0 42.25
0 0 42.25
0 0 42.25
0 0 -169
0 0 42.25
0 0 42.25
0 0 42.25
0 0 42.25
0 0 -169
0 0 42.25
0 0 42.25
0 0 42.25
0 0 42.25
0 0 -169
0 0 42.25
0 0 42.25
0 0 42.25
0 0 42.25
0 0 -169
0 0 42.25
0 0 42.25
0 0 42.25
0 0 42.25
0 0 -169
0 0 42.25
0 0 42.25
0 0 42.25
0 0 42.25
0 0 -169
0 0 42.25
0 0 42.25
0 0 42.25
0 0 42.25
0 0 -169
0 0 42.25
0 0 42.25
0 0 42.25
0 0 42.25
0 0 -169
0 0 42.25
0 0 42.25
0 0 42.25
0 0 42.25
0 0 -169
0 0 42.25
0 0 42.25
0 0 42.25
0 0 42.25
0 0 -169
0 0 42.25
0 0 42.25
0 0 42.25
0 0 42.25
0 0 -169
0 0 42.25
0 0 42.25
0 0 42.25
0 0 42.25
0 0 -169
0 0 42.25
0 0 42.25
0 0 42.25
0 0 42.25
0 0 -169
0 0 42.25
0 0 42.25
0 0 42.25
0 0 42.25
0 0 -169
0 0 42.25
0 0 42.25
0 0 42.25
0 0 42.25
0 0 -169
0 0 42.25
0 0 42.25
0 0 42.25
0 0 42.25
0 0 -169
0 0 42.25
0 0 42.25
0 0 42.25
0 0 42.25
0 0 -169
0 0 42.25
0 0 42.25
0 0 42.25
0 0 42.25
0 0 -169
0 0 42.25
0 0 42.25
0 0 42.25
0 0 42.25
0 0 -169
0 0 42.25
0 0 42.25
0 0 42.25
0 0 42.25
0 0 -169
0 0 42.25
0 0 42.25
0 0 42.25
0 0 42.25
0 0 -169
0 0 42.25
0 0 42.25
0 0 42.25
0 0 42.25
0 0 -169
0 0 42.25
0 0 42.25
0 0 42.25
0 0 42.25
0 0 -169
0 0 42.25
0 0 42.25
0 0 42.25
0 0 42.25
0 0 -169
0 0 42.25
0 0 42.25
0 0 42.25
0 0 42.25
0 0 -169
0 0 42.25
0 0 42.25
0 0 42.25
0 0 42.25
0 0 -169
0 0 42.25
0 0 42.25
0 0 42.25
0 0 42.25
0 0 -169
0 0 42.25
0 0 42.25
0 0 42.25
0 0 42.25
0 0 -169
0 0 42.25
0 0 42.25
0 0 42.25
0 0 42.25
0 0 -169
0 0 42.25
0 0 42.25
0 0 42.25
0 0 42.25
0 0 -169
0 0 42.25
0 0 42.25
0 0 42.25
0 0 42.25
0 0 -169
0 0 42.25
0 0 42.25
0 0 42.25
0 0 42.25
0 0 -169
0 0 42.25
0 0 42.25
0 0 42.25
0 0 42.25
0 0 -169
0 0 42.25
0 0 42.25
0 0 42.25
0 0 42.25
0 0 -169
0 0 42.25
0 0 42.25
0 0 42.25
0 0 42.25
0 0 -169
0 0 42.25
0 0 42.25
0 0 42.25
0 0 42.25
0 0 -169
0 0 42.25
0 0 42.25
0 0 42.25
0 0 42.25
0 0 -169
0 0 42.25
0 0 42.25
0 0 42.25
0 0 42.25
0 0 -169
0 0 42.25
0 0 42.25
0 0 42.25
0 0 42.25
0 0 -169
0 0 42.25
0 0 42.25
0 0 42.25
0 0 42.25
0 0 -169
0 0 42.25
0 0 42.25
0 0 42.25
0 0 42.25
0 0 -169
0 0 42.25
0 0 42.25
0 0 42.25
0 0 42.25
0 0 -169
0 0 42.25
0 0 42.25
0 0 42.25
0 0 42.25
0 0 -169
0 0 42.25
0 0 42.25
0 0 42.25
0 0 42.25
0 0 -169
0 0 42.25
0 0 42.25
0 0 42.25
0 0 42.25
0 0 -169
0 0 42.25
0 0 42.25
0 0 42.25
0 0 42.25
0 0 -169
0 0 42.25
0 0 42.25
0 0 42.25
0 0 42.25
0 0 -169
0 0 42.25
0 0 42.25
0 0 42.25
0 0 42.25
0 0 -169
0 0 42.25
0 0 42.25
0 0 42.25
0 0 42.25
0 0 -169
0 0 42.25
0 0 42.25
0 0 42.25
0 0 42.25
0 0 -169
0 0 42.25
0 0 42.25
0 0 42.25
0 0 -169
0 0 42.25
0 0 42.25
0 0 42.25
0 0 -169
0 0 42.25
0 0 42.25
0 0 42.25
0 0 42.25
0 0 -169
0 0 42.25
0 0 42.25
0 0 42.25
0 0 42.25
0 0 -169
0 0 42.25
0 0 42.25
0 0 42.25
0 0 42.25
0 0 -169
0 0 42.25
0 0 42.25
0 0 42.25
0 0 42.25
0 0 -169
0 0 42.25
0 0 42.25
0 0 42.25
0 0 42.25
0 0 -169
0 0 42.25
0 0 42.25
0 0 42.25
0 0 42.25
0 0 -169
0 0 42.25
0 0 42.25
0 0 42.25
0 0 42.25
0 0 -169
0 0 42.25
0 0 42.25
0 0 42.25
0 0 42.25
0 0 -169
0 0 42.25
0 0 42.25
0 0 42.25
0 0 42.25
0 0 -169
0 0 42.25
0 0 42.25
0 0 42.25
0 0 42.25
0 0 -169
0 0 42.25
0 0 42.25
0 0 42.25
0 0 42.25
0 0 -169
0 0 42.25
0 0 42.25
0 0 42.25
0 0 42.25
0 0 -169
0 0 42.25
0 0 42.25
0 0 42.25
0 0 42.25
0 0 -169
0 0 42.25
0 0 42.25
0 0 42.25
0 0 42.25
0 0 -169
0 0 42.25
0 0 42.25
0 0 42.25
0 0 42.25
0 0 -169
0 0 42.25
0 0 42.25
0 0 42.25
0 0 42.25
0 0 -169
0 0 42.25
0 0 42.25
0 0 42.25
0 0 42.25
0 0 -169
0 0 42.25
0 0 42.25
0 0 42.25
0 0 42.25
0 0 -169
0 0 42.25
0 0 42.25
0 0 42.25
0 0 42.25
0 0 -169
0 0 42.25
0 0 42.25
0 0 42.25
0 0 42.25
0 0 -169
0 0 42.25
0 0 42.25
0 0 42.25
0 0 42.25
0 0 -169
0 0 42.25
0 0 42.25
0 0 42.25
0 0 42.25
0 0 -169
0 0 42.25
0 0 42.25
0 0 42.25
0 0 42.25
0 0 -169
0 0 42.25
0 0 42.25
0 0 42.25
0 0 42.25
0 0 -169
0 0 42.25
0 0 42.25
0 0 42.25
0 0 42.25
0 0 -169
0 0 42.25
0 0 42.25
0 0 42.25
0 0 42.25
0 0 -169
0 0 42.25
0 0 42.25
0 0 42.25
0 0 42.25
0 0 -169
0 0 42.25
0 0 42.25
0 0 42.25
0 0 42.25
0 0 -169
0 0 42.25
0 0 42.25
0 0 42.25
0 0 42.25
0 0 -169
0 0 42.25
0 0 42.25
0 0 42.25
0 0 42.25
0 0 -169
0 0 42.25
0 0 42.25
0 0 42.25
0 0 42.25
0 0 -169
0 0 42.25
0 0 42.25
0 0 42.25
0 0 42.25
0 0 -169
0 0 42.25
0 0 42.25
0 0 42.25
0 0 42.25
0 0 -169
0 0 42.25
0 0 42.25
0 0 42.25
0 0 42.25
0 0 -169
0 0 42.25
0 0 42.25
0 0 42.25
0 0 42.25
0 0 -169
0 0 42.25
0 0 42.25
0 0 42.25
0 0 42.25
0 0 -169
0 0 42.25
0 0 42.25
0 0 42.25
0 0 42.25
0 0 -169
0 0 42.25
0 0 42.25
0 0 42.25
0 0 42.25
0 0 -169
0 0 42.25
0 0 42.25
0 0 42.25
0 0 42.25
0 0 -169
0 0 42.25
0 0 42.25
0 0 42.25
0 0 42.25
0 0 -169
0 0 42.25
0 0 42.25
0 0 42.25
0 0 42.25
0 0 -169
0 0 42.25
0 0 42.25
0 0 42.25
0 0 42.25
0 0 -169
0 0 42.25
0 0 42.25
0 0 42.25
0 0 42.25
0 0 -169
0 0 42.25
0 0 42.25
0 0 42.25
0 0 42.25
0 0 -169
0 0 42.25
0 0 42.25
0 0 42.25
0 0 42.25
0 0 -169
0 0 42.25
0 0 42.25
0 0 42.25
0 0 42.25
0 0 -169
0 0 42.25
0 0 42.25
0 0 42.25
0 0 42.25
0 0 -169
0 0 42.25
0 0 42.25
0 0 42.25
0 0 42.25
0 0 -169
0 0 42.25
0 0 42.25
0 0 42.25
0 0 42.25
0 0 -169
0 0 42.25
0 0 42.25
0 0 42.25
0 0 42.25
0 0 -169
0 0 42.25
0 0 42.25
0 0 42.25
0 0 42.25
0 0 -169
0 0 42.25
0 0 42.25
0 0 42.25
0 0 42.25
0 0 -169
0 0 42.25
0 0 42.25
0 0 42.25
0 0 42.25
0 0 -169
0 0 42.25
0 0 42.25
0 0 42.25
0 0 42.25
0 0 -169
0 0 42.25
0 0 42.25
0 0 42.25
0 0 42.25
0 0 -169
0 0 42.25
0 0 42.25
0 0 42.25
0 0 42.25
0 0 -169
0 0 42.25
0 0 42.25
0 0 42.25
0 0 42.25
0 0 -169
0 0 42.25
0 0 42.25
0 0 42.25
0 0 42.25
0 0 -169
0 0 42.25
0 0 42.25
0 0 42.25
0 0 42.25
0 0 -169
0 0 42.25
0 0 42.25
0 0 42.25
0 0 42.25
0 0 -169
0 0 42.25
0 0 42.25
0 0 42.25
0 0 42.25
0 0 -169
0 0 42.25
0 0 42.25
0 0 42.25
0 0 42.25
0 0 -169
0 0 42.25
0 0 42.25
0 0 42.25
0 0 -169
0 0 42.25
0 0 42.25
0 0 42.25
0 0 -169
0 0 42.25
0 0 42.25
0 0 42.25
0 0 42.25
0 0 -169
0 0 42.25
0 0 42.25
0 0 42.25
0 0 42.25
0 0 -169
0 0 42.25
0 0 42.25
0 0 42.25
0 0 42.25
0 0 -169
0 0 42.25
0 0 42.25
0 0 42.25
0 0 42.25
0 0 -169
0 0 42.25
0 0 42.25
0 0 42.25
0 0 42.25
0 0 -169
0 0 42.25
0 0 42.25
0 0 42.25
0 0 42.25
0 0 -169
0 0 42.25
0 0 42.25
0 0 42.25
0 0 42.25
0 0 -169
0 0 42.25
0 0 42.25
0 0 42.25
0 0 42.25
0 0 -169
0 0 42.25
0 0 42.25
0 0 42.25
0 0 42.25
0 0 -169
0 0 42.25
0 0 42.25
0 0 42.25
0 0 42.25
0 0 -169
0 0 42.25
0 0 42.25
0 0 42.25
0 0 42.25
0 0 -169
0 0 42.25
0 0 42.25
0 0 42.25
0 0 42.25
0 0 -169
0 0 42.25
0 0 42.25
0 0 42.25
0 0 42.25
0 0 -169
0 0 42.25
0 0 42.25
0 0 42.25
0 0 42.25
0 0 -169
0 0 42.25
0 0 42.25
0 0 42.25
0 0 42.25
0 0 -169
0 0 42.25
0 0 42.25
0 0 42.25
0 0 42.25
0 0 -169
0 0 42.25
0 0 42.25
0 0 42.25
0 0 42.25
0 0 -169
0 0 42.25
0 0 42.25
0 0 42.25
0 0 42.25
0 0 -169
0 0 42.25
0 0 42.25
0 0 42.25
0 0 42.25
0 0 -169
0 0 42.25
0 0 42.25
0 0 42.25
0 0 42.25
0 0 -169
0 0 42.25
0 0 42.25
0 0 42.25
0 0 42.25
0 0 -169
0 0 42.25
0 0 42.25
0 0 42.25
0 0 42.25
0 0 -169
0 0 42.25
0 0 42.25
0 0 42.25
0 0 42.25
0 0 -169
0 0 42.25
0 0 42.25
0 0 42.25
0 0 42.25
0 0 -169
0 0 42.25
0 0 42.25
0 0 42.25
0 0 42.25
0 0 -169
0 0 42.25
0 0 42.25
0 0 42.25
0 0 42.25
0 0 -169
0 0 42.25
0 0 42.25
0 0 42.25
0 0 42.25
0 0 -169
0 0 42.25
0 0 42.25
0 0 42.25
0 0 42.25
0 0 -169
0 0 42.25
0 0 42.25
0 0 42.25
0 0 42.25
0 0 -169
0 0 42.25
0 0 42.25
0 0 42.25
0 0 42.25
0 0 -169
0 0 42.25
0 0 42.25
0 0 42.25
0 0 42.25
0 0 -169
0 0 42.25
0 0 42.25
0 0 42.25
0 0 42.25
0 0 -169
0 0 42.25
0 0 42.25
0 0 42.25
0 0 42.25
0 0 -169
0 0 42.25
0 0 42.25
0 0 42.25
0 0 42.25
0 0 -169
0 0 42.25
0 0 42.25
0 0 42.25
0 0 42.25
0 0 -169
0 0 42.25
0 0 42.25
0 0 42.25
0 0 42.25
0 0 -169
0 0 42.25
0 0 42.25
0 0 42.25
0 0 42.25
0 0 -169
0 0 42.25
0 0 42.25
0 0 42.25
0 0 42.25
0 0 -169
0 0 42.25
0 0 42.25
0 0 42.25
0 0 42.25
0 0 -169
0 0 42.25
0 0 42.25
0 0 42.25
0 0 42.25
0 0 -169
0 0 42.25
0 0 42.25
0 0 42.25
0 0 42.25
0 0 -169
0 0 42.25
0 0 42.25
0 0 42.25
0 0 42.25
0 0 -169
0 0 42.25
0 0 42.25
0 0 42.25
0 0 42.25
0 0 -169
0 0 42.25
0 0 42.25
0 0 42.25
0 0 42.25
0 0 -169
0 0 42.25
0 0 42.25
0 0 42.25
0 0 42.25
0 0 -169
0 0 42.25
0 0 42.25
0 0 42.25
0 0 42.25
0 0 -169
0 0 42.25
0 0 42.25
0 0 42.25
0 0 42.25
0 0 -169
0 0 42.25
0 0 42.25
0 0 42.25
0 0 42.25
0 0 -169
0 0 42.25
0 0 42.25
0 0 42.25
0 0 42.25
0 0 -169
0 0 42.25
0 0 42.25
0 0 42.25
0 0 42.25
0 0 -169
0 0 42.25
0 0 42.25
0 0 42.25
0 0 42.25
0 0 -169
0 0 42.25
0 0 42.25
0 0 42.25
0 0 42.25
0 0 -169
0 0 42.25
0 0 42.25
0 0 42.25
0 0 42.25
0 0 -169
0 0 42.25
0 0 42.25
0 0 42.25
0 0 42.25
0 0 -169
0 0 42.25
0 0 42.25
0 0 42.25
0 0 42.25
0 0 -169
0 0 42.25
0 0 42.25
0 0 42.25
0 0 42.25
0 0 -169
0 0 42.25
0 0 42.25
0 0 42.25
0 0 42.25
0 0 -169
0 0 42.25
0 0 42.25
0 0 42.25
0 0 42.25
0 0 -169
0 0 42.25
0 0 42.25
0 0 42.25
0 0 42.25
0 0 -169
0 0 42.25
0 0 42.25
0 0 42.25
0 0 42.25
0 0 -169
0 0 42.25
0 0 42.25
0 0 42.25
0 0 42.25
0 0 -169
0 0 42.25
0 0 42.25
0 0 42.25
0 0 42.25
0 0 -169
0 0 42.25
0 0 42.25
0 0 42.25
0 0 -169
0 0 42.25
0 0 42.25
0 0 42.25
0 0 -169
0 0 42.25
0 0 42.25
0 0 42.25
0 0 42.25
0 0 -169
0 0 42.25
0 0 42.25
0 0 42.25
0 0 42.25
0 0 -169
0 0 42.25
0 0 42.25
0 0 42.25
0 0 42.25
0 0 -169
0 0 42.25
0 0 42.25
0 0 42.25
0 0 42.25
0 0 -169
0 0 42.25
0 0 42.25
0 0 42.25
0 0 42.25
0 0 -169
0 0 42.25
0 0 42.25
0 0 42.25
0 0 42.25
0 0 -169
0 0 42.25
0 0 42.25
0 0 42.25
0 0 42.25
0 0 -169
0 0 42.25
0 0 42.25
0 0 42.25
0 0 42.25
0 0 -169
0 0 42.25
0 0 42.25
0 0 42.25
0 0 42.25
0 0 -169
0 0 42.25
0 0 42.25
0 0 42.25
0 0 42.25
0 0 -169
0 0 42.25
0 0 42.25
0 0 42.25
0 0 42.25
0 0 -169
0 0 42.25
0 0 42.25
0 0 42.25
0 0 42.25
0 0 -169
0 0 42.25
0 0 42.25
0 0 42.25
0 0 42.25
0 0 -169
0 0 42.25
0 0 42.25
0 0 42.25
0 0 42.25
0 0 -169
0 0 42.25
0 0 42.25
0 0 42.25
0 0 42.25
0 0 -169
0 0 42.25
0 0 42.25
0 0 42.25
0 0 42.25
0 0 -169
0 0 42.25
0 0 42.25
0 0 42.25
0 0 42.25
0 0 -169
0 0 42.25
0 0 42.25
0 0 42.25
0 0 42.25
0 0 -169
0 0 42.25
0 0 42.25
0 0 42.25
0 0 42.25
0 0 -169
0 0 42.25
0 0 42.25
0 0 42.25
0 0 42.25
0 0 -169
0 0 42.25
0 0 42.25
0 0 42.25
0 0 42.25
0 0 -169
0 0 42.25
0 0 42.25
0 0 42.25
0 0 42.25
0 0 -169
0 0 42.25
0 0 42.25
0 0 42.25
0 0 42.25
0 0 -169
0 0 42.25
0 0 42.25
0 0 42.25
0 0 42.25
0 0 -169
0 0 42.25
0 0 42.25
0 0 42.25
0 0 42.25
0 0 -169
0 0 42.25
0 0 42.25
0 0 42.25
0 0 42.25
0 0 -169
0 0 42.25
0 0 42.25
0 0 42.25
0 0 42.25
0 0 -169
0 0 42.25
0 0 42.25
0 0 42.25
0 0 42.25
0 0 -169
0 0 42.25
0 0 42.25
0 0 42.25
0 0 42.25
0 0 -169
0 0 42.25
0 0 42.25
0 0 42.25
0 0 42.25
0 0 -169
0 0 42.25
0 0 42.25
0 0 42.25
0 0 42.25
0 0 -169
0 0 42.25
0 0 42.25
0 0 42.25
0 0 42.25
0 0 -169
0 0 42.25
0 0 42.25
0 0 42.25
0 0 42.25
0 0 -169
0 0 42.25
0 0 42.25
0 0 42.25
0 0 42.25
0 0 -169
0 0 42.25
0 0 42.25
0 0 42.25
0 0 42.25
0 0 -169
0 0 42.25
0 0 42.25
0 0 42.25
0 0 42.25
0 0 -169
0 0 42.25
0 0 42.25
0 0 42.25
0 0 42.25
0 0 -169
0 0 42.25
0 0 42.25
0 0 42.25
0 0 42.25
0 0 -169
0 0 42.25
0 0 42.25
0 0 42.25
0 0 42.25
0 0 -169
0 0 42.25
0 0 42.25
0 0 42.25
0 0 42.25
0 0 -169
0 0 42.25
0 0 42.25
0 0 42.25
0 0 42.25
0 0 -169
0 0 42.25
0 0 42.25
0 0 42.25
0 0 42.25
0 0 -169
0 0 42.25
0 0 42.25
0 0 42.25
0 0 42.25
0 0 -169
0 0 42.25
0 0 42.25
0 0 42.25
0 0 42.25
0 0 -169
0 0 42.25
0 0 42.25
0 0 42.25
0 0 42.25
0 0 -169
0 0 42.25
0 0 42.25
0 0 42.25
0 0 42.25
0 0 -169
0 0 42.25
0 0 42.25
0 0 42.25
0 0 42.25
0 0 -169
0 0 42.25
0 0 42.25
0 0 42.25
0 0 42.25
0 0 -169
0 0 42.25
0 0 42.25
0 0 42.25
0 0 42.25
0 0 -169
0 0 42.25
0 0 42.25
0 0 42.25
0 0 42.25
0 0 -169
0 0 42.25
0 0 42.25
0 0 42.25
0 0 42.25
0 0 -169
0 0 42.25
0 0 42.25
0 0 42.25
0 0 42.25
0 0 -169
0 0 42.25
0 0 42.25
0 0 42.25
0 0 42.25
0 0 -169
0 0 42.25
0 0 42.25
0 0 42.25
0 0 42.25
0 0 -169
0 0 42.25
0 0 42.25
0 0 42.25
0 0 42.25
0 0 -169
0 0 42.25
0 0 42.25
0 0 42.25
0 0 42.25
0 0 -169
0 0 42.25
0 0 42.25
0 0 42.25
0 0 42.25
0 0 -169
0 0 42.25
0 0 42.25
0 0 42.25
0 0 42.25
0 0 -169
0 0 42.25
0 0 42.25
0 0 42.25
0 0 42.25
0 0 -169
0 0 42.25
0 0 42.25
0 0 42.25
0 0 42.25
0 0 -169
0 0 42.25
0 0 42.25
0 0 42.25
0 0 42.25
0 0 -169
0 0 42.25
0 0 42.25
0 0 42.25
0 0 42.25
0 0 -169
0 0 42.25
0 0 42.25
0 0 42.25
0 0 -169
0 0 42.25
0 0 42.25
0 0 42.25
0 0 -169
0 0 42.25
0 0 42.25
0 0 42.25
0 0 42.25
0 0 -169
0 0 42.25
0 0 42.25
0 0 42.25
0 0 42.25
0 0 -169
0 0 42.25
0 0 42.25
0 0 42.25
0 0 42.25
0 0 -169
0 0 42.25
0 0 42.25
0 0 42.25
0 0 42.25
0 0 -169
0 0 42.25
0 0 42.25
0 0 42.25
0 0 42.25
0 0 -169
0 0 42.25
0 0 42.25
0 0 42.25
0 0 42.25
0 0 -169
0 0 42.25
0 0 42.25
0 0 42.25
0 0 42.25
0 0 -169
0 0 42.25
0 0 42.25
0 0 42.25
0 0 42.25
0 0 -169
0 0 42.25
0 0 42.25
0 0 42.25
0 0 42.25
0 0 -169
0 0 42.25
0 0 42.25
0 0 42.25
0 0 42.25
0 0 -169
0 0 42.25
0 0 42.25
0 0 42.25
0 0 42.25
0 0 -169
0 0 42.25
0 0 42.25
0 0 42.25
0 0 42.25
0 0 -169
0 0 42.25
0 0 42.25
0 0 42.25
0 0 42.25
0 0 -169
0 0 42.25
0 0 42.25
0 0 42.25
0 0 42.25
0 0 -169
0 0 42.25
0 0 42.25
0 0 42.25
0 0 42.25
0 0 -169
0 0 42.25
0 0 42.25
0 0 42.25
0 0 42.25
0 0 -169
0 0 42.25
0 0 42.25
0 0 42.25
0 0 42.25
0 0 -169
0 0 42.25
0 0 42.25
0 0 42.25
0 0 42.25
0 0 -169
0 0 42.25
0 0 42.25
0 0 42.25
0 0 42.25
0 0 -169
0 0 42.25
0 0 42.25
0 0 42.25
0 0 42.25
0 0 -169
0 0 42.25
0 0 42.25
0 0 42.25
0 0 42.25
0 0 -169
0 0 42.25
0 0 42.25
0 0 42.25
0 0 42.25
0 0 -169
0 0 42.25
0 0 42.25
0 0 42.25
0 0 42.25
0 0 -169
0 0 42.25
0 0 42.25
0 0 42.25
0 0 42.25
0 0 -169
0 0 42.25
0 0 42.25
0 0 42.25
0 0 42.25
0 0 -169
0 0 42.25
0 0 42.25
0 0 42.25
0 0 42.25
0 0 -169
0 0 42.25
0 0 42.25
0 0 42.25
0 0 42.25
0 0 -169
0 0 42.25
0 0 42.25
0 0 42.25
0 0 42.25
0 0 -169
0 0 42.25
0 0 42.25
0 0 42.25
0 0 42.25
0 0 -169
0 0 42.25
0 0 42.25
0 0 42.25
0 0 42.25
0 0 -169
0 0 42.25
0 0 42.25
0 0 42.25
0 0 42.25
0 0 -169
0 0 42.25
0 0 42.25
0 0 42.25
0 0 42.25
0 0 -169
0 0 42.25
0 0 42.25
0 0 42.25
0 0 42.25
0 0 -169
0 0 42.25
0 0 42.25
0 0 42.25
0 0 42.25
0 0 -169
0 0 42.25
0 0 42.25
0 0 42.25
0 0 42.25
0 0 -169
0 0 42.25
0 0 42.25
0 0 42.25
0 0 42.25
0 0 -169
0 0 42.25
0 0 42.25
0 0 42.25
0 0 42.25
0 0 -169
0 0 42.25
0 0 42.25
0 0 42.25
0 0 42.25
0 0 -169
0 0 42.25
0 0 42.25
0 0 42.25
0 0 42.25
0 0 -169
0 0 42.25
0 0 42.25
0 0 42.25
0 0 42.25
0 0 -169
0 0 42.25
0 0 42.25
0 0 42.25
0 0 42.25
0 0 -169
0 0 42.25
0 0 42.25
0 0 42.25
0 0 42.25
0 0 -169
0 0 42.25
0 0 42.25
0 0 42.25
0 0 42.25
0 0 -169
0 0 42.25
0 0 42.25
0 0 42.25
0 0 42.25
0 0 -169
0 0 42.25
0 0 42.25
0 0 42.25
0 0 42.25
0 0 -169
0 0 42.25
0 0 42.25
0 0 42.25
0 0 42.25
0 0 -169
0 0 42.25
0 0 42.25
0 0 42.25
0 0 42.25
0 0 -169
0 0 42.25
0 0 42.25
0 0 42.25
0 0 42.25
0 0 -169
0 0 42.25
0 0 42.25
0 0 42.25
0 0 42.25
0 0 -169
0 0 42.25
0 0 42.25
0 0 42.25
0 0 42.25
0 0 -169
0 0 42.25
0 0 42.25
0 0 42.25
0 0 42.25
0 0 -169
0 0 42.25
0 0 42.25
0 0 42.25
0 0 42.25
0 0 -169
0 0 42.25
0 0 42.25
0 0 42.25
0 0 42.25
0 0 -169
0 0 42.25
0 0 42.25
0 0 42.25
0 0 42.25
0 0 -169
0 0 42.25
0 0 42.25
0 0 42.25
0 0 42.25
0 0 -169
0 0 42.25
0 0 42.25
0 0 42.25
0 0 42.25
0 0 -169
0 0 42.25
0 0 42.25
0 0 42.25
0 0 42.25
0 0 -169
0 0 42.25
0 0 42.25
0 0 42.25
0 0 42.25
0 0 -169
0 0 42.25
0 0 42.25
0 0 42.25
0 0 42.25
0 0 -169
0 0 42.25
0 0 42.25
0 0 42.25
0 0 42.25
0 0 -169
0 0 42.25
0 0 42.25
0 0 42.25
0 0 42.25
0 0 -169
0 0 42.25
0 0 42.25
0 0 42.25
0 0 42.25
0 0 -169
0 0 42.25
0 0 42.25
0 0 42.25
0 0 -169
0 0 42.25
0 0 42.25
0 0 42.25
0 0 -169
0 0 42.25
0 0 42.25
0 0 42.25
0 0 42.25
0 0 -169
0 0 42.25
0 0 42.25
0 0 42.25
0 0 42.25
0 0 -169
0 0 42.25
0 0 42.25
0 0 42.25
0 0 42.25
0 0 -169
0 0 42.25
0 0 42.25
0 0 42.25
0 0 42.25
0 0 -169
0 0 42.25
0 0 42.25
0 0 42.25
0 0 42.25
0 0 -169
0 0 42.25
0 0 42.25
0 0 42.25
0 0 42.25
0 0 -169
0 0 42.25
0 0 42.25
0 0 42.25
0 0 42.25
0 0 -169
0 0 42.25
0 0 42.25
0 0 42.25
0 0 42.25
0 0 -169
0 0 42.25
0 0 42.25
0 0 42.25
0 0 42.25
0 0 -169
0 0 42.25
0 0 42.25
0 0 42.25
0 0 42.25
0 0 -169
0 0 42.25
0 0 42.25
0 0 42.25
0 0 42.25
0 0 -169
0 0 42.25
0 0 42.25
0 0 42.25
0 0 42.25
0 0 -169
0 0 42.25
0 0 42.25
0 0 42.25
0 0 42.25
0 0 -169
0 0 42.25
0 0 42.25
0 0 42.25
0 0 42.25
0 0 -169
0 0 42.25
0 0 42.25
0 0 42.25
0 0 42.25
0 0 -169
0 0 42.25
0 0 42.25
0 0 42.25
0 0 42.25
0 0 -169
0 0 42.25
0 0 42.25
0 0 42.25
0 0 42.25
0 0 -169
0 0 42.25
0 0 42.25
0 0 42.25
0 0 42.25
0 0 -169
0 0 42.25
0 0 42.25
0 0 42.25
0 0 42.25
0 0 -169
0 0 42.25
0 0 42.25
0 0 42.25
0 0 42.25
0 0 -169
0 0 42.25
0 0 42.25
0 0 42.25
0 0 42.25
0 0 -169
0 0 42.25
0 0 42.25
0 0 42.25
0 0 42.25
0 0 -169
0 0 42.25
0 0 42.25
0 0 42.25
0 0 42.25
0 0 -169
0 0 42.25
0 0 42.25
0 0 42.25
0 0 42.25
0 0 -169
0 0 42.25
0 0 42.25
0 0 42.25
0 0 42.25
0 0 -169
0 0 42.25
0 0 42.25
0 0 42.25
0 0 42.25
0 0 -169
0 0 42.25
0 0 42.25
0 0 42.25
0 0 42.25
0 0 -169
0 0 42.25
0 0 42.25
0 0 42.25
0 0 42.25
0 0 -169
0 0 42.25
0 0 42.25
0 0 42.25
0 0 42.25
0 0 -169
0 0 42.25
0 0 42.25
0 0 42.25
0 0 42.25
0 0 -169
0 0 42.25
0 0 42.25
0 0 42.25
0 0 42.25
0 0 -169
0 0 42.25
0 0 42.25
0 0 42.25
0 0 42.25
0 0 -169
0 0 42.25
0 0 42.25
0 0 42.25
0 0 42.25
0 0 -169
0 0 42.25
0 0 42.25
0 0 42.25
0 0 42.25
0 0 -169
0 0 42.25
0 0 42.25
0 0 42.25
0 0 42.25
0 0 -169
0 0 42.25
0 0 42.25
0 0 42.25
0 0 42.25
0 0 -169
0 0 42.25
0 0 42.25
0 0 42.25
0 0 42.25
0 0 -169
0 0 42.25
0 0 42.25
0 0 42.25
0 0 42.25
0 0 -169
0 0 42.25
0 0 42.25
0 0 42.25
0 0 42.25
0 0 -169
0 0 42.25
0 0 42.25
0 0 42.25
0 0 42.25
0 0 -169
0 0 42.25
0 0 42.25
0 0 42.25
0 0 42.25
0 0 -169
0 0 42.25
0 0 42.25
0 0 42.25
0 0 42.25
0 0 -169
0 0 42.25
0 0 42.25
0 0 42.25
0 0 42.25
0 0 -169
0 0 42.25
0 0 42.25
0 0 42.25
0 0 42.25
0 0 -169
0 0 42.25
0 0 42.25
0 0 42.25
0 0 42.25
0 0 -169
0 0 42.25
0 0 42.25
0 0 42.25
0 0 42.25
0 0 -169
0 0 42.25
0 0 42.25
0 0 42.25
0 0 42.25
0 0 -169
0 0 42.25
0 0 42.25
0 0 42.25
0 0 42.25
0 0 -169
0 0 42.25
0 0 42.25
0 0 42.25
0 0 42.25
0 0 -169
0 0 42.25
0 0 42.25
0 0 42.25
0 0 42.25
0 0 -169
0 0 42.25
0 0 42.25
0 0 42.25
0 0 42.25
0 0 -169
0 0 42.25
0 0 42.25
0 0 42.25
0 0 42.25
0 0 -169
0 0 42.25
0 0 42.25
0 0 42.25
0 0 42.25
0 0 -169
0 0 42.25
0 0 42.25
0 0 42.25
0 0 42.25
0 0 -169
0 0 42.25
0 0 42.25
0 0 42.25
0 0 42.25
0 0 -169
0 0 42.25
0 0 42.25
0 0 42.25
0 0 42.25
0 0 -169
0 0 42.25
0 0 42.25
0 0 42.25
0 0 42.25
0 0 -169
0 0 42.25
0 0 42.25
0 0 42.25
0 0 42.25
0 0 -169
0 0 42.25
0 0 42.25
0 0 42.25
0 0 42.25
0 0 -169
0 0 42.25
0 0 42.25
0 0 42.25
0 0 42.25
0 0 -169
0 0 42.25
0 0 42.25
0 0 42.25
0 0 42.25
0 0 -169
0 0 42.25
0 0 42.25
0 0 42.25
0 0 42.25
0 0 -169
0 0 42.25
0 0 42.25
0 0 42.25
0 0 -169
0 0 42.25
0 0 42.25
0 0 42.25
0 0 -169
0 0 42.25
0 0 42.25
0 0 42.25
0 0 42.25
0 0 -169
0 0 42.25
0 0 42.25
0 0 42.25
0 0 42.25
0 0 -169
0 0 42.25
0 0 42.25
0 0 42.25
0 0 42.25
0 0 -169
0 0 42.25
0 0 42.25
0 0 42.25
0 0 42.25
0 0 -169
0 0 42.25
0 0 42.25
0 0 42.25
0 0 42.25
0 0 -169
0 0 42.25
0 0 42.25
0 0 42.25
0 0 42.25
0 0 -169
0 0 42.25
0 0 42.25
0 0 42.25
0 0 42.25
0 0 -169
0 0 42.25
0 0 42.25
0 0 42.25
0 0 42.25
0 0 -169
0 0 42.25
0 0 42.25
0 0 42.25
0 0 42.25
0 0 -169
0 0 42.25
0 0 42.25
0 0 42.25
0 0 42.25
0 0 -169
0 0 42.25
0 0 42.25
0 0 42.25
0 0 42.25
0 0 -169
0 0 42.25
0 0 42.25
0 0 42.25
0 0 42.25
0 0 -169
0 0 42.25
0 0 42.25
0 0 42.25
0 0 42.25
0 0 -169
0 0 42.25
0 0 42.25
0 0 42.25
0 0 42.25
0 0 -169
0 0 42.25
0 0 42.25
0 0 42.25
0 0 42.25
0 0 -169
0 0 42.25
0 0 42.25
0 0 42.25
0 0 42.25
0 0 -169
0 0 42.25
0 0 42.25
0 0 42.25
0 0 42.25
0 0 -169
0 0 42.25
0 0 42.25
0 0 42.25
0 0 42.25
0 0 -169
0 0 42.25
0 0 42.25
0 0 42.25
0 0 42.25
0 0 -169
0 0 42.25
0 0 42.25
0 0 42.25
0 0 42.25
0 0 -169
0 0 42.25
0 0 42.25
0 0 42.25
0 0 42.25
0 0 -169
0 0 42.25
0 0 42.25
0 0 42.25
0 0 42.25
0 0 -169
0 0 42.25
0 0 42.25
0 0 42.25
0 0 42.25
0 0 -169
0 0 42.25
0 0 42.25
0 0 42.25
0 0 42.25
0 0 -169
0 0 42.25
0 0 42.25
0 0 42.25
0 0 42.25
0 0 -169
0 0 42.25
0 0 42.25
0 0 42.25
0 0 42.25
0 0 -169
0 0 42.25
0 0 42.25
0 0 42.25
0 0 42.25
0 0 -169
0 0 42.25
0 0 42.25
0 0 42.25
0 0 42.25
0 0 -169
0 0 42.25
0 0 42.25
0 0 42.25
0 0 42.25
0 0 -169
0 0 42.25
0 0 42.25
0 0 42.25
0 0 42.25
0 0 -169
0 0 42.25
0 0 42.25
0 0 42.25
0 0 42.25
0 0 -169
0 0 42.25
0 0 42.25
0 0 42.25
0 0 42.25
0 0 -169
0 0 42.25
0 0 42.25
0 0 42.25
0 0 42.25
0 0 -169
0 0 42.25
0 0 42.25
0 0 42.25
0 0 42.25
0 0 -169
0 0 42.25
0 0 42.25
0 0 42.25
0 0 42.25
0 0 -169
0 0 42.25
0 0 42.25
0 0 42.25
0 0 42.25
0 0 -169
0 0 42.25
0 0 42.25
0 0 42.25
0 0 42.25
0 0 -169
0 0 42.25
0 0 42.25
0 0 42.25
0 0 42.25
0 0 -169
0 0 42.25
0 0 42.25
0 0 42.25
0 0 42.25
0 0 -169
0 0 42.25
0 0 42.25
0 0 42.25
0 0 42.25
0 0 -169
0 0 42.25
0 0 42.25
0 0 42.25
0 0 42.25
0 0 -169
0 0 42.25
0 0 42.25
0 0 42.25
0 0 42.25
0 0 -169
0 0 42.25
0 0 42.25
0 0 42.25
0 0 42.25
0 0 -169
0 0 42.25
0 0 42.25
0 0 42.25
0 0 42.25
0 0 -169
0 0 42.25
0 0 42.25
0 0 42.25
0 0 42.25
0 0 -169
0 0 42.25
0 0 42.25
0 0 42.25
0 0 42.25
0 0 -169
0 0 42.25
0 0 42.25
0 0 42.25
0 0 42.25
0 0 -169
0 0 42.25
0 0 42.25
0 0 42.25
0 0 42.25
0 0 -169
0 0 42.25
0 0 42.25
0 0 42.25
0 0 42.25
0 0 -169
0 0 42.25
0 0 42.25
0 0 42.25
0 0 42.25
0 0 -169
0 0 42.25
0 0 42.25
0 0 42.25
0 0 42.25
0 0 -169
0 0 42.25
0 0 42.25
0 0 42.25
0 0 42.25
0 0 -169
0 0 42.25
0 0 42.25
0 0 42.25
0 0 42.25
0 0 -169
0 0 42.25
0 0 42.25
0 0 42.25
0 0 42.25
0 0 -169
0 0 42.25
0 0 42.25
0 0 42.25
0 0 42.25
0 0 -169
0 0 42.25
0 0 42.25
0 0 42.25
0 0 42.25
0 0 -169
0 0 42.25
0 0 42.25
0 0 42.25
0 0 42.25
0 0 -169
0 0 42.25
0 0 42.25
0 0 42.25
0 0 42.25
0 0 -169
0 0 42.25
0 0 42.25
0 0 42.25
0 0 42.25
0 0 -169
0 0 42.25
0 0 42.25
0 0 42.25
0 0 42.25
0 0 -169
0 0 42.25
0 0 42.25
0 0 42.25
0 0 42.25
0 0 -169
0 0 42.25
0 0 42.25
0 0 42.25
0 0 42.25
0 0 -169
0 0 42.25
0 0 42.25
0 0 42.25
0 0 -169
0 0 42.25
0 0 42.25
0 0 42.25
0 0 -169
0 0 42.25
0 0 42.25
0 0 42.25
0 0 42.25
0 0 -169
0 0 42.25
0 0 42.25
0 0 42.25
0 0 42.25
0 0 -169
0 0 42.25
0 0 42.25
0 0 42.25
0 0 42.25
0 0 -169
0 0 42.25
0 0 42.25
0 0 42.25
0 0 42.25
0 0 -169
0 0 42.25
0 0 42.25
0 0 42.25
0 0 42.25
0 0 -169
0 0 42.25
0 0 42.25
0 0 42.25
0 0 42.25
0 0 -169
0 0 42.25
0 0 42.25
0 0 42.25
0 0 42.25
0 0 -169
0 0 42.25
0 0 42.25
0 0 42.25
0 0 42.25
0 0 -169
0 0 42.25
0 0 42.25
0 0 42.25
0 0 42.25
0 0 -169
0 0 42.25
0 0 42.25
0 0 42.25
0 0 42.25
0 0 -169
0 0 42.25
0 0 42.25
0 0 42.25
0 0 42.25
0 0 -169
0 0 42.25
0 0 42.25
0 0 42.25
0 0 42.25
0 0 -169
0 0 42.25
0 0 42.25
0 0 42.25
0 0 42.25
0 0 -169
0 0 42.25
0 0 42.25
0 0 42.25
0 0 42.25
0 0 -169
0 0 42.25
0 0 42.25
0 0 42.25
0 0 42.25
0 0 -169
0 0 42.25
0 0 42.25
0 0 42.25
0 0 42.25
0 0 -169
0 0 42.25
0 0 42.25
0 0 42.25
0 0 42.25
0 0 -169
0 0 42.25
0 0 42.25
0 0 42.25
0 0 42.25
0 0 -169
0 0 42.25
0 0 42.25
0 0 42.25
0 0 42.25
0 0 -169
0 0 42.25
0 0 42.25
0 0 42.25
0 0 42.25
0 0 -169
0 0 42.25
0 0 42.25
0 0 42.25
0 0 42.25
0 0 -169
0 0 42.25
0 0 42.25
0 0 42.25
0 0 42.25
0 0 -169
0 0 42.25
0 0 42.25
0 0 42.25
0 0 42.25
0 0 -169
0 0 42.25
0 0 42.25
0 0 42.25
0 0 42.25
0 0 -169
0 0 42.25
0 0 42.25
0 0 42.25
0 0 42.25
0 0 -169
0 0 42.25
0 0 42.25
0 0 42.25
0 0 42.25
0 0 -169
0 0 42.25
0 0 42.25
0 0 42.25
0 0 42.25
0 0 -169
0 0 42.25
0 0 42.25
0 0 42.25
0 0 42.25
0 0 -169
0 0 42.25
0 0 42.25
0 0 42.25
0 0 42.25
0 0 -169
0 0 42.25
0 0 42.25
0 0 42.25
0 0 42.25
0 0 -169
0 0 42.25
0 0 42.25
0 0 42.25
0 0 42.25
0 0 -169
0 0 42.25
0 0 42.25
0 0 42.25
0 0 42.25
0 0 -169
0 0 42.25
0 0 42.25
0 0 42.25
0 0 42.25
0 0 -169
0 0 42.25
0 0 42.25
0 0 42.25
0 0 42.25
0 0 -169
0 0 42.25
0 0 42.25
0 0 42.25
0 0 42.25
0 0 -169
0 0 42.25
0 0 42.25
0 0 42.25
0 0 42.25
0 0 -169
0 0 42.25
0 0 42.25
0 0 42.25
0 0 42.25
0 0 -169
0 0 42.25
0 0 42.25
0 0 42.25
0 0 42.25
0 0 -169
0 0 42.25
0 0 42.25
0 0 42.25
0 0 42.25
0 0 -169
0 0 42.25
0 0 42.25
0 0 42.25
0 0 42.25
0 0 -169
0 0 42.25
0 0 42.25
0 0 42.25
0 0 42.25
0 0 -169
0 0 42.25
0 0 42.25
0 0 42.25
0 0 42.25
0 0 -169
0 0 42.25
0 0 42.25
0 0 42.25
0 0 42.25
0 0 -169
0 0 42.25
0 0 42.25
0 0 42.25
0 0 42.25
0 0 -169
0 0 42.25
0 0 42.25
0 0 42.25
0 0 42.25
0 0 -169
0 0 42.25
0 0 42.25
0 0 42.25
0 0 42.25
0 0 -169
0 0 42.25
0 0 42.25
0 0 42.25
0 0 42.25
0 0 -169
0 0 42.25
0 0 42.25
0 0 42.25
0 0 42.25
0 0 -169
0 0 42.25
0 0 42.25
0 0 42.25
0 0 42.25
0 0 -169
0 0 42.25
0 0 42.25
0 0 42.25
0 0 42.25
0 0 -169
0 0 42.25
0 0 42.25
0 0 42.25
0 0 42.25
0 0 -169
0 0 42.25
0 0 42.25
0 0 42.25
0 0 42.25
0 0 -169
0 0 42.25
0 0 42.25
0 0 42.25
0 0 42.25
0 0 -169
0 0 42.25
0 0 42.25
0 0 42.25
0 0 42.25
0 0 -169
0 0 42.25
0 0 42.25
0 0 42.25
0 0 42.25
0 0 -169
0 0 42.25
0 0 42.25
0 0 42.25
0 0 42.25
0 0 -169
0 0 42.25
0 0 42.25
0 0 42.25
0 0 42.25
0 0 -169
0 0 42.25
0 0 42.25
0 0 42.25
0 0 42.25
0 0 -169
0 0 42.25
0 0 42.25
0 0 42.25
0 0 42.25
0 0 -169
0 0 42.25
0 0 42.25
0 0 42.25
0 0 42.25
0 0 -169
0 0 42.25
0 0 42.25
0 0 42.25
0 0 42.25
0 0 -169
0 0 42.25
0 0 42.25
0 0 42.25
0 0 42.25
0 0 -169
0 0 42.25
0 0 42.25
0 0 42.25
0 0 -169
0 0 42.25
0 0 42.25
0 0 42.25
0 0 -169
0 0 42.25
0 0 42.25
0 0 42.25
0 0 42.25
0 0 -169
0 0 42.25
0 0 42.25
0 0 42.25
0 0 42.25
0 0 -169
0 0 42.25
0 0 42.25
0 0 42.25
0 0 42.25
0 0 -169
0 0 42.25
0 0 42.25
0 0 42.25
0 0 42.25
0 0 -169
0 0 42.25
0 0 42.25
0 0 42.25
0 0 42.25
0 0 -169
0 0 42.25
0 0 42.25
0 0 42.25
0 0 42.25
0 0 -169
0 0 42.25
0 0 42.25
0 0 42.25
0 0 42.25
0 0 -169
0 0 42.25
0 0 42.25
0 0 42.25
0 0 42.25
0 0 -169
0 0 42.25
0 0 42.25
0 0 42.25
0 0 42.25
0 0 -169
0 0 42.25
0 0 42.25
0 0 42.25
0 0 42.25
0 0 -169
0 0 42.25
0 0 42.25
0 0 42.25
0 0 42.25
0 0 -169
0 0 42.25
0 0 42.25
0 0 42.25
0 0 42.25
0 0 -169
0 0 42.25
0 0 42.25
0 0 42.25
0 0 42.25
0 0 -169
0 0 42.25
0 0 42.25
0 0 42.25
0 0 42.25
0 0 -169
0 0 42.25
0 0 42.25
0 0 42.25
0 0 42.25
0 0 -169
0 0 42.25
0 0 42.25
0 0 42.25
0 0 42.25
0 0 -169
0 0 42.25
0 0 42.25
0 0 42.25
0 0 42.25
0 0 -169
0 0 42.25
0 0 42.25
0 0 42.25
0 0 42.25
0 0 -169
0 0 42.25
0 0 42.25
0 0 42.25
0 0 42.25
0 0 -169
0 0 42.25
0 0 42.25
0 0 42.25
0 0 42.25
0 0 -169
0 0 42.25
0 0 42.25
0 0 42.25
0 0 42.25
0 0 -169
0 0 42.25
0 0 42.25
0 0 42.25
0 0 42.25
0 0 -169
0 0 42.25
0 0 42.25
0 0 42.25
0 0 42.25
0 0 -169
0 0 42.25
0 0 42.25
0 0 42.25
0 0 42.25
0 0 -169
0 0 42.25
0 0 42.25
0 0 42.25
0 0 42.25
0 0 -169
0 0 42.25
0 0 42.25
0 0 42.25
0 0 42.25
0 0 -169
0 0 42.25
0 0 42.25
0 0 42.25
0 0 42.25
0 0 -169
0 0 42.25
0 0 42.25
0 0 42.25
0 0 42.25
0 0 -169
0 0 42.25
0 0 42.25
0 0 42.25
0 0 42.25
0 0 -169
0 0 42.25
0 0 42.25
0 0 42.25
0 0 42.25
0 0 -169
0 0 42.25
0 0 42.25
0 0 42.25
0 0 42.25
0 0 -169
0 0 42.25
0 0 42.25
0 0 42.25
0 0 42.25
0 0 -169
0 0 42.25
0 0 42.25
0 0 42.25
0 0 42.25
0 0 -169
0 0 42.25
0 0 42.25
0 0 42.25
0 0 42.25
0 0 -169
0 0 42.25
0 0 42.25
0 0 42.25
0 0 42.25
0 0 -169
0 0 42.25
0 0 42.25
0 0 42.25
0 0 42.25
0 0 -169
0 0 42.25
0 0 42.25
0 0 42.25
0 0 42.25
0 0 -169
0 0 42.25
0 0 42.25
0 0 42.25
0 0 42.25
0 0 -169
0 0 42.25
0 0 42.25
0 0 42.25
0 0 42.25
0 0 -169
0 0 42.25
0 0 42.25
0 0 42.25
0 0 42.25
0 0 -169
0 0 42.25
0 0 42.25
0 0 42.25
0 0 42.25
0 0 -169
0 0 42.25
0 0 42.25
0 0 42.25
0 0 42.25
0 0 -169
0 0 42.25
0 0 42.25
0 0 42.25
0 0 42.25
0 0 -169
0 0 42.25
0 0 42.25
0 0 42.25
0 0 42.25
0 0 -169
0 0 42.25
0 0 42.25
0 0 42.25
0 0 42.25
0 0 -169
0 0 42.25
0 0 42.25
0 0 42.25
0 0 42.25
0 0 -169
0 0 42.25
0 0 42.25
0 0 42.25
0 0 42.25
0 0 -169
0 0 42.25
0 0 42.25
0 0 42.25
0 0 42.25
0 0 -169
0 0 42.25
0 0 42.25
0 0 42.25
0 0 42.25
0 0 -169
0 0 42.25
0 0 42.25
0 0 42.25
0 0 42.25
0 0 -169
0 0 42.25
0 0 42.25
0 0 42.25
0 0 42.25
0 0 -169
0 0 42.25
0 0 42.25
0 0 42.25
0 0 42.25
0 0 -169
0 0 42.25
0 0 42.25
0 0 42.25
0 0 42.25
0 0 -169
0 0 42.25
0 0 42.25
0 0 42.25
0 0 42.25
0 0 -169
0 0 42.25
0 0 42.25
0 0 42.25
0 0 42.25
0 0 -169
0 0 42.25
0 0 42.25
0 0 42.25
0 0 42.25
0 0 -169
0 0 42.25
0 0 42.25
0 0 42.25
0 0 42.25
0 0 -169
0 0 42.25
0 0 42.25
0 0 42.25
0 0 42.25
0 0 -169
0 0 42.25
0 0 42.25
0 0 42.25
0 0 42.25
0 0 -169
0 0 42.25
0 0 42.25
0 0 42.25
0 0 42.25
0 0 -169
0 0 42.25
0 0 42.25
0 0 42.25
0 0 42.25
0 0 -169
0 0 42.25
0 0 42.25
0 0 42.25
0 0 42.25
0 0 -169
0 0 42.25
0 0 42.25
0 0 42.25
0 0 -169
0 0 42.25
0 0 42.25
0 0 42.25
0 0 -169
0 0 42.25
0 0 42.25
0 0 42.25
0 0 42.25
0 0 -169
0 0 42.25
0 0 42.25
0 0 42.25
0 0 42.25
0 0 -169
0 0 42.25
0 0 42.25
0 0 42.25
0 0 42.25
0 0 -169
0 0 42.25
0 0 42.25
0 0 42.25
0 0 42.25
0 0 -169
0 0 42.25
0 0 42.25
0 0 42.25
0 0 42.25
0 0 -169
0 0 42.25
0 0 42.25
0 0 42.25
0 0 42.25
0 0 -169
0 0 42.25
0 0 42.25
0 0 42.25
0 0 42.25
0 0 -169
0 0 42.25
0 0 42.25
0 0 42.25
0 0 42.25
0 0 -169
0 0 42.25
0 0 42.25
0 0 42.25
0 0 42.25
0 0 -169
0 0 42.25
0 0 42.25
0 0 42.25
0 0 42.25
0 0 -169
0 0 42.25
0 0 42.25
0 0 42.25
0 0 42.25
0 0 -169
0 0 42.25
0 0 42.25
0 0 42.25
0 0 42.25
0 0 -169
0 0 42.25
0 0 42.25
0 0 42.25
0 0 42.25
0 0 -169
0 0 42.25
0 0 42.25
0 0 42.25
0 0 42.25
0 0 -169
0 0 42.25
0 0 42.25
0 0 42.25
0 0 42.25
0 0 -169
0 0 42.25
0 0 42.25
0 0 42.25
0 0 42.25
0 0 -169
0 0 42.25
0 0 42.25
0 0 42.25
0 0 42.25
0 0 -169
0 0 42.25
0 0 42.25
0 0 42.25
0 0 42.25
0 0 -169
0 0 42.25
0 0 42.25
0 0 42.25
0 0 42.25
0 0 -169
0 0 42.25
0 0 42.25
0 0 42.25
0 0 42.25
0 0 -169
0 0 42.25
0 0 42.25
0 0 42.25
0 0 42.25
0 0 -169
0 0 42.25
0 0 42.25
0 0 42.25
0 0 42.25
0 0 -169
0 0 42.25
0 0 42.25
0 0 42.25
0 0 42.25
0 0 -169
0 0 42.25
0 0 42.25
0 0 42.25
0 0 42.25
0 0 -169
0 0 42.25
0 0 42.25
0 0 42.25
0 0 42.25
0 0 -169
0 0 42.25
0 0 42.25
0 0 42.25
0 0 42.25
0 0 -169
0 0 42.25
0 0 42.25
0 0 42.25
0 0 42.25
0 0 -169
0 0 42.25
0 0 42.25
0 0 42.25
0 0 42.25
0 0 -169
0 0 42.25
0 0 42.25
0 0 42.25
0 0 42.25
0 0 -169
0 0 42.25
0 0 42.25
0 0 42.25
0 0 42.25
0 0 -169
0 0 42.25
0 0 42.25
0 0 42.25
0 0 42.25
0 0 -169
0 0 42.25
0 0 42.25
0 0 42.25
0 0 42.25
0 0 -169
0 0 42.25
0 0 42.25
0 0 42.25
0 0 42.25
0 0 -169
0 0 42.25
0 0 42.25
0 0 42.25
0 0 42.25
0 0 -169
0 0 42.25
0 0 42.25
0 0 42.25
0 0 42.25
0 0 -169
0 0 42.25
0 0 42.25
0 0 42.25
0 0 42.25
0 0 -169
0 0 42.25
0 0 42.25
0 0 42.25
0 0 42.25
0 0 -169
0 0 42.25
0 0 42.25
0 0 42.25
0 0 42.25
0 0 -169
0 0 42.25
0 0 42.25
0 0 42.25
0 0 42.25
0 0 -169
0 0 42.25
0 0 42.25
0 0 42.25
0 0 42.25
0 0 -169
0 0 42.25
0 0 42.25
0 0 42.25
0 0 42.25
0 0 -169
0 0 42.25
0 0 42.25
0 0 42.25
0 0 42.25
0 0 -169
0 0 42.25
0 0 42.25
0 0 42.25
0 0 42.25
0 0 -169
0 0 42.25
0 0 42.25
0 0 42.25
0 0 42.25
0 0 -169
0 0 42.25
0 0 42.25
0 0 42.25
0 0 42.25
0 0 -169
0 0 42.25
0 0 42.25
0 0 42.25
0 0 42.25
0 0 -169
0 0 42.25
0 0 42.25
0 0 42.25
0 0 42.25
0 0 -169
0 0 42.25
0 0 42.25
0 0 42.25
0 0 42.25
0 0 -169
0 0 42.25
0 0 42.25
0 0 42.25
0 0 42.25
0 0 -169
0 0 42.25
0 0 42.25
0 0 42.25
0 0 42.25
0 0 -169
0 0 42.25
0 0 42.25
0 0 42.25
0 0 42.25
0 0 -169
0 0 42.25
0 0 42.25
0 0 42.25
0 0 42.25
0 0 -169
0 0 42.25
0 0 42.25
0 0 42.25
0 0 42.25
0 0 -169
0 0 42.25
0 0 42.25
0 0 42.25
0 0 42.25
0 0 -169
0 0 42.25
0 0 42.25
0 0 42.25
0 0 42.25
0 0 -169
0 0 42.25
0 0 42.25
0 0 42.25
0 0 42.25
0 0 -169
0 0 42.25
0 0 42.25
0 0 42.25
0 0 42.25
0 0 -169
0 0 42.25
0 0 42.25
0 0 42.25
0 0 42.25
0 0 -169
0 0 42.25
0 0 42.25
0 0 42.25
0 0 42.25
0 0 -169
0 0 42.25
0 0 42.25
0 0 42.25
0 0 42.25
0 0 -169
0 0 42.25
0 0 42.25
0 0 42.25
0 0 42.25
0 0 -169
0 0 42.25
0 0 42.25
0 0 42.25
0 0 42.25
0 0 -169
0 0 42.25
0 0 42.25
0 0 42.25
0 0 -169
0 0 42.25
0 0 42.25
0 0 42.25
0 0 -169
0 0 42.25
0 0 42.25
0 0 42.25
0 0 42.25
0 0 -169
0 0 42.25
0 0 42.25
0 0 42.25
0 0 42.25
0 0 -169
0 0 42.25
0 0 42.25
0 0 42.25
0 0 42.25
0 0 -169
0 0 42.25
0 0 42.25
0 0 42.25
0 0 42.25
0 0 -169
0 0 42.25
0 0 42.25
0 0 42.25
0 0 42.25
0 0 -169
0 0 42.25
0 0 42.25
0 0 42.25
0 0 42.25
0 0 -169
0 0 42.25
0 0 42.25
0 0 42.25
0 0 42.25
0 0 -169
0 0 42.25
0 0 42.25
0 0 42.25
0 0 42.25
0 0 -169
0 0 42.25
0 0 42.25
0 0 42.25
0 0 42.25
0 0 -169
0 0 42.25
0 0 42.25
0 0 42.25
0 0 42.25
0 0 -169
0 0 42.25
0 0 42.25
0 0 42.25
0 0 42.25
0 0 -169
0 0 42.25
0 0 42.25
0 0 42.25
0 0 42.25
0 0 -169
0 0 42.25
0 0 42.25
0 0 42.25
0 0 42.25
0 0 -169
0 0 42.25
0 0 42.25
0 0 42.25
0 0 42.25
0 0 -169
0 0 42.25
0 0 42.25
0 0 42.25
0 0 42.25
0 0 -169
0 0 42.25
0 0 42.25
0 0 42.25
0 0 42.25
0 0 -169
0 0 42.25
0 0 42.25
0 0 42.25
0 0 42.25
0 0 -169
0 0 42.25
0 0 42.25
0 0 42.25
0 0 42.25
0 0 -169
0 0 42.25
0 0 42.25
0 0 42.25
0 0 42.25
0 0 -169
0 0 42.25
0 0 42.25
0 0 42.25
0 0 42.25
0 0 -169
0 0 42.25
0 0 42.25
0 0 42.25
0 0 42.25
0 0 -169
0 0 42.25
0 0 42.25
0 0 42.25
0 0 42.25
0 0 -169
0 0 42.25
0 0 42.25
0 0 42.25
0 0 42.25
0 0 -169
0 0 42.25
0 0 42.25
0 0 42.25
0 0 42.25
0 0 -169
0 0 42.25
0 0 42.25
0 0 42.25
0 0 42.25
0 0 -169
0 0 42.25
0 0 42.25
0 0 42.25
0 0 42.25
0 0 -169
0 0 42.25
0 0 42.25
0 0 42.25
0 0 42.25
0 0 -169
0 0 42.25
0 0 42.25
0 0 42.25
0 0 42.25
0 0 -169
0 0 42.25
0 0 42.25
0 0 42.25
0 0 42.25
0 0 -169
0 0 42.25
0 0 42.25
0 0 42.25
0 0 42.25
0 0 -169
0 0 42.25
0 0 42.25
0 0 42.25
0 0 42.25
0 0 -169
0 0 42.25
0 0 42.25
0 0 42.25
0 0 42.25
0 0 -169
0 0 42.25
0 0 42.25
0 0 42.25
0 0 42.25
0 0 -169
0 0 42.25
0 0 42.25
0 0 42.25
0 0 42.25
0 0 -169
0 0 42.25
0 0 42.25
0 0 42.25
0 0 42.25
0 0 -169
0 0 42.25
0 0 42.25
0 0 42.25
0 0 42.25
0 0 -169
0 0 42.25
0 0 42.25
0 0 42.25
0 0 42.25
0 0 -169
0 0 42.25
0 0 42.25
0 0 42.25
0 0 42.25
0 0 -169
0 0 42.25
0 0 42.25
0 0 42.25
0 0 42.25
0 0 -169
0 0 42.25
0 0 42.25
0 0 42.25
0 0 42.25
0 0 -169
0 0 42.25
0 0 42.25
0 0 42.25
0 0 42.25
0 0 -169
0 0 42.25
0 0 42.25
0 0 42.25
0 0 42.25
0 0 -169
0 0 42.25
0 0 42.25
0 0 42.25
0 0 42.25
0 0 -169
0 0 42.25
0 0 42.25
0 0 42.25
0 0 42.25
0 0 -169
0 0 42.25
0 0 42.25
0 0 42.25
0 0 42.25
0 0 -169
0 0 42.25
0 0 42.25
0 0 42.25
0 0 42.25
0 0 -169
0 0 42.25
0 0 42.25
0 0 42.25
0 0 42.25
0 0 -169
0 0 42.25
0 0 42.25
0 0 42.25
0 0 42.25
0 0 -169
0 0 42.25
0 0 42.25
0 0 42.25
0 0 42.25
0 0 -169
0 0 42.25
0 0 42.25
0 0 42.25
0 0 42.25
0 0 -169
0 0 42.25
0 0 42.25
0 0 42.25
0 0 42.25
0 0 -169
0 0 42.25
0 0 42.25
0 0 42.25
0 0 42.25
0 0 -169
0 0 42.25
0 0 42.25
0 0 42.25
0 0 42.25
0 0 -169
0 0 42.25
0 0 42.25
0 0 42.25
0 0 42.25
0 0 -169
0 0 42.25
0 0 42.25
0 0 42.25
0 0 42.25
0 0 -169
0 0 42.25
0 0 42.25
0 0 42.25
0 0 42.25
0 0 -169
0 0 42.25
0 0 42.25
0 0 42.25
0 0 42.25
0 0 -169
0 0 42.25
0 0 42.25
0 0 42.25
0 0 42.25
0 0 -169
0 0 42.25
0 0 42.25
0 0 42.25
0 0 42.25
0 0 -169
0 0 42.25
0 0 42.25
0 0 42.25
0 0 42.25
0 0 -169
0 0 42.25
0 0 42.25
0 0 42.25
0 0 42.25
0 0 -169
0 0 42.25
0 0 42.25
0 0 42.25
0 0 42.25
0 0 -169
0 0 42.25
0 0 42.25
0 0 42.25
0 0 -169
0 0 42.25
0 0 42.25
0 0 42.25
0 0 -169
0 0 42.25
0 0 42.25
0 0 42.25
0 0 42.25
0 0 -169
0 0 42.25
0 0 42.25
0 0 42.25
0 0 42.25
0 0 -169
0 0 42.25
0 0 42.25
0 0 42.25
0 0 42.25
0 0 -169
0 0 42.25
0 0 42.25
0 0 42.25
0 0 42.25
0 0 -169
0 0 42.25
0 0 42.25
0 0 42.25
0 0 42.25
0 0 -169
0 0 42.25
0 0 42.25
0 0 42.25
0 0 42.25
0 0 -169
0 0 42.25
0 0 42.25
0 0 42.25
0 0 42.25
0 0 -169
0 0 42.25
0 0 42.25
0 0 42.25
0 0 42.25
0 0 -169
0 0 42.25
0 0 42.25
0 0 42.25
0 0 42.25
0 0 -169
0 0 42.25
0 0 42.25
0 0 42.25
0 0 42.25
0 0 -169
0 0 42.25
0 0 42.25
0 0 42.25
0 0 42.25
0 0 -169
0 0 42.25
0 0 42.25
0 0 42.25
0 0 42.25
0 0 -169
0 0 42.25
0 0 42.25
0 0 42.25
0 0 42.25
0 0 -169
0 0 42.25
0 0 42.25
0 0 42.25
0 0 42.25
0 0 -169
0 0 42.25
0 0 42.25
0 0 42.25
0 0 42.25
0 0 -169
0 0 42.25
0 0 42.25
0 0 42.25
0 0 42.25
0 0 -169
0 0 42.25
0 0 42.25
0 0 42.25
0 0 42.25
0 0 -169
0 0 42.25
0 0 42.25
0 0 42.25
0 0 42.25
0 0 -169
0 0 42.25
0 0 42.25
0 0 42.25
0 0 42.25
0 0 -169
0 0 42.25
0 0 42.25
0 0 42.25
0 0 42.25
0 0 -169
0 0 42.25
0 0 42.25
0 0 42.25
0 0 42.25
0 0 -169
0 0 42.25
0 0 42.25
0 0 42.25
0 0 42.25
0 0 -169
0 0 42.25
0 0 42.25
0 0 42.25
0 0 42.25
0 0 -169
0 0 42.25
0 0 42.25
0 0 42.25
0 0 42.25
0 0 -169
0 0 42.25
0 0 42.25
0 0 42.25
0 0 42.25
0 0 -169
0 0 42.25
0 0 42.25
0 0 42.25
0 0 42.25
0 0 -169
0 0 42.25
0 0 42.25
0 0 42.25
0 0 42.25
0 0 -169
0 0 42.25
0 0 42.25
0 0 42.25
0 0 42.25
0 0 -169
0 0 42.25
0 0 42.25
0 0 42.25
0 0 42.25
0 0 -169
0 0 42.25
0 0 42.25
0 0 42.25
0 0 42.25
0 0 -169
0 0 42.25
0 0 42.25
0 0 42.25
0 0 42.25
0 0 -169
0 0 42.25
0 0 42.25
0 0 42.25
0 0 42.25
0 0 -169
0 0 42.25
0 0 42.25
0 0 42.25
0 0 42.25
0 0 -169
0 0 42.25
0 0 42.25
0 0 42.25
0 0 42.25
0 0 -169
0 0 42.25
0 0 42.25
0 0 42.25
0 0 42.25
0 0 -169
0 0 42.25
0 0 42.25
0 0 42.25
0 0 42.25
0 0 -169
0 0 42.25
0 0 42.25
0 0 42.25
0 0 42.25
0 0 -169
0 0 42.25
0 0 42.25
0 0 42.25
0 0 42.25
0 0 -169
0 0 42.25
0 0 42.25
0 0 42.25
0 0 42.25
0 0 -169
0 0 42.25
0 0 42.25
0 0 42.25
0 0 42.25
0 0 -169
0 0 42.25
0 0 42.25
0 0 42.25
0 0 42.25
0 0 -169
0 0 42.25
0 0 42.25
0 0 42.25
0 0 42.25
0 0 -169
0 0 42.25
0 0 42.25
0 0 42.25
0 0 42.25
0 0 -169
0 0 42.25
0 0 42.25
0 0 42.25
0 0 42.25
0 0 -169
0 0 42.25
0 0 42.25
0 0 42.25
0 0 42.25
0 0 -169
0 0 42.25
0 0 42.25
0 0 42.25
0 0 42.25
0 0 -169
0 0 42.25
0 0 42.25
0 0 42.25
0 0 42.25
0 0 -169
0 0 42.25
0 0 42.25
0 0 42.25
0 0 42.25
0 0 -169
0 0 42.25
0 0 42.25
0 0 42.25
0 0 42.25
0 0 -169
0 0 42.25
0 0 42.25
0 0 42.25
0 0 42.25
0 0 -169
0 0 42.25
0 0 42.25
0 0 42.25
0 0 42.25
0 0 -169
0 0 42.25
0 0 42.25
0 0 42.25
0 0 42.25
0 0 -169
0 0 42.25
0 0 42.25
0 0 42.25
0 0 42.25
0 0 -169
0 0 42.25
0 0 42.25
0 0 42.25
0 0 42.25
0 0 -169
0 0 42.25
0 0 42.25
0 0 42.25
0 0 42.25
0 0 -169
0 0 42.25
0 0 42.25
0 0 42.25
0 0 42.25
0 0 -169
0 0 42.25
0 0 42.25
0 0 42.25
0 0 42.25
0 0 -169
0 0 42.25
0 0 42.25
0 0 42.25
0 0 42.25
0 0 -169
0 0 42.25
0 0 42.25
0 0 42.25
0 0 42.25
0 0 -169
0 0 42.25
0 0 42.25
0 0 42.25
0 0 42.25
0 0 -169
0 0 42.25
0 0 42.25
0 0 42.25
0 0 42.25
0 0 -169
0 0 42.25
0 0 42.25
0 0 42.25
0 0 42.25
0 0 -169
0 0 42.25
0 0 42.25
0 0 42.25
0 0 -169
0 0 42.25
0 0 42.25
0 0 42.25
0 0 -169
0 0 42.25
0 0 42.25
0 0 42.25
0 0 42.25
0 0 -169
0 0 42.25
0 0 42.25
0 0 42.25
0 0 42.25
0 0 -169
0 0 42.25
0 0 42.25
0 0 42.25
0 0 42.25
0 0 -169
0 0 42.25
0 0 42.25
0 0 42.25
0 0 42.25
0 0 -169
0 0 42.25
0 0 42.25
0 0 42.25
0 0 42.25
0 0 -169
0 0 42.25
0 0 42.25
0 0 42.25
0 0 42.25
0 0 -169
0 0 42.25
0 0 42.25
0 0 42.25
0 0 42.25
0 0 -169
0 0 42.25
0 0 42.25
0 0 42.25
0 0 42.25
0 0 -169
0 0 42.25
0 0 42.25
0 0 42.25
0 0 42.25
0 0 -169
0 0 42.25
0 0 42.25
0 0 42.25
0 0 42.25
0 0 -169
0 0 42.25
0 0 42.25
0 0 42.25
0 0 42.25
0 0 -169
0 0 42.25
0 0 42.25
0 0 42.25
0 0 42.25
0 0 -169
0 0 42.25
0 0 42.25
0 0 42.25
0 0 42.25
0 0 -169
0 0 42.25
0 0 42.25
0 0 42.25
0 0 42.25
0 0 -169
0 0 42.25
0 0 42.25
0 0 42.25
0 0 42.25
0 0 -169
0 0 42.25
0 0 42.25
0 0 42.25
0 0 42.25
0 0 -169
0 0 42.25
0 0 42.25
0 0 42.25
0 0 42.25
0 0 -169
0 0 42.25
0 0 42.25
0 0 42.25
0 0 42.25
0 0 -169
0 0 42.25
0 0 42.25
0 0 42.25
0 0 42.25
0 0 -169
0 0 42.25
0 0 42.25
0 0 42.25
0 0 42.25
0 0 -169
0 0 42.25
0 0 42.25
0 0 42.25
0 0 42.25
0 0 -169
0 0 42.25
0 0 42.25
0 0 42.25
0 0 42.25
0 0 -169
0 0 42.25
0 0 42.25
0 0 42.25
0 0 42.25
0 0 -169
0 0 42.25
0 0 42.25
0 0 42.25
0 0 42.25
0 0 -169
0 0 42.25
0 0 42.25
0 0 42.25
0 0 42.25
0 0 -169
0 0 42.25
0 0 42.25
0 0 42.25
0 0 42.25
0 0 -169
0 0 42.25
0 0 42.25
0 0 42.25
0 0 42.25
0 0 -169
0 0 42.25
0 0 42.25
0 0 42.25
0 0 42.25
0 0 -169
0 0 42.25
0 0 42.25
0 0 42.25
0 0 42.25
0 0 -169
0 0 42.25
0 0 42.25
0 0 42.25
0 0 42.25
0 0 -169
0 0 42.25
0 0 42.25
0 0 42.25
0 0 42.25
0 0 -169
0 0 42.25
0 0 42.25
0 0 42.25
0 0 42.25
0 0 -169
0 0 42.25
0 0 42.25
0 0 42.25
0 0 42.25
0 0 -169
0 0 42.25
0 0 42.25
0 0 42.25
0 0 42.25
0 0 -169
0 0 42.25
0 0 42.25
0 0 42.25
0 0 42.25
0 0 -169
0 0 42.25
0 0 42.25
0 0 42.25
0 0 42.25
0 0 -169
0 0 42.25
0 0 42.25
0 0 42.25
0 0 42.25
0 0 -169
0 0 42.25
0 0 42.25
0 0 42.25
0 0 42.25
0 0 -169
0 0 42.25
0 0 42.25
0 0 42.25
0 0 42.25
0 0 -169
0 0 42.25
0 0 42.25
0 0 42.25
0 0 42.25
0 0 -169
0 0 42.25
0 0 42.25
0 0 42.25
0 0 42.25
0 0 -169
0 0 42.25
0 0 42.25
0 0 42.25
0 0 42.25
0 0 -169
0 0 42.25
0 0 42.25
0 0 42.25
0 0 42.25
0 0 -169
0 0 42.25
0 0 42.25
0 0 42.25
0 0 42.25
0 0 -169
0 0 42.25
0 0 42.25
0 0 42.25
0 0 42.25
0 0 -169
0 0 42.25
0 0 42.25
0 0 42.25
0 0 42.25
0 0 -169
0 0 42.25
0 0 42.25
0 0 42.25
0 0 42.25
0 0 -169
0 0 42.25
0 0 42.25
0 0 42.25
0 0 42.25
0 0 -169
0 0 42.25
0 0 42.25
0 0 42.25
0 0 42.25
0 0 -169
0 0 42.25
0 0 42.25
0 0 42.25
0 0 42.25
0 0 -169
0 0 42.25
0 0 42.25
0 0 42.25
0 0 42.25
0 0 -169
0 0 42.25
0 0 42.25
0 0 42.25
0 0 42.25
0 0 -169
0 0 42.25
0 0 42.25
0 0 42.25
0 0 42.25
0 0 -169
0 0 42.25
0 0 42.25
0 0 42.25
0 0 42.25
0 0 -169
0 0 42.25
0 0 42.25
0 0 42.25
0 0 42.25
0 0 -169
0 0 42.25
0 0 42.25
0 0 42.25
0 0 42.25
0 0 -169
0 0 42.25
0 0 42.25
0 0 42.25
0 0 42.25
0 0 -169
0 0 42.25
0 0 42.25
0 0 42.25
0 0 42.25
0 0 -169
0 0 42.25
0 0 42.25
0 0 42.25
0 0 42.25
0 0 -169
0 0 42.25
0 0 42.25
0 0 42.25
0 0 42.25
0 0 -169
0 0 42.25
0 0 42.25
0 0 42.25
0 0 42.25
0 0 -169
0 0 42.25
0 0 42.25
0 0 42.25
0 0 42.25
0 0 -169
0 0 42.25
0 0 42.25
0 0 42.25
0 0 -169
0 0 42.25
0 0 42.25
0 0 42.25
0 0 -169
0 0 42.25
0 0 42.25
0 0 42.25
0 0 42.25
0 0 -169
0 0 42.25
0 0 42.25
0 0 42.25
0 0 42.25
0 0 -169
0 0 42.25
0 0 42.25
0 0 42.25
0 0 42.25
0 0 -169
0 0 42.25
0 0 42.25
0 0 42.25
0 0 42.25
0 0 -169
0 0 42.25
0 0 42.25
0 0 42.25
0 0 42.25
0 0 -169
0 0 42.25
0 0 42.25
0 0 42.25
0 0 42.25
0 0 -169
0 0 42.25
0 0 42.25
0 0 42.25
0 0 42.25
0 0 -169
0 0 42.25
0 0 42.25
0 0 42.25
0 0 42.25
0 0 -169
0 0 42.25
0 0 42.25
0 0 42.25
0 0 42.25
0 0 -169
0 0 42.25
0 0 42.25
0 0 42.25
0 0 42.25
0 0 -169
0 0 42.25
0 0 42.25
0 0 42.25
0 0 42.25
0 0 -169
0 0 42.25
0 0 42.25
0 0 42.25
0 0 42.25
0 0 -169
0 0 42.25
0 0 42.25
0 0 42.25
0 0 42.25
0 0 -169
0 0 42.25
0 0 42.25
0 0 42.25
0 0 42.25
0 0 -169
0 0 42.25
0 0 42.25
0 0 42.25
0 0 42.25
0 0 -169
0 0 42.25
0 0 42.25
0 0 42.25
0 0 42.25
0 0 -169
0 0 42.25
0 0 42.25
0 0 42.25
0 0 42.25
0 0 -169
0 0 42.25
0 0 42.25
0 0 42.25
0 0 42.25
0 0 -169
0 0 42.25
0 0 42.25
0 0 42.25
0 0 42.25
0 0 -169
0 0 42.25
0 0 42.25
0 0 42.25
0 0 42.25
0 0 -169
0 0 42.25
0 0 42.25
0 0 42.25
0 0 42.25
0 0 -169
0 0 42.25
0 0 42.25
0 0 42.25
0 0 42.25
0 0 -169
0 0 42.25
0 0 42.25
0 0 42.25
0 0 42.25
0 0 -169
0 0 42.25
0 0 42.25
0 0 42.25
0 0 42.25
0 0 -169
0 0 42.25
0 0 42.25
0 0 42.25
0 0 42.25
0 0 -169
0 0 42.25
0 0 42.25
0 0 42.25
0 0 42.25
0 0 -169
0 0 42.25
0 0 42.25
0 0 42.25
0 0 42.25
0 0 -169
0 0 42.25
0 0 42.25
0 0 42.25
0 0 42.25
0 0 -169
0 0 42.25
0 0 42.25
0 0 42.25
0 0 42.25
0 0 -169
0 0 42.25
0 0 42.25
0 0 42.25
0 0 42.25
0 0 -169
0 0 42.25
0 0 42.25
0 0 42.25
0 0 42.25
0 0 -169
0 0 42.25
0 0 42.25
0 0 42.25
0 0 42.25
0 0 -169
0 0 42.25
0 0 42.25
0 0 42.25
0 0 42.25
0 0 -169
0 0 42.25
0 0 42.25
0 0 42.25
0 0 42.25
0 0 -169
0 0 42.25
0 0 42.25
0 0 42.25
0 0 42.25
0 0 -169
0 0 42.25
0 0 42.25
0 0 42.25
0 0 42.25
0 0 -169
0 0 42.25
0 0 42.25
0 0 42.25
0 0 42.25
0 0 -169
0 0 42.25
0 0 42.25
0 0 42.25
0 0 42.25
0 0 -169
0 0 42.25
0 0 42.25
0 0 42.25
0 0 42.25
0 0 -169
0 0 42.25
0 0 42.25
0 0 42.25
0 0 42.25
0 0 -169
0 0 42.25
0 0 42.25
0 0 42.25
0 0 42.25
0 0 -169
0 0 42.25
0 0 42.25
0 0 42.25
0 0 42.25
0 0 -169
0 0 42.25
0 0 42.25
0 0 42.25
0 0 42.25
0 0 -169
0 0 42.25
0 0 42.25
0 0 42.25
0 0 42.25
0 0 -169
0 0 42.25
0 0 42.25
0 0 42.25
0 0 42.25
0 0 -169
0 0 42.25
0 0 42.25
0 0 42.25
0 0 42.25
0 0 -169
0 0 42.25
0 0 42.25
0 0 42.25
0 0 42.25
0 0 -169
0 0 42.25
0 0 42.25
0 0 42.25
0 0 42.25
0 0 -169
0 0 42.25
0 0 42.25
0 0 42.25
0 0 42.25
0 0 -169
0 0 42.25
0 0 42.25
0 0 42.25
0 0 42.25
0 0 -169
0 0 42.25
0 0 42.25
0 0 42.25
0 0 42.25
0 0 -169
0 0 42.25
0 0 42.25
0 0 42.25
0 0 42.25
0 0 -169
0 0 42.25
0 0 42.25
0 0 42.25
0 0 42.25
0 0 -169
0 0 42.25
0 0 42.25
0 0 42.25
0 0 42.25
0 0 -169
0 0 42.25
0 0 42.25
0 0 42.25
0 0 42.25
0 0 -169
0 0 42.25
0 0 42.25
0 0 42.25
0 0 42.25
0 0 -169
0 0 42.25
0 0 42.25
0 0 42.25
0 0 42.25
0 0 -169
0 0 42.25
0 0 42.25
0 0 42.25
0 0 42.25
0 0 -169
0 0 42.25
0 0 42.25
0 0 42.25
0 0 42.25
0 0 -169
0 0 42.25
0 0 42.25
0 0 42.25
0 0 42.25
0 0 -169
0 0 42.25
0 0 42.25
0 0 42.25
0 0 42.25
0 0 -169
0 0 42.25
0 0 42.25
0 0 42.25
0 0 42.25
0 0 -169
0 0 42.25
0 0 42.25
0 0 42.25
0 0 -169
0 0 42.25
0 0 42.25
0 0 42.25
0 0 -169
0 0 42.25
0 0 42.25
0 0 42.25
0 0 42.25
0 0 -169
0 0 42.25
0 0 42.25
0 0 42.25
0 0 42.25
0 0 -169
0 0 42.25
0 0 42.25
0 0 42.25
0 0 42.25
0 0 -169
0 0 42.25
0 0 42.25
0 0 42.25
0 0 42.25
0 0 -169
0 0 42.25
0 0 42.25
0 0 42.25
0 0 42.25
0 0 -169
0 0 42.25
0 0 42.25
0 0 42.25
0 0 42.25
0 0 -169
0 0 42.25
0 0 42.25
0 0 42.25
0 0 42.25
0 0 -169
0 0 42.25
0 0 42.25
0 0 42.25
0 0 42.25
0 0 -169
0 0 42.25
0 0 42.25
0 0 42.25
0 0 42.25
0 0 -169
0 0 42.25
0 0 42.25
0 0 42.25
0 0 42.25
0 0 -169
0 0 42.25
0 0 42.25
0 0 42.25
0 0 42.25
0 0 -169
0 0 42.25
0 0 42.25
0 0 42.25
0 0 42.25
0 0 -169
0 0 42.25
0 0 42.25
0 0 42.25
0 0 42.25
0 0 -169
0 0 42.25
0 0 42.25
0 0 42.25
0 0 42.25
0 0 -169
0 0 42.25
0 0 42.25
0 0 42.25
0 0 42.25
0 0 -169
0 0 42.25
0 0 42.25
0 0 42.25
0 0 42.25
0 0 -169
0 0 42.25
0 0 42.25
0 0 42.25
0 0 42.25
0 0 -169
0 0 42.25
0 0 42.25
0 0 42.25
0 0 42.25
0 0 -169
0 0 42.25
0 0 42.25
0 0 42.25
0 0 42.25
0 0 -169
0 0 42.25
0 0 42.25
0 0 42.25
0 0 42.25
0 0 -169
0 0 42.25
0 0 42.25
0 0 42.25
0 0 42.25
0 0 -169
0 0 42.25
0 0 42.25
0 0 42.25
0 0 42.25
0 0 -169
0 0 42.25
0 0 42.25
0 0 42.25
0 0 42.25
0 0 -169
0 0 42.25
0 0 42.25
0 0 42.25
0 0 42.25
0 0 -169
0 0 42.25
0 0 42.25
0 0 42.25
0 0 42.25
0 0 -169
0 0 42.25
0 0 42.25
0 0 42.25
0 0 42.25
0 0 -169
0 0 42.25
0 0 42.25
0 0 42.25
0 0 42.25
0 0 -169
0 0 42.25
0 0 42.25
0 0 42.25
0 0 42.25
0 0 -169
0 0 42.25
0 0 42.25
0 0 42.25
0 0 42.25
0 0 -169
0 0 42.25
0 0 42.25
0 0 42.25
0 0 42.25
0 0 -169
0 0 42.25
0 0 42.25
0 0 42.25
0 0 42.25
0 0 -169
0 0 42.25
0 0 42.25
0 0 42.25
0 0 42.25
0 0 -169
0 0 42.25
0 0 42.25
0 0 42.25
0 0 42.25
0 0 -169
0 0 42.25
0 0 42.25
0 0 42.25
0 0 42.25
0 0 -169
0 0 42.25
0 0 42.25
0 0 42.25
0 0 42.25
0 0 -169
0 0 42.25
0 0 42.25
0 0 42.25
0 0 42.25
0 0 -169
0 0 42.25
0 0 42.25
0 0 42.25
0 0 42.25
0 0 -169
0 0 42.25
0 0 42.25
0 0 42.25
0 0 42.25
0 0 -169
0 0 42.25
0 0 42.25
0 0 42.25
0 0 42.25
0 0 -169
0 0 42.25
0 0 42.25
0 0 42.25
0 0 42.25
0 0 -169
0 0 42.25
0 0 42.25
0 0 42.25
0 0 42.25
0 0 -169
0 0 42.25
0 0 42.25
0 0 42.25
0 0 42.25
0 0 -169
0 0 42.25
0 0 42.25
0 0 42.25
0 0 42.25
0 0 -169
0 0 42.25
0 0 42.25
0 0 42.25
0 0 42.25
0 0 -169
0 0 42.25
0 0 42.25
0 0 42.25
0 0 42.25
0 0 -169
0 0 42.25
0 0 42.25
0 0 42.25
0 0 42.25
0 0 -169
0 0 42.25
0 0 42.25
0 0 42.25
0 0 42.25
0 0 -169
0 0 42.25
0 0 42.25
0 0 42.25
0 0 42.25
0 0 -169
0 0 42.25
0 0 42.25
0 0 42.25
0 0 42.25
0 0 -169
0 0 42.25
0 0 42.25
0 0 42.25
0 0 42.25
0 0 -169
0 0 42.25
0 0 42.25
0 0 42.25
0 0 42.25
0 0 -169
0 0 42.25
0 0 42.25
0 0 42.25
0 0 42.25
0 0 -169
0 0 42.25
0 0 42.25
0 0 42.25
0 0 42.25
0 0 -169
0 0 42.25
0 0 42.25
0 0 42.25
0 0 42.25
0 0 -169
0 0 42.25
0 0 42.25
0 0 42.25
0 0 42.25
0 0 -169
0 0 42.25
0 0 42.25
0 0 42.25
0 0 42.25
0 0 -169
0 0 42.25
0 0 42.25
0 0 42.25
0 0 42.25
0 0 -169
0 0 42.25
0 0 42.25
0 0 42.25
0 0 42.25
0 0 -169
0 0 42.25
0 0 42.25
0 0 42.25
0 0 42.25
0 0 -169
0 0 42.25
0 0 42.25
0 0 42.25
0 0 42.25
0 0 -169
0 0 42.25
0 0 42.25
0 0 42.25
0 0 42.25
0 0 -169
0 0 42.25
0 0 42.25
0 0 42.25
0 0 42.25
0 0 -169
0 0 42.25
0 0 42.25
0 0 42.25
0 0 -169
0 0 42.25
0 0 42.25
0 0 42.25
0 0 -169
0 0 42.25
0 0 42.25
0 0 42.25
0 0 42.25
0 0 -169
0 0 42.25
0 0 42.25
0 0 42.25
0 0 42.25
0 0 -169
0 0 42.25
0 0 42.25
0 0 42.25
0 0 42.25
0 0 -169
0 0 42.25
0 0 42.25
0 0 42.25
0 0 42.25
0 0 -169
0 0 42.25
0 0 42.25
0 0 42.25
0 0 42.25
0 0 -169
0 0 42.25
0 0 42.25
0 0 42.25
0 0 42.25
0 0 -169
0 0 42.25
0 0 42.25
0 0 42.25
0 0 42.25
0 0 -169
0 0 42.25
0 0 42.25
0 0 42.25
0 0 42.25
0 0 -169
0 0 42.25
0 0 42.25
0 0 42.25
0 0 42.25
0 0 -169
0 0 42.25
0 0 42.25
0 0 42.25
0 0 42.25
0 0 -169
0 0 42.25
0 0 42.25
0 0 42.25
0 0 42.25
0 0 -169
0 0 42.25
0 0 42.25
0 0 42.25
0 0 42.25
0 0 -169
0 0 42.25
0 0 42.25
0 0 42.25
0 0 42.25
0 0 -169
0 0 42.25
0 0 42.25
0 0 42.25
0 0 42.25
0 0 -169
0 0 42.25
0 0 42.25
0 0 42.25
0 0 42.25
0 0 -169
0 0 42.25
0 0 42.25
0 0 42.25
0 0 42.25
0 0 -169
0 0 42.25
0 0 42.25
0 0 42.25
0 0 42.25
0 0 -169
0 0 42.25
0 0 42.25
0 0 42.25
0 0 42.25
0 0 -169
0 0 42.25
0 0 42.25
0 0 42.25
0 0 42.25
0 0 -169
0 0 42.25
0 0 42.25
0 0 42.25
0 0 42.25
0 0 -169
0 0 42.25
0 0 42.25
0 0 42.25
0 0 42.25
0 0 -169
0 0 42.25
0 0 42.25
0 0 42.25
0 0 42.25
0 0 -169
0 0 42.25
0 0 42.25
0 0 42.25
0 0 42.25
0 0 -169
0 0 42.25
0 0 42.25
0 0 42.25
0 0 42.25
0 0 -169
0 0 42.25
0 0 42.25
0 0 42.25
0 0 42.25
0 0 -169
0 0 42.25
0 0 42.25
0 0 42.25
0 0 42.25
0 0 -169
0 0 42.25
0 0 42.25
0 0 42.25
0 0 42.25
0 0 -169
0 0 42.25
0 0 42.25
0 0 42.25
0 0 42.25
0 0 -169
0 0 42.25
0 0 42.25
0 0 42.25
0 0 42.25
0 0 -169
0 0 42.25
0 0 42.25
0 0 42.25
0 0 42.25
0 0 -169
0 0 42.25
0 0 42.25
0 0 42.25
0 0 42.25
0 0 -169
0 0 42.25
0 0 42.25
0 0 42.25
0 0 42.25
0 0 -169
0 0 42.25
0 0 42.25
0 0 42.25
0 0 42.25
0 0 -169
0 0 42.25
0 0 42.25
0 0 42.25
0 0 42.25
0 0 -169
0 0 42.25
0 0 42.25
0 0 42.25
0 0 42.25
0 0 -169
0 0 42.25
0 0 42.25
0 0 42.25
0 0 42.25
0 0 -169
0 0 42.25
0 0 42.25
0 0 42.25
0 0 42.25
0 0 -169
0 0 42.25
0 0 42.25
0 0 42.25
0 0 42.25
0 0 -169
0 0 42.25
0 0 42.25
0 0 42.25
0 0 42.25
0 0 -169
0 0 42.25
0 0 42.25
0 0 42.25
0 0 42.25
0 0 -169
0 0 42.25
0 0 42.25
0 0 42.25
0 0 42.25
0 0 -169
0 0 42.25
0 0 42.25
0 0 42.25
0 0 42.25
0 0 -169
0 0 42.25
0 0 42.25
0 0 42.25
0 0 42.25
0 0 -169
0 0 42.25
0 0 42.25
0 0 42.25
0 0 42.25
0 0 -169
0 0 42.25
0 0 42.25
0 0 42.25
0 0 42.25
0 0 -169
0 0 42.25
0 0 42.25
0 0 42.25
0 0 42.25
0 0 -169
0 0 42.25
0 0 42.25
0 0 42.25
0 0 42.25
0 0 -169
0 0 42.25
0 0 42.25
0 0 42.25
0 0 42.25
0 0 -169
0 0 42.25
0 0 42.25
0 0 42.25
0 0 42.25
0 0 -169
0 0 42.25
0 0 42.25
0 0 42.25
0 0 42.25
0 0 -169
0 0 42.25
0 0 42.25
0 0 42.25
0 0 42.25
0 0 -169
0 0 42.25
0 0 42.25
0 0 42.25
0 0 42.25
0 0 -169
0 0 42.25
0 0 42.25
0 0 42.25
0 0 42.25
0 0 -169
0 0 42.25
0 0 42.25
0 0 42.25
0 0 42.25
0 0 -169
0 0 42.25
0 0 42.25
0 0 42.25
0 0 42.25
0 0 -169
0 0 42.25
0 0 42.25
0 0 42.25
0 0 42.25
0 0 -169
0 0 42.25
0 0 42.25
0 0 42.25
0 0 42.25
0 0 -169
0 0 42.25
0 0 42.25
0 0 42.25
0 0 42.25
0 0 -169
0 0 42.25
0 0 42.25
0 0 42.25
0 0 42.25
0 0 -169
0 0 42.25
0 0 42.25
0 0 42.25
0 0 42.25
0 0 -169
0 0 42.25
0 0 42.25
0 0 42.25
0 0 42.25
0 0 -169
0 0 42.25
0 0 42.25
0 0 42.25
0 0 42.25
0 0 -169
0 0 42.25
0 0 42.25
0 0 42.25
0 0 -169
0 0 42.25
0 0 42.25
0 0 42.25
0 0 -169
0 0 42.25
0 0 42.25
0 0 42.25
0 0 42.25
0 0 -169
0 0 42.25
0 0 42.25
0 0 42.25
0 0 42.25
0 0 -169
0 0 42.25
0 0 42.25
0 0 42.25
0 0 42.25
0 0 -169
0 0 42.25
0 0 42.25
0 0 42.25
0 0 42.25
0 0 -169
0 0 42.25
0 0 42.25
0 0 42.25
0 0 42.25
0 0 -169
0 0 42.25
0 0 42.25
0 0 42.25
0 0 42.25
0 0 -169
0 0 42.25
0 0 42.25
0 0 42.25
0 0 42.25
0 0 -169
0 0 42.25
0 0 42.25
0 0 42.25
0 0 42.25
0 0 -169
0 0 42.25
0 0 42.25
0 0 42.25
0 0 42.25
0 0 -169
0 0 42.25
0 0 42.25
0 0 42.25
0 0 42.25
0 0 -169
0 0 42.25
0 0 42.25
0 0 42.25
0 0 42.25
0 0 -169
0 0 42.25
0 0 42.25
0 0 42.25
0 0 42.25
0 0 -169
0 0 42.25
0 0 42.25
0 0 42.25
0 0 42.25
0 0 -169
0 0 42.25
0 0 42.25
0 0 42.25
0 0 42.25
0 0 -169
0 0 42.25
0 0 42.25
0 0 42.25
0 0 42.25
0 0 -169
0 0 42.25
0 0 42.25
0 0 42.25
0 0 42.25
0 0 -169
0 0 42.25
0 0 42.25
0 0 42.25
0 0 42.25
0 0 -169
0 0 42.25
0 0 42.25
0 0 42.25
0 0 42.25
0 0 -169
0 0 42.25
0 0 42.25
0 0 42.25
0 0 42.25
0 0 -169
0 0 42.25
0 0 42.25
0 0 42.25
0 0 42.25
0 0 -169
0 0 42.25
0 0 42.25
0 0 42.25
0 0 42.25
0 0 -169
0 0 42.25
0 0 42.25
0 0 42.25
0 0 42.25
0 0 -169
0 0 42.25
0 0 42.25
0 0 42.25
0 0 42.25
0 0 -169
0 0 42.25
0 0 42.25
0 0 42.25
0 0 42.25
0 0 -169
0 0 42.25
0 0 42.25
0 0 42.25
0 0 42.25
0 0 -169
0 0 42.25
0 0 42.25
0 0 42.25
0 0 42.25
0 0 -169
0 0 42.25
0 0 42.25
0 0 42.25
0 0 42.25
0 0 -169
0 0 42.25
0 0 42.25
0 0 42.25
0 0 42.25
0 0 -169
0 0 42.25
0 0 42.25
0 0 42.25
0 0 42.25
0 0 -169
0 0 42.25
0 0 42.25
0 0 42.25
0 0 42.25
0 0 -169
0 0 42.25
0 0 42.25
0 0 42.25
0 0 42.25
0 0 -169
0 0 42.25
0 0 42.25
0 0 42.25
0 0 42.25
0 0 -169
0 0 42.25
0 0 42.25
0 0 42.25
0 0 42.25
0 0 -169
0 0 42.25
0 0 42.25
0 0 42.25
0 0 42.25
0 0 -169
0 0 42.25
0 0 42.25
0 0 42.25
0 0 42.25
0 0 -169
0 0 42.25
0 0 42.25
0 0 42.25
0 0 42.25
0 0 -169
0 0 42.25
0 0 42.25
0 0 42.25
0 0 42.25
0 0 -169
0 0 42.25
0 0 42.25
0 0 42.25
0 0 42.25
0 0 -169
0 0 42.25
0 0 42.25
0 0 42.25
0 0 42.25
0 0 -169
0 0 42.25
0 0 42.25
0 0 42.25
0 0 42.25
0 0 -169
0 0 42.25
0 0 42.25
0 0 42.25
0 0 42.25
0 0 -169
0 0 42.25
0 0 42.25
0 0 42.25
0 0 42.25
0 0 -169
0 0 42.25
0 0 42.25
0 0 42.25
0 0 42.25
0 0 -169
0 0 42.25
0 0 42.25
0 0 42.25
0 0 42.25
0 0 -169
0 0 42.25
0 0 42.25
0 0 42.25
0 0 42.25
0 0 -169
0 0 42.25
0 0 42.25
0 0 42.25
0 0 42.25
0 0 -169
0 0 42.25
0 0 42.25
0 0 42.25
0 0 42.25
0 0 -169
0 0 42.25
0 0 42.25
0 0 42.25
0 0 42.25
0 0 -169
0 0 42.25
0 0 42.25
0 0 42.25
0 0 42.25
0 0 -169
0 0 42.25
0 0 42.25
0 0 42.25
0 0 42.25
0 0 -169
0 0 42.25
0 0 42.25
0 0 42.25
0 0 42.25
0 0 -169
0 0 42.25
0 0 42.25
0 0 42.25
0 0 42.25
0 0 -169
0 0 42.25
0 0 42.25
0 0 42.25
0 0 42.25
0 0 -169
0 0 42.25
0 0 42.25
0 0 42.25
0 0 42.25
0 0 -169
0 0 42.25
0 0 42.25
0 0 42.25
0 0 42.25
0 0 -169
0 0 42.25
0 0 42.25
0 0 42.25
0 0 42.25
0 0 -169
0 0 42.25
0 0 42.25
0 0 42.25
0 0 42.25
0 0 -169
0 0 42.25
0 0 42.25
0 0 42.25
0 0 42.25
0 0 -169
0 0 42.25
0 0 42.25
0 0 42.25
0 0 42.25
0 0 -169
0 0 42.25
0 0 42.25
0 0 42.25
0 0 42.25
0 0 -169
0 0 42.25
0 0 42.25
0 0 42.25
0 0 42.25
0 0 -169
0 0 42.25
0 0 42.25
0 0 42.25
0 0 42.25
0 0 -169
0 0 42.25
0 0 42.25
0 0 42.25
0 0 -169
0 0 42.25
0 0 42.25
0 0 42.25
0 0 -169
0 0 42.25
0 0 42.25
0 0 42.25
0 0 42.25
0 0 -169
0 0 42.25
0 0 42.25
0 0 42.25
0 0 42.25
0 0 -169
0 0 42.25
0 0 42.25
0 0 42.25
0 0 42.25
0 0 -169
0 0 42.25
0 0 42.25
0 0 42.25
0 0 42.25
0 0 -169
0 0 42.25
0 0 42.25
0 0 42.25
0 0 42.25
0 0 -169
0 0 42.25
0 0 42.25
0 0 42.25
0 0 42.25
0 0 -169
0 0 42.25
0 0 42.25
0 0 42.25
0 0 42.25
0 0 -169
0 0 42.25
0 0 42.25
0 0 42.25
0 0 42.25
0 0 -169
0 0 42.25
0 0 42.25
0 0 42.25
0 0 42.25
0 0 -169
0 0 42.25
0 0 42.25
0 0 42.25
0 0 42.25
0 0 -169
0 0 42.25
0 0 42.25
0 0 42.25
0 0 42.25
0 0 -169
0 0 42.25
0 0 42.25
0 0 42.25
0 0 42.25
0 0 -169
0 0 42.25
0 0 42.25
0 0 42.25
0 0 42.25
0 0 -169
0 0 42.25
0 0 42.25
0 0 42.25
0 0 42.25
0 0 -169
0 0 42.25
0 0 42.25
0 0 42.25
0 0 42.25
0 0 -169
0 0 42.25
0 0 42.25
0 0 42.25
0 0 42.25
0 0 -169
0 0 42.25
0 0 42.25
0 0 42.25
0 0 42.25
0 0 -169
0 0 42.25
0 0 42.25
0 0 42.25
0 0 42.25
0 0 -169
0 0 42.25
0 0 42.25
0 0 42.25
0 0 42.25
0 0 -169
0 0 42.25
0 0 42.25
0 0 42.25
0 0 42.25
0 0 -169
0 0 42.25
0 0 42.25
0 0 42.25
0 0 42.25
0 0 -169
0 0 42.25
0 0 42.25
0 0 42.25
0 0 42.25
0 0 -169
0 0 42.25
0 0 42.25
0 0 42.25
0 0 42.25
0 0 -169
0 0 42.25
0 0 42.25
0 0 42.25
0 0 42.25
0 0 -169
0 0 42.25
0 0 42.25
0 0 42.25
0 0 42.25
0 0 -169
0 0 42.25
0 0 42.25
0 0 42.25
0 0 42.25
0 0 -169
0 0 42.25
0 0 42.25
0 0 42.25
0 0 42.25
0 0 -169
0 0 42.25
0 0 42.25
0 0 42.25
0 0 42.25
0 0 -169
0 0 42.25
0 0 42.25
0 0 42.25
0 0 42.25
0 0 -169
0 0 42.25
0 0 42.25
0 0 42.25
0 0 42.25
0 0 -169
0 0 42.25
0 0 42.25
0 0 42.25
0 0 42.25
0 0 -169
0 0 42.25
0 0 42.25
0 0 42.25
0 0 42.25
0 0 -169
0 0 42.25
0 0 42.25
0 0 42.25
0 0 42.25
0 0 -169
0 0 42.25
0 0 42.25
0 0 42.25
0 0 42.25
0 0 -169
0 0 42.25
0 0 42.25
0 0 42.25
0 0 42.25
0 0 -169
0 0 42.25
0 0 42.25
0 0 42.25
0 0 42.25
0 0 -169
0 0 42.25
0 0 42.25
0 0 42.25
0 0 42.25
0 0 -169
0 0 42.25
0 0 42.25
0 0 42.25
0 0 42.25
0 0 -169
0 0 42.25
0 0 42.25
0 0 42.25
0 0 42.25
0 0 -169
0 0 42.25
0 0 42.25
0 0 42.25
0 0 42.25
0 0 -169
0 0 42.25
0 0 42.25
0 0 42.25
0 0 42.25
0 0 -169
0 0 42.25
0 0 42.25
0 0 42.25
0 0 42.25
0 0 -169
0 0 42.25
0 0 42.25
0 0 42.25
0 0 42.25
0 0 -169
0 0 42.25
0 0 42.25
0 0 42.25
0 0 42.25
0 0 -169
0 0 42.25
0 0 42.25
0 0 42.25
0 0 42.25
0 0 -169
0 0 42.25
0 0 42.25
0 0 42.25
0 0 42.25
0 0 -169
0 0 42.25
0 0 42.25
0 0 42.25
0 0 42.25
0 0 -169
0 0 42.25
0 0 42.25
0 0 42.25
0 0 42.25
0 0 -169
0 0 42.25
0 0 42.25
0 0 42.25
0 0 42.25
0 0 -169
0 0 42.25
0 0 42.25
0 0 42.25
0 0 42.25
0 0 -169
0 0 42.25
0 0 42.25
0 0 42.25
0 0 42.25
0 0 -169
0 0 42.25
0 0 42.25
0 0 42.25
0 0 42.25
0 0 -169
0 0 42.25
0 0 42.25
0 0 42.25
0 0 42.25
0 0 -169
0 0 42.25
0 0 42.25
0 0 42.25
0 0 42.25
0 0 -169
0 0 42.25
0 0 42.25
0 0 42.25
0 0 42.25
0 0 -169
0 0 42.25
0 0 42.25
0 0 42.25
0 0 42.25
0 0 -169
0 0 42.25
0 0 42.25
0 0 42.25
0 0 42.25
0 0 -169
0 0 42.25
0 0 42.25
0 0 42.25
0 0 42.25
0 0 -169
0 0 42.25
0 0 42.25
0 0 42.25
0 0 42.25
0 0 -169
0 0 42.25
0 0 42.25
0 0 42.25
0 0 42.25
0 0 -169
0 0 42.25
0 0 42.25
0 0 42.25
0 0 42.25
0 0 -169
0 0 42.25
0 0 42.25
0 0 42.25
0 0 42.25
0 0 -169
0 0 42.25
0 0 42.25
0 0 42.25
0 0 -169
0 0 42.25
0 0 42.25
0 0 42.25
0 0 -169
0 0 42.25
0 0 42.25
0 0 42.25
0 0 42.25
0 0 -169
0 0 42.25
0 0 42.25
0 0 42.25
0 0 42.25
0 0 -169
0 0 42.25
0 0 42.25
0 0 42.25
0 0 42.25
0 0 -169
0 0 42.25
0 0 42.25
0 0 42.25
0 0 42.25
0 0 -169
0 0 42.25
0 0 42.25
0 0 42.25
0 0 42.25
0 0 -169
0 0 42.25
0 0 42.25
0 0 42.25
0 0 42.25
0 0 -169
0 0 42.25
0 0 42.25
0 0 42.25
0 0 42.25
0 0 -169
0 0 42.25
0 0 42.25
0 0 42.25
0 0 42.25
0 0 -169
0 0 42.25
0 0 42.25
0 0 42.25
0 0 42.25
0 0 -169
0 0 42.25
0 0 42.25
0 0 42.25
0 0 42.25
0 0 -169
0 0 42.25
0 0 42.25
0 0 42.25
0 0 42.25
0 0 -169
0 0 42.25
0 0 42.25
0 0 42.25
0 0 42.25
0 0 -169
0 0 42.25
0 0 42.25
0 0 42.25
0 0 42.25
0 0 -169
0 0 42.25
0 0 42.25
0 0 42.25
0 0 42.25
0 0 -169
0 0 42.25
0 0 42.25
0 0 42.25
0 0 42.25
0 0 -169
0 0 42.25
0 0 42.25
0 0 42.25
0 0 42.25
0 0 -169
0 0 42.25
0 0 42.25
0 0 42.25
0 0 42.25
0 0 -169
0 0 42.25
0 0 42.25
0 0 42.25
0 0 42.25
0 0 -169
0 0 42.25
0 0 42.25
0 0 42.25
0 0 42.25
0 0 -169
0 0 42.25
0 0 42.25
0 0 42.25
0 0 42.25
0 0 -169
0 0 42.25
0 0 42.25
0 0 42.25
0 0 42.25
0 0 -169
0 0 42.25
0 0 42.25
0 0 42.25
0 0 42.25
0 0 -169
0 0 42.25
0 0 42.25
0 0 42.25
0 0 42.25
0 0 -169
0 0 42.25
0 0 42.25
0 0 42.25
0 0 42.25
0 0 -169
0 0 42.25
0 0 42.25
0 0 42.25
0 0 42.25
0 0 -169
0 0 42.25
0 0 42.25
0 0 42.25
0 0 42.25
0 0 -169
0 0 42.25
0 0 42.25
0 0 42.25
0 0 42.25
0 0 -169
0 0 42.25
0 0 42.25
0 0 42.25
0 0 42.25
0 0 -169
0 0 42.25
0 0 42.25
0 0 42.25
0 0 42.25
0 0 -169
0 0 42.25
0 0 42.25
0 0 42.25
0 0 42.25
0 0 -169
0 0 42.25
0 0 42.25
0 0 42.25
0 0 42.25
0 0 -169
0 0 42.25
0 0 42.25
0 0 42.25
0 0 42.25
0 0 -169
0 0 42.25
0 0 42.25
0 0 42.25
0 0 42.25
0 0 -169
0 0 42.25
0 0 42.25
0 0 42.25
0 0 42.25
0 0 -169
0 0 42.25
0 0 42.25
0 0 42.25
0 0 42.25
0 0 -169
0 0 42.25
0 0 42.25
0 0 42.25
0 0 42.25
0 0 -169
0 0 42.25
0 0 42.25
0 0 42.25
0 0 42.25
0 0 -169
0 0 42.25
0 0 42.25
0 0 42.25
0 0 42.25
0 0 -169
0 0 42.25
0 0 42.25
0 0 42.25
0 0 42.25
0 0 -169
0 0 42.25
0 0 42.25
0 0 42.25
0 0 42.25
0 0 -169
0 0 42.25
0 0 42.25
0 0 42.25
0 0 42.25
0 0 -169
0 0 42.25
0 0 42.25
0 0 42.25
0 0 42.25
0 0 -169
0 0 42.25
0 0 42.25
0 0 42.25
0 0 42.25
0 0 -169
0 0 42.25
0 0 42.25
0 0 42.25
0 0 42.25
0 0 -169
0 0 42.25
0 0 42.25
0 0 42.25
0 0 42.25
0 0 -169
0 0 42.25
0 0 42.25
0 0 42.25
0 0 42.25
0 0 -169
0 0 42.25
0 0 42.25
0 0 42.25
0 0 42.25
0 0 -169
0 0 42.25
0 0 42.25
0 0 42.25
0 0 42.25
0 0 -169
0 0 42.25
0 0 42.25
0 0 42.25
0 0 42.25
0 0 -169
0 0 42.25
0 0 42.25
0 0 42.25
0 0 42.25
0 0 -169
0 0 42.25
0 0 42.25
0 0 42.25
0 0 42.25
0 0 -169
0 0 42.25
0 0 42.25
0 0 42.25
0 0 42.25
0 0 -169
0 0 42.25
0 0 42.25
0 0 42.25
0 0 42.25
0 0 -169
0 0 42.25
0 0 42.25
0 0 42.25
0 0 42.25
0 0 -169
0 0 42.25
0 0 42.25
0 0 42.25
0 0 42.25
0 0 -169
0 0 42.25
0 0 42.25
0 0 42.25
0 0 42.25
0 0 -169
0 0 42.25
0 0 42.25
0 0 42.25
0 0 42.25
0 0 -169
0 0 42.25
0 0 42.25
0 0 42.25
0 0 42.25
0 0 -169
0 0 42.25
0 0 42.25
0 0 42.25
0 0 42.25
0 0 -169
0 0 42.25
0 0 42.25
0 0 42.25
0 0 42.25
0 0 -169
0 0 42.25
0 0 42.25
0 0 42.25
0 0 42.25
0 0 -169
0 0 42.25
0 0 42.25
0 0 42.25
0 0 42.25
0 0 -169
0 0 42.25
0 0 42.25
0 0 42.25
0 0 -169
0 0 42.25
0 0 42.25
0 0 42.25
0 0 -169
0 0 42.25
0 0 42.25
0 0 42.25
0 0 42.25
0 0 -169
0 0 42.25
0 0 42.25
0 0 42.25
0 0 42.25
0 0 -169
0 0 42.25
0 0 42.25
0 0 42.25
0 0 42.25
0 0 -169
0 0 42.25
0 0 42.25
0 0 42.25
0 0 42.25
0 0 -169
0 0 42.25
0 0 42.25
0 0 42.25
0 0 42.25
0 0 -169
0 0 42.25
0 0 42.25
0 0 42.25
0 0 42.25
0 0 -169
0 0 42.25
0 0 42.25
0 0 42.25
0 0 42.25
0 0 -169
0 0 42.25
0 0 42.25
0 0 42.25
0 0 42.25
0 0 -169
0 0 42.25
0 0 42.25
0 0 42.25
0 0 42.25
0 0 -169
0 0 42.25
0 0 42.25
0 0 42.25
0 0 42.25
0 0 -169
0 0 42.25
0 0 42.25
0 0 42.25
0 0 42.25
0 0 -169
0 0 42.25
0 0 42.25
0 0 42.25
0 0 42.25
0 0 -169
0 0 42.25
0 0 42.25
0 0 42.25
0 0 42.25
0 0 -169
0 0 42.25
0 0 42.25
0 0 42.25
0 0 42.25
0 0 -169
0 0 42.25
0 0 42.25
0 0 42.25
0 0 42.25
0 0 -169
0 0 42.25
0 0 42.25
0 0 42.25
0 0 42.25
0 0 -169
0 0 42.25
0 0 42.25
0 0 42.25
0 0 42.25
0 0 -169
0 0 42.25
0 0 42.25
0 0 42.25
0 0 42.25
0 0 -169
0 0 42.25
0 0 42.25
0 0 42.25
0 0 42.25
0 0 -169
0 0 42.25
0 0 42.25
0 0 42.25
0 0 42.25
0 0 -169
0 0 42.25
0 0 42.25
0 0 42.25
0 0 42.25
0 0 -169
0 0 42.25
0 0 42.25
0 0 42.25
0 0 42.25
0 0 -169
0 0 42.25
0 0 42.25
0 0 42.25
0 0 42.25
0 0 -169
0 0 42.25
0 0 42.25
0 0 42.25
0 0 42.25
0 0 -169
0 0 42.25
0 0 42.25
0 0 42.25
0 0 42.25
0 0 -169
0 0 42.25
0 0 42.25
0 0 42.25
0 0 42.25
0 0 -169
0 0 42.25
0 0 42.25
0 0 42.25
0 0 42.25
0 0 -169
0 0 42.25
0 0 42.25
0 0 42.25
0 0 42.25
0 0 -169
0 0 42.25
0 0 42.25
0 0 42.25
0 0 42.25
0 0 -169
0 0 42.25
0 0 42.25
0 0 42.25
0 0 42.25
0 0 -169
0 0 42.25
0 0 42.25
0 0 42.25
0 0 42.25
0 0 -169
0 0 42.25
0 0 42.25
0 0 42.25
0 0 42.25
0 0 -169
0 0 42.25
0 0 42.25
0 0 42.25
0 0 42.25
0 0 -169
0 0 42.25
0 0 42.25
0 0 42.25
0 0 42.25
0 0 -169
0 0 42.25
0 0 42.25
0 0 42.25
0 0 42.25
0 0 -169
0 0 42.25
0 0 42.25
0 0 42.25
0 0 42.25
0 0 -169
0 0 42.25
0 0 42.25
0 0 42.25
0 0 42.25
0 0 -169
0 0 42.25
0 0 42.25
0 0 42.25
0 0 42.25
0 0 -169
0 0 42.25
0 0 42.25
0 0 42.25
0 0 42.25
0 0 -169
0 0 42.25
0 0 42.25
0 0 42.25
0 0 42.25
0 0 -169
0 0 42.25
0 0 42.25
0 0 42.25
0 0 42.25
0 0 -169
0 0 42.25
0 0 42.25
0 0 42.25
0 0 42.25
0 0 -169
0 0 42.25
0 0 42.25
0 0 42.25
0 0 42.25
0 0 -169
0 0 42.25
0 0 42.25
0 0 42.25
0 0 42.25
0 0 -169
0 0 42.25
0 0 42.25
0 0 42.25
0 0 42.25
0 0 -169
0 0 42.25
0 0 42.25
0 0 42.25
0 0 42.25
0 0 -169
0 0 42.25
0 0 42.25
0 0 42.25
0 0 42.25
0 0 -169
0 0 42.25
0 0 42.25
0 0 42.25
0 0 42.25
0 0 -169
0 0 42.25
0 0 42.25
0 0 42.25
0 0 42.25
0 0 -169
0 0 42.25
0 0 42.25
0 0 42.25
0 0 42.25
0 0 -169
0 0 42.25
0 0 42.25
0 0 42.25
0 0 42.25
0 0 -169
0 0 42.25
0 0 42.25
0 0 42.25
0 0 42.25
0 0 -169
0 0 42.25
0 0 42.25
0 0 42.25
0 0 42.25
0 0 -169
0 0 42.25
0 0 42.25
0 0 42.25
0 0 42.25
0 0 -169
0 0 42.25
0 0 42.25
0 0 42.25
0 0 42.25
0 0 -169
0 0 42.25
0 0 42.25
0 0 42.25
0 0 42.25
0 0 -169
0 0 42.25
0 0 42.25
0 0 42.25
0 0 42.25
0 0 -169
0 0 42.25
0 0 42.25
0 0 42.25
0 0 42.25
0 0 -169
0 0 42.25
0 0 42.25
0 0 42.25
0 0 42.25
0 0 -169
0 0 42.25
0 0 42.25
0 0 42.25
0 0 42.25
0 0 -169
0 0 42.25
0 0 42.25
0 0 42.25
0 0 42.25
0 0 -169
0 0 42.25
0 0 42.25
0 0 42.25
0 0 42.25
0 0 -169
0 0 42.25
0 0 42.25
0 0 42.25
0 0 -169
0 0 42.25
0 0 42.25
0 0 42.25
0 0 -169
0 0 42.25
0 0 42.25
0 0 42.25
0 0 42.25
0 0 -169
0 0 42.25
0 0 42.25
0 0 42.25
0 0 42.25
0 0 -169
0 0 42.25
0 0 42.25
0 0 42.25
0 0 42.25
0 0 -169
0 0 42.25
0 0 42.25
0 0 42.25
0 0 42.25
0 0 -169
0 0 42.25
0 0 42.25
0 0 42.25
0 0 42.25
0 0 -169
0 0 42.25
0 0 42.25
0 0 42.25
0 0 42.25
0 0 -169
0 0 42.25
0 0 42.25
0 0 42.25
0 0 42.25
0 0 -169
0 0 42.25
0 0 42.25
0 0 42.25
0 0 42.25
0 0 -169
0 0 42.25
0 0 42.25
0 0 42.25
0 0 42.25
0 0 -169
0 0 42.25
0 0 42.25
0 0 42.25
0 0 42.25
0 0 -169
0 0 42.25
0 0 42.25
0 0 42.25
0 0 42.25
0 0 -169
0 0 42.25
0 0 42.25
0 0 42.25
0 0 42.25
0 0 -169
0 0 42.25
0 0 42.25
0 0 42.25
0 0 42.25
0 0 -169
0 0 42.25
0 0 42.25
0 0 42.25
0 0 42.25
0 0 -169
0 0 42.25
0 0 42.25
0 0 42.25
0 0 42.25
0 0 -169
0 0 42.25
0 0 42.25
0 0 42.25
0 0 42.25
0 0 -169
0 0 42.25
0 0 42.25
0 0 42.25
0 0 42.25
0 0 -169
0 0 42.25
0 0 42.25
0 0 42.25
0 0 42.25
0 0 -169
0 0 42.25
0 0 42.25
0 0 42.25
0 0 42.25
0 0 -169
0 0 42.25
0 0 42.25
0 0 42.25
0 0 42.25
0 0 -169
0 0 42.25
0 0 42.25
0 0 42.25
0 0 42.25
0 0 -169
0 0 42.25
0 0 42.25
0 0 42.25
0 0 42.25
0 0 -169
0 0 42.25
0 0 42.25
0 0 42.25
0 0 42.25
0 0 -169
0 0 42.25
0 0 42.25
0 0 42.25
0 0 42.25
0 0 -169
0 0 42.25
0 0 42.25
0 0 42.25
0 0 42.25
0 0 -169
0 0 42.25
0 0 42.25
0 0 42.25
0 0 42.25
0 0 -169
0 0 42.25
0 0 42.25
0 0 42.25
0 0 42.25
0 0 -169
0 0 42.25
0 0 42.25
0 0 42.25
0 0 42.25
0 0 -169
0 0 42.25
0 0 42.25
0 0 42.25
0 0 42.25
0 0 -169
0 0 42.25
0 0 42.25
0 0 42.25
0 0 42.25
0 0 -169
0 0 42.25
0 0 42.25
0 0 42.25
0 0 42.25
0 0 -169
0 0 42.25
0 0 42.25
0 0 42.25
0 0 42.25
0 0 -169
0 0 42.25
0 0 42.25
0 0 42.25
0 0 42.25
0 0 -169
0 0 42.25
0 0 42.25
0 0 42.25
0 0 42.25
0 0 -169
0 0 42.25
0 0 42.25
0 0 42.25
0 0 42.25
0 0 -169
0 0 42.25
0 0 42.25
0 0 42.25
0 0 42.25
0 0 -169
0 0 42.25
0 0 42.25
0 0 42.25
0 0 42.25
0 0 -169
0 0 42.25
0 0 42.25
0 0 42.25
0 0 42.25
0 0 -169
0 0 42.25
0 0 42.25
0 0 42.25
0 0 42.25
0 0 -169
0 0 42.25
0 0 42.25
0 0 42.25
0 0 42.25
0 0 -169
0 0 42.25
0 0 42.25
0 0 42.25
0 0 42.25
0 0 -169
0 0 42.25
0 0 42.25
0 0 42.25
0 0 42.25
0 0 -169
0 0 42.25
0 0 42.25
0 0 42.25
0 0 42.25
0 0 -169
0 0 42.25
0 0 42.25
0 0 42.25
0 0 42.25
0 0 -169
0 0 42.25
0 0 42.25
0 0 42.25
0 0 42.25
0 0 -169
0 0 42.25
0 0 42.25
0 0 42.25
0 0 42.25
0 0 -169
0 0 42.25
0 0 42.25
0 0 42.25
0 0 42.25
0 0 -169
0 0 42.25
0 0 42.25
0 0 42.25
0 0 42.25
0 0 -169
0 0 42.25
0 0 42.25
0 0 42.25
0 0 42.25
0 0 -169
0 0 42.25
0 0 42.25
0 0 42.25
0 0 42.25
0 0 -169
0 0 42.25
0 0 42.25
0 0 42.25
0 0 42.25
0 0 -169
0 0 42.25
0 0 42.25
0 0 42.25
0 0 42.25
0 0 -169
0 0 42.25
0 0 42.25
0 0 42.25
0 0 42.25
0 0 -169
0 0 42.25
0 0 42.25
0 0 42.25
0 0 42.25
0 0 -169
0 0 42.25
0 0 42.25
0 0 42.25
0 0 42.25
0 0 -169
0 0 42.25
0 0 42.25
0 0 42.25
0 0 42.25
0 0 -169
0 0 42.25
0 0 42.25
0 0 42.25
0 0 42.25
0 0 -169
0 0 42.25
0 0 42.25
0 0 42.25
0 0 42.25
0 0 -169
0 0 42.25
0 0 42.25
0 0 42.25
0 0 42.25
0 0 -169
0 0 42.25
0 0 42.25
0 0 42.25
0 0 42.25
0 0 -169
0 0 42.25
0 0 42.25
0 0 42.25
0 0 42.25
0 0 -169
0 0 42.25
0 0 42.25
0 0 42.25
0 0 42.25
0 0 -169
0 0 42.25
0 0 42.25
0 0 42.25
0 0 -169
0 0 42.25
0 0 42.25
0 0 42.25
0 0 -169
0 0 42.25
0 0 42.25
0 0 42.25
0 0 42.25
0 0 -169
0 0 42.25
0 0 42.25
0 0 42.25
0 0 42.25
0 0 -169
0 0 42.25
0 0 42.25
0 0 42.25
0 0 42.25
0 0 -169
0 0 42.25
0 0 42.25
0 0 42.25
0 0 42.25
0 0 -169
0 0 42.25
0 0 42.25
0 0 42.25
0 0 42.25
0 0 -169
0 0 42.25
0 0 42.25
0 0 42.25
0 0 42.25
0 0 -169
0 0 42.25
0 0 42.25
0 0 42.25
0 0 42.25
0 0 -169
0 0 42.25
0 0 42.25
0 0 42.25
0 0 42.25
0 0 -169
0 0 42.25
0 0 42.25
0 0 42.25
0 0 42.25
0 0 -169
0 0 42.25
0 0 42.25
0 0 42.25
0 0 42.25
0 0 -169
0 0 42.25
0 0 42.25
0 0 42.25
0 0 42.25
0 0 -169
0 0 42.25
0 0 42.25
0 0 42.25
0 0 42.25
0 0 -169
0 0 42.25
0 0 42.25
0 0 42.25
0 0 42.25
0 0 -169
0 0 42.25
0 0 42.25
0 0 42.25
0 0 42.25
0 0 -169
0 0 42.25
0 0 42.25
0 0 42.25
0 0 42.25
0 0 -169
0 0 42.25
0 0 42.25
0 0 42.25
0 0 42.25
0 0 -169
0 0 42.25
0 0 42.25
0 0 42.25
0 0 42.25
0 0 -169
0 0 42.25
0 0 42.25
0 0 42.25
0 0 42.25
0 0 -169
0 0 42.25
0 0 42.25
0 0 42.25
0 0 42.25
0 0 -169
0 0 42.25
0 0 42.25
0 0 42.25
0 0 42.25
0 0 -169
0 0 42.25
0 0 42.25
0 0 42.25
0 0 42.25
0 0 -169
0 0 42.25
0 0 42.25
0 0 42.25
0 0 42.25
0 0 -169
0 0 42.25
0 0 42.25
0 0 42.25
0 0 42.25
0 0 -169
0 0 42.25
0 0 42.25
0 0 42.25
0 0 42.25
0 0 -169
0 0 42.25
0 0 42.25
0 0 42.25
0 0 42.25
0 0 -169
0 0 42.25
0 0 42.25
0 0 42.25
0 0 42.25
0 0 -169
0 0 42.25
0 0 42.25
0 0 42.25
0 0 42.25
0 0 -169
0 0 42.25
0 0 42.25
0 0 42.25
0 0 42.25
0 0 -169
0 0 42.25
0 0 42.25
0 0 42.25
0 0 42.25
0 0 -169
0 0 42.25
0 0 42.25
0 0 42.25
0 0 42.25
0 0 -169
0 0 42.25
0 0 42.25
0 0 42.25
0 0 42.25
0 0 -169
0 0 42.25
0 0 42.25
0 0 42.25
0 0 42.25
0 0 -169
0 0 42.25
0 0 42.25
0 0 42.25
0 0 42.25
0 0 -169
0 0 42.25
0 0 42.25
0 0 42.25
0 0 42.25
0 0 -169
0 0 42.25
0 0 42.25
0 0 42.25
0 0 42.25
0 0 -169
0 0 42.25
0 0 42.25
0 0 42.25
0 0 42.25
0 0 -169
0 0 42.25
0 0 42.25
0 0 42.25
0 0 42.25
0 0 -169
0 0 42.25
0 0 42.25
0 0 42.25
0 0 42.25
0 0 -169
0 0 42.25
0 0 42.25
0 0 42.25
0 0 42.25
0 0 -169
0 0 42.25
0 0 42.25
0 0 42.25
0 0 42.25
0 0 -169
0 0 42.25
0 0 42.25
0 0 42.25
0 0 42.25
0 0 -169
0 0 42.25
0 0 42.25
0 0 42.25
0 0 42.25
0 0 -169
0 0 42.25
0 0 42.25
0 0 42.25
0 0 42.25
0 0 -169
0 0 42.25
0 0 42.25
0 0 42.25
0 0 42.25
0 0 -169
0 0 42.25
0 0 42.25
0 0 42.25
0 0 42.25
0 0 -169
0 0 42.25
0 0 42.25
0 0 42.25
0 0 42.25
0 0 -169
0 0 42.25
0 0 42.25
0 0 42.25
0 0 42.25
0 0 -169
0 0 42.25
0 0 42.25
0 0 42.25
0 0 42.25
0 0 -169
0 0 42.25
0 0 42.25
0 0 42.25
0 0 42.25
0 0 -169
0 0 42.25
0 0 42.25
0 0 42.25
0 0 42.25
0 0 -169
0 0 42.25
0 0 42.25
0 0 42.25
0 0 42.25
0 0 -169
0 0 42.25
0 0 42.25
0 0 42.25
0 0 42.25
0 0 -169
0 0 42.25
0 0 42.25
0 0 42.25
0 0 42.25
0 0 -169
0 0 42.25
0 0 42.25
0 0 42.25
0 0 42.25
0 0 -169
0 0 42.25
0 0 42.25
0 0 42.25
0 0 42.25
0 0 -169
0 0 42.25
0 0 42.25
0 0 42.25
0 0 42.25
0 0 -169
0 0 42.25
0 0 42.25
0 0 42.25
0 0 42.25
0 0 -169
0 0 42.25
0 0 42.25
0 0 42.25
0 0 42.25
0 0 -169
0 0 42.25
0 0 42.25
0 0 42.25
0 0 42.25
0 0 -169
0 0 42.25
0 0 42.25
0 0 42.25
0 0 42.25
0 0 -169
0 0 42.25
0 0 42.25
0 0 42.25
0 0 42.25
0 0 -169
0 0 42.25
0 0 42.25
0 0 42.25
0 0 42.25
0 0 -169
0 0 42.25
0 0 42.25
0 0 42.25
0 0 -169
0 0 42.25
0 0 42.25
0 0 42.25
0 0 -169
0 0 42.25
0 0 42.25
0 0 42.25
0 0 42.25
0 0 -169
0 0 42.25
0 0 42.25
0 0 42.25
0 0 42.25
0 0 -169
0 0 42.25
0 0 42.25
0 0 42.25
0 0 42.25
0 0 -169
0 0 42.25
0 0 42.25
0 0 42.25
0 0 42.25
0 0 -169
0 0 42.25
0 0 42.25
0 0 42.25
0 0 42.25
0 0 -169
0 0 42.25
0 0 42.25
0 0 42.25
0 0 42.25
0 0 -169
0 0 42.25
0 0 42.25
0 0 42.25
0 0 42.25
0 0 -169
0 0 42.25
0 0 42.25
0 0 42.25
0 0 42.25
0 0 -169
0 0 42.25
0 0 42.25
0 0 42.25
0 0 42.25
0 0 -169
0 0 42.25
0 0 42.25
0 0 42.25
0 0 42.25
0 0 -169
0 0 42.25
0 0 42.25
0 0 42.25
0 0 42.25
0 0 -169
0 0 42.25
0 0 42.25
0 0 42.25
0 0 42.25
0 0 -169
0 0 42.25
0 0 42.25
0 0 42.25
0 0 42.25
0 0 -169
0 0 42.25
0 0 42.25
0 0 42.25
0 0 42.25
0 0 -169
0 0 42.25
0 0 42.25
0 0 42.25
0 0 42.25
0 0 -169
0 0 42.25
0 0 42.25
0 0 42.25
0 0 42.25
0 0 -169
0 0 42.25
0 0 42.25
0 0 42.25
0 0 42.25
0 0 -169
0 0 42.25
0 0 42.25
0 0 42.25
0 0 42.25
0 0 -169
0 0 42.25
0 0 42.25
0 0 42.25
0 0 42.25
0 0 -169
0 0 42.25
0 0 42.25
0 0 42.25
0 0 42.25
0 0 -169
0 0 42.25
0 0 42.25
0 0 42.25
0 0 42.25
0 0 -169
0 0 42.25
0 0 42.25
0 0 42.25
0 0 42.25
0 0 -169
0 0 42.25
0 0 42.25
0 0 42.25
0 0 42.25
0 0 -169
0 0 42.25
0 0 42.25
0 0 42.25
0 0 42.25
0 0 -169
0 0 42.25
0 0 42.25
0 0 42.25
0 0 42.25
0 0 -169
0 0 42.25
0 0 42.25
0 0 42.25
0 0 42.25
0 0 -169
0 0 42.25
0 0 42.25
0 0 42.25
0 0 42.25
0 0 -169
0 0 42.25
0 0 42.25
0 0 42.25
0 0 42.25
0 0 -169
0 0 42.25
0 0 42.25
0 0 42.25
0 0 42.25
0 0 -169
0 0 42.25
0 0 42.25
0 0 42.25
0 0 42.25
0 0 -169
0 0 42.25
0 0 42.25
0 0 42.25
0 0 42.25
0 0 -169
0 0 42.25
0 0 42.25
0 0 42.25
0 0 42.25
0 0 -169
0 0 42.25
0 0 42.25
0 0 42.25
0 0 42.25
0 0 -169
0 0 42.25
0 0 42.25
0 0 42.25
0 0 42.25
0 0 -169
0 0 42.25
0 0 42.25
0 0 42.25
0 0 42.25
0 0 -169
0 0 42.25
0 0 42.25
0 0 42.25
0 0 42.25
0 0 -169
0 0 42.25
0 0 42.25
0 0 42.25
0 0 42.25
0 0 -169
0 0 42.25
0 0 42.25
0 0 42.25
0 0 42.25
0 0 -169
0 0 42.25
0 0 42.25
0 0 42.25
0 0 42.25
0 0 -169
0 0 42.25
0 0 42.25
0 0 42.25
0 0 42.25
0 0 -169
0 0 42.25
0 0 42.25
0 0 42.25
0 0 42.25
0 0 -169
0 0 42.25
0 0 42.25
0 0 42.25
0 0 42.25
0 0 -169
0 0 42.25
0 0 42.25
0 0 42.25
0 0 42.25
0 0 -169
0 0 42.25
0 0 42.25
0 0 42.25
0 0 42.25
0 0 -169
0 0 42.25
0 0 42.25
0 0 42.25
0 0 42.25
0 0 -169
0 0 42.25
0 0 42.25
0 0 42.25
0 0 42.25
0 0 -169
0 0 42.25
0 0 42.25
0 0 42.25
0 0 42.25
0 0 -169
0 0 42.25
0 0 42.25
0 0 42.25
0 0 42.25
0 0 -169
0 0 42.25
0 0 42.25
0 0 42.25
0 0 42.25
0 0 -169
0 0 42.25
0 0 42.25
0 0 42.25
0 0 42.25
0 0 -169
0 0 42.25
0 0 42.25
0 0 42.25
0 0 42.25
0 0 -169
0 0 42.25
0 0 42.25
0 0 42.25
0 0 42.25
0 0 -169
0 0 42.25
0 0 42.25
0 0 42.25
0 0 42.25
0 0 -169
0 0 42.25
0 0 42.25
0 0 42.25
0 0 42.25
0 0 -169
0 0 42.25
0 0 42.25
0 0 42.25
0 0 42.25
0 0 -169
0 0 42.25
0 0 42.25
0 0 42.25
0 0 42.25
0 0 -169
0 0 42.25
0 0 42.25
0 0 42.25
0 0 42.25
0 0 -169
0 0 42.25
0 0 42.25
0 0 42.25
0 0 42.25
0 0 -169
0 0 42.25
0 0 42.25
0 0 42.25
0 0 42.25
0 0 -169
0 0 42.25
0 0 42.25
0 0 42.25
0 0 42.25
0 0 -169
0 0 42.25
0 0 42.25
0 0 42.25
0 0 42.25
0 0 -169
0 0 42.25
0 0 42.25
0 0 42.25
0 0 42.25
0 0 -169
0 0 42.25
0 0 42.25
0 0 42.25
0 0 -169
0 0 42.25
0 0 42.25
0 0 42.25
0 0 -169
0 0 42.25
0 0 42.25
0 0 42.25
0 0 42.25
0 0 -169
0 0 42.25
0 0 42.25
0 0 42.25
0 0 42.25
0 0 -169
0 0 42.25
0 0 42.25
0 0 42.25
0 0 42.25
0 0 -169
0 0 42.25
0 0 42.25
0 0 42.25
0 0 42.25
0 0 -169
0 0 42.25
0 0 42.25
0 0 42.25
0 0 42.25
0 0 -169
0 0 42.25
0 0 42.25
0 0 42.25
0 0 42.25
0 0 -169
0 0 42.25
0 0 42.25
0 0 42.25
0 0 42.25
0 0 -169
0 0 42.25
0 0 42.25
0 0 42.25
0 0 42.25
0 0 -169
0 0 42.25
0 0 42.25
0 0 42.25
0 0 42.25
0 0 -169
0 0 42.25
0 0 42.25
0 0 42.25
0 0 42.25
0 0 -169
0 0 42.25
0 0 42.25
0 0 42.25
0 0 42.25
0 0 -169
0 0 42.25
0 0 42.25
0 0 42.25
0 0 42.25
0 0 -169
0 0 42.25
0 0 42.25
0 0 42.25
0 0 42.25
0 0 -169
0 0 42.25
0 0 42.25
0 0 42.25
0 0 42.25
0 0 -169
0 0 42.25
0 0 42.25
0 0 42.25
0 0 42.25
0 0 -169
0 0 42.25
0 0 42.25
0 0 42.25
0 0 42.25
0 0 -169
0 0 42.25
0 0 42.25
0 0 42.25
0 0 42.25
0 0 -169
0 0 42.25
0 0 42.25
0 0 42.25
0 0 42.25
0 0 -169
0 0 42.25
0 0 42.25
0 0 42.25
0 0 42.25
0 0 -169
0 0 42.25
0 0 42.25
0 0 42.25
0 0 42.25
0 0 -169
0 0 42.25
0 0 42.25
0 0 42.25
0 0 42.25
0 0 -169
0 0 42.25
0 0 42.25
0 0 42.25
0 0 42.25
0 0 -169
0 0 42.25
0 0 42.25
0 0 42.25
0 0 42.25
0 0 -169
0 0 42.25
0 0 42.25
0 0 42.25
0 0 42.25
0 0 -169
0 0 42.25
0 0 42.25
0 0 42.25
0 0 42.25
0 0 -169
0 0 42.25
0 0 42.25
0 0 42.25
0 0 42.25
0 0 -169
0 0 42.25
0 0 42.25
0 0 42.25
0 0 42.25
0 0 -169
0 0 42.25
0 0 42.25
0 0 42.25
0 0 42.25
0 0 -169
0 0 42.25
0 0 42.25
0 0 42.25
0 0 42.25
0 0 -169
0 0 42.25
0 0 42.25
0 0 42.25
0 0 42.25
0 0 -169
0 0 42.25
0 0 42.25
0 0 42.25
0 0 42.25
0 0 -169
0 0 42.25
0 0 42.25
0 0 42.25
0 0 42.25
0 0 -169
0 0 42.25
0 0 42.25
0 0 42.25
0 0 42.25
0 0 -169
0 0 42.25
0 0 42.25
0 0 42.25
0 0 42.25
0 0 -169
0 0 42.25
0 0 42.25
0 0 42.25
0 0 42.25
0 0 -169
0 0 42.25
0 0 42.25
0 0 42.25
0 0 42.25
0 0 -169
0 0 42.25
0 0 42.25
0 0 42.25
0 0 42.25
0 0 -169
0 0 42.25
0 0 42.25
0 0 42.25
0 0 42.25
0 0 -169
0 0 42.25
0 0 42.25
0 0 42.25
0 0 42.25
0 0 -169
0 0 42.25
0 0 42.25
0 0 42.25
0 0 42.25
0 0 -169
0 0 42.25
0 0 42.25
0 0 42.25
0 0 42.25
0 0 -169
0 0 42.25
0 0 42.25
0 0 42.25
0 0 42.25
0 0 -169
0 0 42.25
0 0 42.25
0 0 42.25
0 0 42.25
0 0 -169
0 0 42.25
0 0 42.25
0 0 42.25
0 0 42.25
0 0 -169
0 0 42.25
0 0 42.25
0 0 42.25
0 0 42.25
0 0 -169
0 0 42.25
0 0 42.25
0 0 42.25
0 0 42.25
0 0 -169
0 0 42.25
0 0 42.25
0 0 42.25
0 0 42.25
0 0 -169
0 0 42.25
0 0 42.25
0 0 42.25
0 0 42.25
0 0 -169
0 0 42.25
0 0 42.25
0 0 42.25
0 0 42.25
0 0 -169
0 0 42.25
0 0 42.25
0 0 42.25
0 0 42.25
0 0 -169
0 0 42.25
0 0 42.25
0 0 42.25
0 0 42.25
0 0 -169
0 0 42.25
0 0 42.25
0 0 42.25
0 0 42.25
0 0 -169
0 0 42.25
0 0 42.25
0 0 42.25
0 0 42.25
0 0 -169
0 0 42.25
0 0 42.25
0 0 42.25
0 0 42.25
0 0 -169
0 0 42.25
0 0 42.25
0 0 42.25
0 0 42.25
0 0 -169
0 0 42.25
0 0 42.25
0 0 42.25
0 0 42.25
0 0 -169
0 0 42.25
0 0 42.25
0 0 42.25
0 0 42.25
0 0 -169
0 0 42.25
0 0 42.25
0 0 42.25
0 0 42.25
0 0 -169
0 0 42.25
0 0 42.25
0 0 42.25
0 0 42.25
0 0 -169
0 0 42.25
0 0 42.25
0 0 42.25
0 0 42.25
0 0 -169
0 0 42.25
0 0 42.25
0 0 42.25
0 0 42.25
0 0 -169
0 0 42.25
0 0 42.25
0 0 42.25
0 0 42.25
0 0 -169
0 0 42.25
0 0 42.25
0 0 42.25
0 0 -169
0 0 42.25
0 0 42.25
0 0 42.25
0 0 -169
0 0 42.25
0 0 42.25
0 0 42.25
0 0 42.25
0 0 -169
0 0 42.25
0 0 42.25
0 0 42.25
0 0 42.25
0 0 -169
0 0 42.25
0 0 42.25
0 0 42.25
0 0 42.25
0 0 -169
0 0 42.25
0 0 42.25
0 0 42.25
0 0 42.25
0 0 -169
0 0 42.25
0 0 42.25
0 0 42.25
0 0 42.25
0 0 -169
0 0 42.25
0 0 42.25
0 0 42.25
0 0 42.25
0 0 -169
0 0 42.25
0 0 42.25
0 0 42.25
0 0 42.25
0 0 -169
0 0 42.25
0 0 42.25
0 0 42.25
0 0 42.25
0 0 -169
0 0 42.25
0 0 42.25
0 0 42.25
0 0 42.25
0 0 -169
0 0 42.25
0 0 42.25
0 0 42.25
0 0 42.25
0 0 -169
0 0 42.25
0 0 42.25
0 0 42.25
0 0 42.25
0 0 -169
0 0 42.25
0 0 42.25
0 0 42.25
0 0 42.25
0 0 -169
0 0 42.25
0 0 42.25
0 0 42.25
0 0 42.25
0 0 -169
0 0 42.25
0 0 42.25
0 0 42.25
0 0 42.25
0 0 -169
0 0 42.25
0 0 42.25
0 0 42.25
0 0 42.25
0 0 -169
0 0 42.25
0 0 42.25
0 0 42.25
0 0 42.25
0 0 -169
0 0 42.25
0 0 42.25
0 0 42.25
0 0 42.25
0 0 -169
0 0 42.25
0 0 42.25
0 0 42.25
0 0 42.25
0 0 -169
0 0 42.25
0 0 42.25
0 0 42.25
0 0 42.25
0 0 -169
0 0 42.25
0 0 42.25
0 0 42.25
0 0 42.25
0 0 -169
0 0 42.25
0 0 42.25
0 0 42.25
0 0 42.25
0 0 -169
0 0 42.25
0 0 42.25
0 0 42.25
0 0 42.25
0 0 -169
0 0 42.25
0 0 42.25
0 0 42.25
0 0 42.25
0 0 -169
0 0 42.25
0 0 42.25
0 0 42.25
0 0 42.25
0 0 -169
0 0 42.25
0 0 42.25
0 0 42.25
0 0 42.25
0 0 -169
0 0 42.25
0 0 42.25
0 0 42.25
0 0 42.25
0 0 -169
0 0 42.25
0 0 42.25
0 0 42.25
0 0 42.25
0 0 -169
0 0 42.25
0 0 42.25
0 0 42.25
0 0 42.25
0 0 -169
0 0 42.25
0 0 42.25
0 0 42.25
0 0 42.25
0 0 -169
0 0 42.25
0 0 42.25
0 0 42.25
0 0 42.25
0 0 -169
0 0 42.25
0 0 42.25
0 0 42.25
0 0 42.25
0 0 -169
0 0 42.25
0 0 42.25
0 0 42.25
0 0 42.25
0 0 -169
0 0 42.25
0 0 42.25
0 0 42.25
0 0 42.25
0 0 -169
0 0 42.25
0 0 42.25
0 0 42.25
0 0 42.25
0 0 -169
0 0 42.25
0 0 42.25
0 0 42.25
0 0 42.25
0 0 -169
0 0 42.25
0 0 42.25
0 0 42.25
0 0 42.25
0 0 -169
0 0 42.25
0 0 42.25
0 0 42.25
0 0 42.25
0 0 -169
0 0 42.25
0 0 42.25
0 0 42.25
0 0 42.25
0 0 -169
0 0 42.25
0 0 42.25
0 0 42.25
0 0 42.25
0 0 -169
0 0 42.25
0 0 42.25
0 0 42.25
0 0 42.25
0 0 -169
0 0 42.25
0 0 42.25
0 0 42.25
0 0 42.25
0 0 -169
0 0 42.25
0 0 42.25
0 0 42.25
0 0 42.25
0 0 -169
0 0 42.25
0 0 42.25
0 0 42.25
0 0 42.25
0 0 -169
0 0 42.25
0 0 42.25
0 0 42.25
0 0 42.25
0 0 -169
0 0 42.25
0 0 42.25
0 0 42.25
0 0 42.25
0 0 -169
0 0 42.25
0 0 42.25
0 0 42.25
0 0 42.25
0 0 -169
0 0 42.25
0 0 42.25
0 0 42.25
0 0 42.25
0 0 -169
0 0 42.25
0 0 42.25
0 0 42.25
0 0 42.25
0 0 -169
0 0 42.25
0 0 42.25
0 0 42.25
0 0 42.25
0 0 -169
0 0 42.25
0 0 42.25
0 0 42.25
0 0 42.25
0 0 -169
0 0 42.25
0 0 42.25
0 0 42.25
0 0 42.25
0 0 -169
0 0 42.25
0 0 42.25
0 0 42.25
0 0 42.25
0 0 -169
0 0 42.25
0 0 42.25
0 0 42.25
0 0 42.25
0 0 -169
0 0 42.25
0 0 42.25
0 0 42.25
0 0 42.25
0 0 -169
0 0 42.25
0 0 42.25
0 0 42.25
0 0 42.25
0 0 -169
0 0 42.25
0 0 42.25
0 0 42.25
0 0 42.25
0 0 -169
0 0 42.25
0 0 42.25
0 0 42.25
0 0 42.25
0 0 -169
0 0 42.25
0 0 42.25
0 0 42.25
0 0 42.25
0 0 -169
0 0 42.25
0 0 42.25
0 0 42.25
0 0 42.25
0 0 -169
0 0 42.25
0 0 42.25
0 0 42.25
0 0 42.25
0 0 -169
0 0 42.25
0 0 42.25
0 0 42.25
0 0 42.25
0 0 -169
0 0 42.25
0 0 42.25
0 0 42.25
0 0 42.25
0 0 -169
0 0 42.25
0 0 42.25
0 0 42.25
0 0 -169
0 0 42.25
0 0 42.25
0 0 -169
0 0 42.25
0 0 42.25
0 0 42.25
0 0 -169
0 0 42.25
0 0 42.25
0 0 42.25
0 0 -169
0 0 42.25
0 0 42.25
0 0 42.25
0 0 -169
0 0 42.25
0 0 42.25
0 0 42.25
0 0 -169
0 0 42.25
0 0 42.25
0 0 42.25
0 0 -169
0 0 42.25
0 0 42.25
0 0 42.25
0 0 -169
0 0 42.25
0 0 42.25
0 0 42.25
0 0 -169
0 0 42.25
0 0 42.25
0 0 42.25
0 0 -169
0 0 42.25
0 0 42.25
0 0 42.25
0 0 -169
0 0 42.25
0 0 42.25
0 0 42.25
0 0 -169
0 0 42.25
0 0 42.25
0 0 42.25
0 0 -169
0 0 42.25
0 0 42.25
0 0 42.25
0 0 -169
0 0 42.25
0 0 42.25
0 0 42.25
0 0 -169
0 0 42.25
0 0 42.25
0 0 42.25
0 0 -169
0 0 42.25
0 0 42.25
0 0 42.25
0 0 -169
0 0 42.25
0 0 42.25
0 0 42.25
0 0 -169
0 0 42.25
0 0 42.25
0 0 42.25
0 0 -169
0 0 42.25
0 0 42.25
0 0 42.25
0 0 -169
0 0 42.25
0 0 42.25
0 0 42.25
0 0 -169
0 0 42.25
0 0 42.25
0 0 42.25
0 0 -169
0 0 42.25
0 0 42.25
0 0 42.25
0 0 -169
0 0 42.25
0 0 42.25
0 0 42.25
0 0 -169
0 0 42.25
0 0 42.25
0 0 42.25
0 0 -169
0 0 42.25
0 0 42.25
0 0 42.25
0 0 -169
0 0 42.25
0 0 42.25
0 0 42.25
0 0 -169
0 0 42.25
0 0 42.25
0 0 42.25
0 0 -169
0 0 42.25
0 0 42.25
0 0 42.25
0 0 -169
0 0 42.25
0 0 42.25
0 0 42.25
0 0 -169
0 0 42.25
0 0 42.25
0 0 42.25
0 0 -169
0 0 42.25
0 0 42.25
0 0 42.25
0 0 -169
0 0 42.25
0 0 42.25
0 0 42.25
0 0 -169
0 0 42.25
0 0 42.25
0 0 42.25
0 0 -169
0 0 42.25
0 0 42.25
0 0 42.25
0 0 -169
0 0 42.25
0 0 42.25
0 0 42.25
0 0 -169
0 0 42.25
0 0 42.25
0 0 42.25
0 0 -169
0 0 42.25
0 0 42.25
0 0 42.25
0 0 -169
0 0 42.25
0 0 42.25
0 0 42.25
0 0 -169
0 0 42.25
0 0 42.25
0 0 42.25
0 0 -169
0 0 42.25
0 0 42.25
0 0 42.25
0 0 -169
0 0 42.25
0 0 42.25
0 0 42.25
0 0 -169
0 0 42.25
0 0 42.25
0 0 42.25
0 0 -169
0 0 42.25
0 0 42.25
0 0 42.25
0 0 -169
0 0 42.25
0 0 42.25
0 0 42.25
0 0 -169
0 0 42.25
0 0 42.25
0 0 42.25
0 0 -169
0 0 42.25
0 0 42.25
0 0 42.25
0 0 -169
0 0 42.25
0 0 42.25
0 0 42.25
0 0 -169
0 0 42.25
0 0 42.25
0 0 42.25
0 0 -169
0 0 42.25
0 0 42.25
0 0 42.25
0 0 -169
0 0 42.25
0 0 42.25
0 0 42.25
0 0 -169
0 0 42.25
0 0 42.25
0 0 42.25
0 0 -169
0 0 42.25
0 0 42.25
0 0 42.25
0 0 -169
0 0 42.25
0 0 42.25
0 0 42.25
0 0 -169
0 0 42.25
0 0 42.25
0 0 42.25
0 0 -169
0 0 42.25
0 0 42.25
0 0 42.25
0 0 -169
0 0 42.25
0 0 42.25
0 0 42.25
0 0 -169
0 0 42.25
0 0 42.25
0 0 42.25
0 0 -169
0 0 42.25
0 0 42.25
0 0 42.25
0 0 -169
0 0 42.25
0 0 42.25
0 0 42.25
0 0 -169
0 0 42.25
0 0 42.25
0 0 42.25
0 0 -169
0 0 42.25
0 0 42.25
0 0 42.25
0 0 -169
0 0 42.25
0 0 42.25
0 0 42.25
0 0 -169
0 0 42.25
0 0 42.25
0 0 42.25
0 0 -169
0 0 42.25
0 0 42.25
