0 0 0 0.00775194 0.00775194
1 0 1 0.00775194 0.0155039
2 0 2 0.00775194 0.0232558
3 0 3 0.00775194 0.0310078
4 0 4 0.00775194 0.0387597
5 0 5 0.00775194 0.0465116
6 0 6 0.00775194 0.0542636
7 0 7 0.00775194 0.0620155
8 0 8 0.00775194 0.0697674
9 0 9 0.00775194 0.0775194
10 0 10 0.00775194 0.0852713
11 0 11 0.00775194 0.0930233
12 0 12 0.00775194 0.100775
13 0 13 0.00775194 0.108527
14 0 14 0.00775194 0.116279
15 0 15 0.00775194 0.124031
16 0 16 0.00775194 0.131783
17 0 17 0.00775194 0.139535
18 0 18 0.00775194 0.147287
19 0 19 0.00775194 0.155039
20 0 20 0.00775194 0.162791
21 0 21 0.00775194 0.170543
22 0 22 0.00775194 0.178295
23 0 23 0.00775194 0.186047
24 0 24 0.00775194 0.193798
25 0 25 0.00775194 0.20155
26 0 26 0.00775194 0.209302
27 0 27 0.00775194 0.217054
28 0 28 0.00775194 0.224806
29 0 29 0.00775194 0.232558
30 0 30 0.00775194 0.24031
31 0 31 0.00775194 0.248062
32 0 32 0.00775194 0.255814
33 0 33 0.00775194 0.263566
34 0 34 0.00775194 0.271318
35 0 35 0.00775194 0.27907
36 0 36 0.00775194 0.286822
37 0 37 0.00775194 0.294574
38 0 38 0.00775194 0.302326
39 0 39 0.00775194 0.310078
40 0 40 0.00775194 0.317829
41 0 41 0.00775194 0.325581
42 0 42 0.00775194 0.333333
43 0 43 0.00775194 0.341085
44 0 44 0.00775194 0.348837
45 0 45 0.00775194 0.356589
46 0 46 0.00775194 0.364341
47 0 47 0.00775194 0.372093
48 0 48 0.00775194 0.379845
49 0 49 0.00775194 0.387597
50 0 50 0.00775194 0.395349
51 0 51 0.00775194 0.403101
52 0 52 0.00775194 0.410853
53 0 53 0.00775194 0.418605
54 0 54 0.00775194 0.426357
55 0 55 0.00775194 0.434109
56 0 56 0.00775194 0.44186
57 0 57 0.00775194 0.449612
58 0 58 0.00775194 0.457364
59 0 59 0.00775194 0.465116
60 0 60 0.00775194 0.472868
61 0 61 0.00775194 0.48062
62 0 62 0.00775194 0.488372
63 0 63 0.00775194 0.496124
64 0 64 0.00775194 0.503876
65 0 65 0.00775194 0.511628
66 0 66 0.00775194 0.51938
67 0 67 0.00775194 0.527132
68 0 68 0.00775194 0.534884
69 0 69 0.00775194 0.542636
70 0 70 0.00775194 0.550388
71 0 71 0.00775194 0.55814
72 0 72 0.00775194 0.565891
73 0 73 0.00775194 0.573643
74 0 74 0.00775194 0.581395
75 0 75 0.00775194 0.589147
76 0 76 0.00775194 0.596899
77 0 77 0.00775194 0.604651
78 0 78 0.00775194 0.612403
79 0 79 0.00775194 0.620155
80 0 80 0.00775194 0.627907
81 0 81 0.00775194 0.635659
82 0 82 0.00775194 0.643411
83 0 83 0.00775194 0.651163
84 0 84 0.00775194 0.658915
85 0 85 0.00775194 0.666667
86 0 86 0.00775194 0.674419
87 0 87 0.00775194 0.682171
88 0 88 0.00775194 0.689922
89 0 89 0.00775194 0.697674
90 0 90 0.00775194 0.705426
91 0 91 0.00775194 0.713178
92 0 92 0.00775194 0.72093
93 0 93 0.00775194 0.728682
94 0 94 0.00775194 0.736434
95 0 95 0.00775194 0.744186
96 0 96 0.00775194 0.751938
97 0 97 0.00775194 0.75969
98 0 98 0.00775194 0.767442
99 0 99 0.00775194 0.775194
100 0 100 0.00775194 0.782946
101 0 101 0.00775194 0.790698
102 0 102 0.00775194 0.79845
103 0 103 0.00775194 0.806202
104 0 104 0.00775194 0.813953
105 0 105 0.00775194 0.821705
106 0 106 0.00775194 0.829457
107 0 107 0.00775194 0.837209
108 0 108 0.00775194 0.844961
109 0 109 0.00775194 0.852713
110 0 110 0.00775194 0.860465
111 0 111 0.00775194 0.868217
112 0 112 0.00775194 0.875969
113 0 113 0.00775194 0.883721
114 0 114 0.00775194 0.891473
115 0 115 0.00775194 0.899225
116 0 116 0.00775194 0.906977
117 0 117 0.00775194 0.914729
118 0 118 0.00775194 0.922481
119 0 119 0.00775194 0.930233
120 0 120 0.00775194 0.937984
121 0 121 0.00775194 0.945736
122 0 122 0.00775194 0.953488
123 0 123 0.00775194 0.96124
124 0 124 0.00775194 0.968992
125 0 125 0.00775194 0.976744
126 0 126 0.00775194 0.984496
127 0 127 0.00775194 0.992248
128 1 0 0.0155039 0.00775194
129 1 1 0.0155039 0.0155039
130 1 2 0.0155039 0.0232558
131 1 3 0.0155039 0.0310078
132 1 4 0.0155039 0.0387597
133 1 5 0.0155039 0.0465116
134 1 6 0.0155039 0.0542636
135 1 7 0.0155039 0.0620155
136 1 8 0.0155039 0.0697674
137 1 9 0.0155039 0.0775194
138 1 10 0.0155039 0.0852713
139 1 11 0.0155039 0.0930233
140 1 12 0.0155039 0.100775
141 1 13 0.0155039 0.108527
142 1 14 0.0155039 0.116279
143 1 15 0.0155039 0.124031
144 1 16 0.0155039 0.131783
145 1 17 0.0155039 0.139535
146 1 18 0.0155039 0.147287
147 1 19 0.0155039 0.155039
148 1 20 0.0155039 0.162791
149 1 21 0.0155039 0.170543
150 1 22 0.0155039 0.178295
151 1 23 0.0155039 0.186047
152 1 24 0.0155039 0.193798
153 1 25 0.0155039 0.20155
154 1 26 0.0155039 0.209302
155 1 27 0.0155039 0.217054
156 1 28 0.0155039 0.224806
157 1 29 0.0155039 0.232558
158 1 30 0.0155039 0.24031
159 1 31 0.0155039 0.248062
160 1 32 0.0155039 0.255814
161 1 33 0.0155039 0.263566
162 1 34 0.0155039 0.271318
163 1 35 0.0155039 0.27907
164 1 36 0.0155039 0.286822
165 1 37 0.0155039 0.294574
166 1 38 0.0155039 0.302326
167 1 39 0.0155039 0.310078
168 1 40 0.0155039 0.317829
169 1 41 0.0155039 0.325581
170 1 42 0.0155039 0.333333
171 1 43 0.0155039 0.341085
172 1 44 0.0155039 0.348837
173 1 45 0.0155039 0.356589
174 1 46 0.0155039 0.364341
175 1 47 0.0155039 0.372093
176 1 48 0.0155039 0.379845
177 1 49 0.0155039 0.387597
178 1 50 0.0155039 0.395349
179 1 51 0.0155039 0.403101
180 1 52 0.0155039 0.410853
181 1 53 0.0155039 0.418605
182 1 54 0.0155039 0.426357
183 1 55 0.0155039 0.434109
184 1 56 0.0155039 0.44186
185 1 57 0.0155039 0.449612
186 1 58 0.0155039 0.457364
187 1 59 0.0155039 0.465116
188 1 60 0.0155039 0.472868
189 1 61 0.0155039 0.48062
190 1 62 0.0155039 0.488372
191 1 63 0.0155039 0.496124
192 1 64 0.0155039 0.503876
193 1 65 0.0155039 0.511628
194 1 66 0.0155039 0.51938
195 1 67 0.0155039 0.527132
196 1 68 0.0155039 0.534884
197 1 69 0.0155039 0.542636
198 1 70 0.0155039 0.550388
199 1 71 0.0155039 0.55814
200 1 72 0.0155039 0.565891
201 1 73 0.0155039 0.573643
202 1 74 0.0155039 0.581395
203 1 75 0.0155039 0.589147
204 1 76 0.0155039 0.596899
205 1 77 0.0155039 0.604651
206 1 78 0.0155039 0.612403
207 1 79 0.0155039 0.620155
208 1 80 0.0155039 0.627907
209 1 81 0.0155039 0.635659
210 1 82 0.0155039 0.643411
211 1 83 0.0155039 0.651163
212 1 84 0.0155039 0.658915
213 1 85 0.0155039 0.666667
214 1 86 0.0155039 0.674419
215 1 87 0.0155039 0.682171
216 1 88 0.0155039 0.689922
217 1 89 0.0155039 0.697674
218 1 90 0.0155039 0.705426
219 1 91 0.0155039 0.713178
220 1 92 0.0155039 0.72093
221 1 93 0.0155039 0.728682
222 1 94 0.0155039 0.736434
223 1 95 0.0155039 0.744186
224 1 96 0.0155039 0.751938
225 1 97 0.0155039 0.75969
226 1 98 0.0155039 0.767442
227 1 99 0.0155039 0.775194
228 1 100 0.0155039 0.782946
229 1 101 0.0155039 0.790698
230 1 102 0.0155039 0.79845
231 1 103 0.0155039 0.806202
232 1 104 0.0155039 0.813953
233 1 105 0.0155039 0.821705
234 1 106 0.0155039 0.829457
235 1 107 0.0155039 0.837209
236 1 108 0.0155039 0.844961
237 1 109 0.0155039 0.852713
238 1 110 0.0155039 0.860465
239 1 111 0.0155039 0.868217
240 1 112 0.0155039 0.875969
241 1 113 0.0155039 0.883721
242 1 114 0.0155039 0.891473
243 1 115 0.0155039 0.899225
244 1 116 0.0155039 0.906977
245 1 117 0.0155039 0.914729
246 1 118 0.0155039 0.922481
247 1 119 0.0155039 0.930233
248 1 120 0.0155039 0.937984
249 1 121 0.0155039 0.945736
250 1 122 0.0155039 0.953488
251 1 123 0.0155039 0.96124
252 1 124 0.0155039 0.968992
253 1 125 0.0155039 0.976744
254 1 126 0.0155039 0.984496
255 1 127 0.0155039 0.992248
256 2 0 0.0232558 0.00775194
257 2 1 0.0232558 0.0155039
258 2 2 0.0232558 0.0232558
259 2 3 0.0232558 0.0310078
260 2 4 0.0232558 0.0387597
261 2 5 0.0232558 0.0465116
262 2 6 0.0232558 0.0542636
263 2 7 0.0232558 0.0620155
264 2 8 0.0232558 0.0697674
265 2 9 0.0232558 0.0775194
266 2 10 0.0232558 0.0852713
267 2 11 0.0232558 0.0930233
268 2 12 0.0232558 0.100775
269 2 13 0.0232558 0.108527
270 2 14 0.0232558 0.116279
271 2 15 0.0232558 0.124031
272 2 16 0.0232558 0.131783
273 2 17 0.0232558 0.139535
274 2 18 0.0232558 0.147287
275 2 19 0.0232558 0.155039
276 2 20 0.0232558 0.162791
277 2 21 0.0232558 0.170543
278 2 22 0.0232558 0.178295
279 2 23 0.0232558 0.186047
280 2 24 0.0232558 0.193798
281 2 25 0.0232558 0.20155
282 2 26 0.0232558 0.209302
283 2 27 0.0232558 0.217054
284 2 28 0.0232558 0.224806
285 2 29 0.0232558 0.232558
286 2 30 0.0232558 0.24031
287 2 31 0.0232558 0.248062
288 2 32 0.0232558 0.255814
289 2 33 0.0232558 0.263566
290 2 34 0.0232558 0.271318
291 2 35 0.0232558 0.27907
292 2 36 0.0232558 0.286822
293 2 37 0.0232558 0.294574
294 2 38 0.0232558 0.302326
295 2 39 0.0232558 0.310078
296 2 40 0.0232558 0.317829
297 2 41 0.0232558 0.325581
298 2 42 0.0232558 0.333333
299 2 43 0.0232558 0.341085
300 2 44 0.0232558 0.348837
301 2 45 0.0232558 0.356589
302 2 46 0.0232558 0.364341
303 2 47 0.0232558 0.372093
304 2 48 0.0232558 0.379845
305 2 49 0.0232558 0.387597
306 2 50 0.0232558 0.395349
307 2 51 0.0232558 0.403101
308 2 52 0.0232558 0.410853
309 2 53 0.0232558 0.418605
310 2 54 0.0232558 0.426357
311 2 55 0.0232558 0.434109
312 2 56 0.0232558 0.44186
313 2 57 0.0232558 0.449612
314 2 58 0.0232558 0.457364
315 2 59 0.0232558 0.465116
316 2 60 0.0232558 0.472868
317 2 61 0.0232558 0.48062
318 2 62 0.0232558 0.488372
319 2 63 0.0232558 0.496124
320 2 64 0.0232558 0.503876
321 2 65 0.0232558 0.511628
322 2 66 0.0232558 0.51938
323 2 67 0.0232558 0.527132
324 2 68 0.0232558 0.534884
325 2 69 0.0232558 0.542636
326 2 70 0.0232558 0.550388
327 2 71 0.0232558 0.55814
328 2 72 0.0232558 0.565891
329 2 73 0.0232558 0.573643
330 2 74 0.0232558 0.581395
331 2 75 0.0232558 0.589147
332 2 76 0.0232558 0.596899
333 2 77 0.0232558 0.604651
334 2 78 0.0232558 0.612403
335 2 79 0.0232558 0.620155
336 2 80 0.0232558 0.627907
337 2 81 0.0232558 0.635659
338 2 82 0.0232558 0.643411
339 2 83 0.0232558 0.651163
340 2 84 0.0232558 0.658915
341 2 85 0.0232558 0.666667
342 2 86 0.0232558 0.674419
343 2 87 0.0232558 0.682171
344 2 88 0.0232558 0.689922
345 2 89 0.0232558 0.697674
346 2 90 0.0232558 0.705426
347 2 91 0.0232558 0.713178
348 2 92 0.0232558 0.72093
349 2 93 0.0232558 0.728682
350 2 94 0.0232558 0.736434
351 2 95 0.0232558 0.744186
352 2 96 0.0232558 0.751938
353 2 97 0.0232558 0.75969
354 2 98 0.0232558 0.767442
355 2 99 0.0232558 0.775194
356 2 100 0.0232558 0.782946
357 2 101 0.0232558 0.790698
358 2 102 0.0232558 0.79845
359 2 103 0.0232558 0.806202
360 2 104 0.0232558 0.813953
361 2 105 0.0232558 0.821705
362 2 106 0.0232558 0.829457
363 2 107 0.0232558 0.837209
364 2 108 0.0232558 0.844961
365 2 109 0.0232558 0.852713
366 2 110 0.0232558 0.860465
367 2 111 0.0232558 0.868217
368 2 112 0.0232558 0.875969
369 2 113 0.0232558 0.883721
370 2 114 0.0232558 0.891473
371 2 115 0.0232558 0.899225
372 2 116 0.0232558 0.906977
373 2 117 0.0232558 0.914729
374 2 118 0.0232558 0.922481
375 2 119 0.0232558 0.930233
376 2 120 0.0232558 0.937984
377 2 121 0.0232558 0.945736
378 2 122 0.0232558 0.953488
379 2 123 0.0232558 0.96124
380 2 124 0.0232558 0.968992
381 2 125 0.0232558 0.976744
382 2 126 0.0232558 0.984496
383 2 127 0.0232558 0.992248
384 3 0 0.0310078 0.00775194
385 3 1 0.0310078 0.0155039
386 3 2 0.0310078 0.0232558
387 3 3 0.0310078 0.0310078
388 3 4 0.0310078 0.0387597
389 3 5 0.0310078 0.0465116
390 3 6 0.0310078 0.0542636
391 3 7 0.0310078 0.0620155
392 3 8 0.0310078 0.0697674
393 3 9 0.0310078 0.0775194
394 3 10 0.0310078 0.0852713
395 3 11 0.0310078 0.0930233
396 3 12 0.0310078 0.100775
397 3 13 0.0310078 0.108527
398 3 14 0.0310078 0.116279
399 3 15 0.0310078 0.124031
400 3 16 0.0310078 0.131783
401 3 17 0.0310078 0.139535
402 3 18 0.0310078 0.147287
403 3 19 0.0310078 0.155039
404 3 20 0.0310078 0.162791
405 3 21 0.0310078 0.170543
406 3 22 0.0310078 0.178295
407 3 23 0.0310078 0.186047
408 3 24 0.0310078 0.193798
409 3 25 0.0310078 0.20155
410 3 26 0.0310078 0.209302
411 3 27 0.0310078 0.217054
412 3 28 0.0310078 0.224806
413 3 29 0.0310078 0.232558
414 3 30 0.0310078 0.24031
415 3 31 0.0310078 0.248062
416 3 32 0.0310078 0.255814
417 3 33 0.0310078 0.263566
418 3 34 0.0310078 0.271318
419 3 35 0.0310078 0.27907
420 3 36 0.0310078 0.286822
421 3 37 0.0310078 0.294574
422 3 38 0.0310078 0.302326
423 3 39 0.0310078 0.310078
424 3 40 0.0310078 0.317829
425 3 41 0.0310078 0.325581
426 3 42 0.0310078 0.333333
427 3 43 0.0310078 0.341085
428 3 44 0.0310078 0.348837
429 3 45 0.0310078 0.356589
430 3 46 0.0310078 0.364341
431 3 47 0.0310078 0.372093
432 3 48 0.0310078 0.379845
433 3 49 0.0310078 0.387597
434 3 50 0.0310078 0.395349
435 3 51 0.0310078 0.403101
436 3 52 0.0310078 0.410853
437 3 53 0.0310078 0.418605
438 3 54 0.0310078 0.426357
439 3 55 0.0310078 0.434109
440 3 56 0.0310078 0.44186
441 3 57 0.0310078 0.449612
442 3 58 0.0310078 0.457364
443 3 59 0.0310078 0.465116
444 3 60 0.0310078 0.472868
445 3 61 0.0310078 0.48062
446 3 62 0.0310078 0.488372
447 3 63 0.0310078 0.496124
448 3 64 0.0310078 0.503876
449 3 65 0.0310078 0.511628
450 3 66 0.0310078 0.51938
451 3 67 0.0310078 0.527132
452 3 68 0.0310078 0.534884
453 3 69 0.0310078 0.542636
454 3 70 0.0310078 0.550388
455 3 71 0.0310078 0.55814
456 3 72 0.0310078 0.565891
457 3 73 0.0310078 0.573643
458 3 74 0.0310078 0.581395
459 3 75 0.0310078 0.589147
460 3 76 0.0310078 0.596899
461 3 77 0.0310078 0.604651
462 3 78 0.0310078 0.612403
463 3 79 0.0310078 0.620155
464 3 80 0.0310078 0.627907
465 3 81 0.0310078 0.635659
466 3 82 0.0310078 0.643411
467 3 83 0.0310078 0.651163
468 3 84 0.0310078 0.658915
469 3 85 0.0310078 0.666667
470 3 86 0.0310078 0.674419
471 3 87 0.0310078 0.682171
472 3 88 0.0310078 0.689922
473 3 89 0.0310078 0.697674
474 3 90 0.0310078 0.705426
475 3 91 0.0310078 0.713178
476 3 92 0.0310078 0.72093
477 3 93 0.0310078 0.728682
478 3 94 0.0310078 0.736434
479 3 95 0.0310078 0.744186
480 3 96 0.0310078 0.751938
481 3 97 0.0310078 0.75969
482 3 98 0.0310078 0.767442
483 3 99 0.0310078 0.775194
484 3 100 0.0310078 0.782946
485 3 101 0.0310078 0.790698
486 3 102 0.0310078 0.79845
487 3 103 0.0310078 0.806202
488 3 104 0.0310078 0.813953
489 3 105 0.0310078 0.821705
490 3 106 0.0310078 0.829457
491 3 107 0.0310078 0.837209
492 3 108 0.0310078 0.844961
493 3 109 0.0310078 0.852713
494 3 110 0.0310078 0.860465
495 3 111 0.0310078 0.868217
496 3 112 0.0310078 0.875969
497 3 113 0.0310078 0.883721
498 3 114 0.0310078 0.891473
499 3 115 0.0310078 0.899225
500 3 116 0.0310078 0.906977
501 3 117 0.0310078 0.914729
502 3 118 0.0310078 0.922481
503 3 119 0.0310078 0.930233
504 3 120 0.0310078 0.937984
505 3 121 0.0310078 0.945736
506 3 122 0.0310078 0.953488
507 3 123 0.0310078 0.96124
508 3 124 0.0310078 0.968992
509 3 125 0.0310078 0.976744
510 3 126 0.0310078 0.984496
511 3 127 0.0310078 0.992248
512 4 0 0.0387597 0.00775194
513 4 1 0.0387597 0.0155039
514 4 2 0.0387597 0.0232558
515 4 3 0.0387597 0.0310078
516 4 4 0.0387597 0.0387597
517 4 5 0.0387597 0.0465116
518 4 6 0.0387597 0.0542636
519 4 7 0.0387597 0.0620155
520 4 8 0.0387597 0.0697674
521 4 9 0.0387597 0.0775194
522 4 10 0.0387597 0.0852713
523 4 11 0.0387597 0.0930233
524 4 12 0.0387597 0.100775
525 4 13 0.0387597 0.108527
526 4 14 0.0387597 0.116279
527 4 15 0.0387597 0.124031
528 4 16 0.0387597 0.131783
529 4 17 0.0387597 0.139535
530 4 18 0.0387597 0.147287
531 4 19 0.0387597 0.155039
532 4 20 0.0387597 0.162791
533 4 21 0.0387597 0.170543
534 4 22 0.0387597 0.178295
535 4 23 0.0387597 0.186047
536 4 24 0.0387597 0.193798
537 4 25 0.0387597 0.20155
538 4 26 0.0387597 0.209302
539 4 27 0.0387597 0.217054
540 4 28 0.0387597 0.224806
541 4 29 0.0387597 0.232558
542 4 30 0.0387597 0.24031
543 4 31 0.0387597 0.248062
544 4 32 0.0387597 0.255814
545 4 33 0.0387597 0.263566
546 4 34 0.0387597 0.271318
547 4 35 0.0387597 0.27907
548 4 36 0.0387597 0.286822
549 4 37 0.0387597 0.294574
550 4 38 0.0387597 0.302326
551 4 39 0.0387597 0.310078
552 4 40 0.0387597 0.317829
553 4 41 0.0387597 0.325581
554 4 42 0.0387597 0.333333
555 4 43 0.0387597 0.341085
556 4 44 0.0387597 0.348837
557 4 45 0.0387597 0.356589
558 4 46 0.0387597 0.364341
559 4 47 0.0387597 0.372093
560 4 48 0.0387597 0.379845
561 4 49 0.0387597 0.387597
562 4 50 0.0387597 0.395349
563 4 51 0.0387597 0.403101
564 4 52 0.0387597 0.410853
565 4 53 0.0387597 0.418605
566 4 54 0.0387597 0.426357
567 4 55 0.0387597 0.434109
568 4 56 0.0387597 0.44186
569 4 57 0.0387597 0.449612
570 4 58 0.0387597 0.457364
571 4 59 0.0387597 0.465116
572 4 60 0.0387597 0.472868
573 4 61 0.0387597 0.48062
574 4 62 0.0387597 0.488372
575 4 63 0.0387597 0.496124
576 4 64 0.0387597 0.503876
577 4 65 0.0387597 0.511628
578 4 66 0.0387597 0.51938
579 4 67 0.0387597 0.527132
580 4 68 0.0387597 0.534884
581 4 69 0.0387597 0.542636
582 4 70 0.0387597 0.550388
583 4 71 0.0387597 0.55814
584 4 72 0.0387597 0.565891
585 4 73 0.0387597 0.573643
586 4 74 0.0387597 0.581395
587 4 75 0.0387597 0.589147
588 4 76 0.0387597 0.596899
589 4 77 0.0387597 0.604651
590 4 78 0.0387597 0.612403
591 4 79 0.0387597 0.620155
592 4 80 0.0387597 0.627907
593 4 81 0.0387597 0.635659
594 4 82 0.0387597 0.643411
595 4 83 0.0387597 0.651163
596 4 84 0.0387597 0.658915
597 4 85 0.0387597 0.666667
598 4 86 0.0387597 0.674419
599 4 87 0.0387597 0.682171
600 4 88 0.0387597 0.689922
601 4 89 0.0387597 0.697674
602 4 90 0.0387597 0.705426
603 4 91 0.0387597 0.713178
604 4 92 0.0387597 0.72093
605 4 93 0.0387597 0.728682
606 4 94 0.0387597 0.736434
607 4 95 0.0387597 0.744186
608 4 96 0.0387597 0.751938
609 4 97 0.0387597 0.75969
610 4 98 0.0387597 0.767442
611 4 99 0.0387597 0.775194
612 4 100 0.0387597 0.782946
613 4 101 0.0387597 0.790698
614 4 102 0.0387597 0.79845
615 4 103 0.0387597 0.806202
616 4 104 0.0387597 0.813953
617 4 105 0.0387597 0.821705
618 4 106 0.0387597 0.829457
619 4 107 0.0387597 0.837209
620 4 108 0.0387597 0.844961
621 4 109 0.0387597 0.852713
622 4 110 0.0387597 0.860465
623 4 111 0.0387597 0.868217
624 4 112 0.0387597 0.875969
625 4 113 0.0387597 0.883721
626 4 114 0.0387597 0.891473
627 4 115 0.0387597 0.899225
628 4 116 0.0387597 0.906977
629 4 117 0.0387597 0.914729
630 4 118 0.0387597 0.922481
631 4 119 0.0387597 0.930233
632 4 120 0.0387597 0.937984
633 4 121 0.0387597 0.945736
634 4 122 0.0387597 0.953488
635 4 123 0.0387597 0.96124
636 4 124 0.0387597 0.968992
637 4 125 0.0387597 0.976744
638 4 126 0.0387597 0.984496
639 4 127 0.0387597 0.992248
640 5 0 0.0465116 0.00775194
641 5 1 0.0465116 0.0155039
642 5 2 0.0465116 0.0232558
643 5 3 0.0465116 0.0310078
644 5 4 0.0465116 0.0387597
645 5 5 0.0465116 0.0465116
646 5 6 0.0465116 0.0542636
647 5 7 0.0465116 0.0620155
648 5 8 0.0465116 0.0697674
649 5 9 0.0465116 0.0775194
650 5 10 0.0465116 0.0852713
651 5 11 0.0465116 0.0930233
652 5 12 0.0465116 0.100775
653 5 13 0.0465116 0.108527
654 5 14 0.0465116 0.116279
655 5 15 0.0465116 0.124031
656 5 16 0.0465116 0.131783
657 5 17 0.0465116 0.139535
658 5 18 0.0465116 0.147287
659 5 19 0.0465116 0.155039
660 5 20 0.0465116 0.162791
661 5 21 0.0465116 0.170543
662 5 22 0.0465116 0.178295
663 5 23 0.0465116 0.186047
664 5 24 0.0465116 0.193798
665 5 25 0.0465116 0.20155
666 5 26 0.0465116 0.209302
667 5 27 0.0465116 0.217054
668 5 28 0.0465116 0.224806
669 5 29 0.0465116 0.232558
670 5 30 0.0465116 0.24031
671 5 31 0.0465116 0.248062
672 5 32 0.0465116 0.255814
673 5 33 0.0465116 0.263566
674 5 34 0.0465116 0.271318
675 5 35 0.0465116 0.27907
676 5 36 0.0465116 0.286822
677 5 37 0.0465116 0.294574
678 5 38 0.0465116 0.302326
679 5 39 0.0465116 0.310078
680 5 40 0.0465116 0.317829
681 5 41 0.0465116 0.325581
682 5 42 0.0465116 0.333333
683 5 43 0.0465116 0.341085
684 5 44 0.0465116 0.348837
685 5 45 0.0465116 0.356589
686 5 46 0.0465116 0.364341
687 5 47 0.0465116 0.372093
688 5 48 0.0465116 0.379845
689 5 49 0.0465116 0.387597
690 5 50 0.0465116 0.395349
691 5 51 0.0465116 0.403101
692 5 52 0.0465116 0.410853
693 5 53 0.0465116 0.418605
694 5 54 0.0465116 0.426357
695 5 55 0.0465116 0.434109
696 5 56 0.0465116 0.44186
697 5 57 0.0465116 0.449612
698 5 58 0.0465116 0.457364
699 5 59 0.0465116 0.465116
700 5 60 0.0465116 0.472868
701 5 61 0.0465116 0.48062
702 5 62 0.0465116 0.488372
703 5 63 0.0465116 0.496124
704 5 64 0.0465116 0.503876
705 5 65 0.0465116 0.511628
706 5 66 0.0465116 0.51938
707 5 67 0.0465116 0.527132
708 5 68 0.0465116 0.534884
709 5 69 0.0465116 0.542636
710 5 70 0.0465116 0.550388
711 5 71 0.0465116 0.55814
712 5 72 0.0465116 0.565891
713 5 73 0.0465116 0.573643
714 5 74 0.0465116 0.581395
715 5 75 0.0465116 0.589147
716 5 76 0.0465116 0.596899
717 5 77 0.0465116 0.604651
718 5 78 0.0465116 0.612403
719 5 79 0.0465116 0.620155
720 5 80 0.0465116 0.627907
721 5 81 0.0465116 0.635659
722 5 82 0.0465116 0.643411
723 5 83 0.0465116 0.651163
724 5 84 0.0465116 0.658915
725 5 85 0.0465116 0.666667
726 5 86 0.0465116 0.674419
727 5 87 0.0465116 0.682171
728 5 88 0.0465116 0.689922
729 5 89 0.0465116 0.697674
730 5 90 0.0465116 0.705426
731 5 91 0.0465116 0.713178
732 5 92 0.0465116 0.72093
733 5 93 0.0465116 0.728682
734 5 94 0.0465116 0.736434
735 5 95 0.0465116 0.744186
736 5 96 0.0465116 0.751938
737 5 97 0.0465116 0.75969
738 5 98 0.0465116 0.767442
739 5 99 0.0465116 0.775194
740 5 100 0.0465116 0.782946
741 5 101 0.0465116 0.790698
742 5 102 0.0465116 0.79845
743 5 103 0.0465116 0.806202
744 5 104 0.0465116 0.813953
745 5 105 0.0465116 0.821705
746 5 106 0.0465116 0.829457
747 5 107 0.0465116 0.837209
748 5 108 0.0465116 0.844961
749 5 109 0.0465116 0.852713
750 5 110 0.0465116 0.860465
751 5 111 0.0465116 0.868217
752 5 112 0.0465116 0.875969
753 5 113 0.0465116 0.883721
754 5 114 0.0465116 0.891473
755 5 115 0.0465116 0.899225
756 5 116 0.0465116 0.906977
757 5 117 0.0465116 0.914729
758 5 118 0.0465116 0.922481
759 5 119 0.0465116 0.930233
760 5 120 0.0465116 0.937984
761 5 121 0.0465116 0.945736
762 5 122 0.0465116 0.953488
763 5 123 0.0465116 0.96124
764 5 124 0.0465116 0.968992
765 5 125 0.0465116 0.976744
766 5 126 0.0465116 0.984496
767 5 127 0.0465116 0.992248
768 6 0 0.0542636 0.00775194
769 6 1 0.0542636 0.0155039
770 6 2 0.0542636 0.0232558
771 6 3 0.0542636 0.0310078
772 6 4 0.0542636 0.0387597
773 6 5 0.0542636 0.0465116
774 6 6 0.0542636 0.0542636
775 6 7 0.0542636 0.0620155
776 6 8 0.0542636 0.0697674
777 6 9 0.0542636 0.0775194
778 6 10 0.0542636 0.0852713
779 6 11 0.0542636 0.0930233
780 6 12 0.0542636 0.100775
781 6 13 0.0542636 0.108527
782 6 14 0.0542636 0.116279
783 6 15 0.0542636 0.124031
784 6 16 0.0542636 0.131783
785 6 17 0.0542636 0.139535
786 6 18 0.0542636 0.147287
787 6 19 0.0542636 0.155039
788 6 20 0.0542636 0.162791
789 6 21 0.0542636 0.170543
790 6 22 0.0542636 0.178295
791 6 23 0.0542636 0.186047
792 6 24 0.0542636 0.193798
793 6 25 0.0542636 0.20155
794 6 26 0.0542636 0.209302
795 6 27 0.0542636 0.217054
796 6 28 0.0542636 0.224806
797 6 29 0.0542636 0.232558
798 6 30 0.0542636 0.24031
799 6 31 0.0542636 0.248062
800 6 32 0.0542636 0.255814
801 6 33 0.0542636 0.263566
802 6 34 0.0542636 0.271318
803 6 35 0.0542636 0.27907
804 6 36 0.0542636 0.286822
805 6 37 0.0542636 0.294574
806 6 38 0.0542636 0.302326
807 6 39 0.0542636 0.310078
808 6 40 0.0542636 0.317829
809 6 41 0.0542636 0.325581
810 6 42 0.0542636 0.333333
811 6 43 0.0542636 0.341085
812 6 44 0.0542636 0.348837
813 6 45 0.0542636 0.356589
814 6 46 0.0542636 0.364341
815 6 47 0.0542636 0.372093
816 6 48 0.0542636 0.379845
817 6 49 0.0542636 0.387597
818 6 50 0.0542636 0.395349
819 6 51 0.0542636 0.403101
820 6 52 0.0542636 0.410853
821 6 53 0.0542636 0.418605
822 6 54 0.0542636 0.426357
823 6 55 0.0542636 0.434109
824 6 56 0.0542636 0.44186
825 6 57 0.0542636 0.449612
826 6 58 0.0542636 0.457364
827 6 59 0.0542636 0.465116
828 6 60 0.0542636 0.472868
829 6 61 0.0542636 0.48062
830 6 62 0.0542636 0.488372
831 6 63 0.0542636 0.496124
832 6 64 0.0542636 0.503876
833 6 65 0.0542636 0.511628
834 6 66 0.0542636 0.51938
835 6 67 0.0542636 0.527132
836 6 68 0.0542636 0.534884
837 6 69 0.0542636 0.542636
838 6 70 0.0542636 0.550388
839 6 71 0.0542636 0.55814
840 6 72 0.0542636 0.565891
841 6 73 0.0542636 0.573643
842 6 74 0.0542636 0.581395
843 6 75 0.0542636 0.589147
844 6 76 0.0542636 0.596899
845 6 77 0.0542636 0.604651
846 6 78 0.0542636 0.612403
847 6 79 0.0542636 0.620155
848 6 80 0.0542636 0.627907
849 6 81 0.0542636 0.635659
850 6 82 0.0542636 0.643411
851 6 83 0.0542636 0.651163
852 6 84 0.0542636 0.658915
853 6 85 0.0542636 0.666667
854 6 86 0.0542636 0.674419
855 6 87 0.0542636 0.682171
856 6 88 0.0542636 0.689922
857 6 89 0.0542636 0.697674
858 6 90 0.0542636 0.705426
859 6 91 0.0542636 0.713178
860 6 92 0.0542636 0.72093
861 6 93 0.0542636 0.728682
862 6 94 0.0542636 0.736434
863 6 95 0.0542636 0.744186
864 6 96 0.0542636 0.751938
865 6 97 0.0542636 0.75969
866 6 98 0.0542636 0.767442
867 6 99 0.0542636 0.775194
868 6 100 0.0542636 0.782946
869 6 101 0.0542636 0.790698
870 6 102 0.0542636 0.79845
871 6 103 0.0542636 0.806202
872 6 104 0.0542636 0.813953
873 6 105 0.0542636 0.821705
874 6 106 0.0542636 0.829457
875 6 107 0.0542636 0.837209
876 6 108 0.0542636 0.844961
877 6 109 0.0542636 0.852713
878 6 110 0.0542636 0.860465
879 6 111 0.0542636 0.868217
880 6 112 0.0542636 0.875969
881 6 113 0.0542636 0.883721
882 6 114 0.0542636 0.891473
883 6 115 0.0542636 0.899225
884 6 116 0.0542636 0.906977
885 6 117 0.0542636 0.914729
886 6 118 0.0542636 0.922481
887 6 119 0.0542636 0.930233
888 6 120 0.0542636 0.937984
889 6 121 0.0542636 0.945736
890 6 122 0.0542636 0.953488
891 6 123 0.0542636 0.96124
892 6 124 0.0542636 0.968992
893 6 125 0.0542636 0.976744
894 6 126 0.0542636 0.984496
895 6 127 0.0542636 0.992248
896 7 0 0.0620155 0.00775194
897 7 1 0.0620155 0.0155039
898 7 2 0.0620155 0.0232558
899 7 3 0.0620155 0.0310078
900 7 4 0.0620155 0.0387597
901 7 5 0.0620155 0.0465116
902 7 6 0.0620155 0.0542636
903 7 7 0.0620155 0.0620155
904 7 8 0.0620155 0.0697674
905 7 9 0.0620155 0.0775194
906 7 10 0.0620155 0.0852713
907 7 11 0.0620155 0.0930233
908 7 12 0.0620155 0.100775
909 7 13 0.0620155 0.108527
910 7 14 0.0620155 0.116279
911 7 15 0.0620155 0.124031
912 7 16 0.0620155 0.131783
913 7 17 0.0620155 0.139535
914 7 18 0.0620155 0.147287
915 7 19 0.0620155 0.155039
916 7 20 0.0620155 0.162791
917 7 21 0.0620155 0.170543
918 7 22 0.0620155 0.178295
919 7 23 0.0620155 0.186047
920 7 24 0.0620155 0.193798
921 7 25 0.0620155 0.20155
922 7 26 0.0620155 0.209302
923 7 27 0.0620155 0.217054
924 7 28 0.0620155 0.224806
925 7 29 0.0620155 0.232558
926 7 30 0.0620155 0.24031
927 7 31 0.0620155 0.248062
928 7 32 0.0620155 0.255814
929 7 33 0.0620155 0.263566
930 7 34 0.0620155 0.271318
931 7 35 0.0620155 0.27907
932 7 36 0.0620155 0.286822
933 7 37 0.0620155 0.294574
934 7 38 0.0620155 0.302326
935 7 39 0.0620155 0.310078
936 7 40 0.0620155 0.317829
937 7 41 0.0620155 0.325581
938 7 42 0.0620155 0.333333
939 7 43 0.0620155 0.341085
940 7 44 0.0620155 0.348837
941 7 45 0.0620155 0.356589
942 7 46 0.0620155 0.364341
943 7 47 0.0620155 0.372093
944 7 48 0.0620155 0.379845
945 7 49 0.0620155 0.387597
946 7 50 0.0620155 0.395349
947 7 51 0.0620155 0.403101
948 7 52 0.0620155 0.410853
949 7 53 0.0620155 0.418605
950 7 54 0.0620155 0.426357
951 7 55 0.0620155 0.434109
952 7 56 0.0620155 0.44186
953 7 57 0.0620155 0.449612
954 7 58 0.0620155 0.457364
955 7 59 0.0620155 0.465116
956 7 60 0.0620155 0.472868
957 7 61 0.0620155 0.48062
958 7 62 0.0620155 0.488372
959 7 63 0.0620155 0.496124
960 7 64 0.0620155 0.503876
961 7 65 0.0620155 0.511628
962 7 66 0.0620155 0.51938
963 7 67 0.0620155 0.527132
964 7 68 0.0620155 0.534884
965 7 69 0.0620155 0.542636
966 7 70 0.0620155 0.550388
967 7 71 0.0620155 0.55814
968 7 72 0.0620155 0.565891
969 7 73 0.0620155 0.573643
970 7 74 0.0620155 0.581395
971 7 75 0.0620155 0.589147
972 7 76 0.0620155 0.596899
973 7 77 0.0620155 0.604651
974 7 78 0.0620155 0.612403
975 7 79 0.0620155 0.620155
976 7 80 0.0620155 0.627907
977 7 81 0.0620155 0.635659
978 7 82 0.0620155 0.643411
979 7 83 0.0620155 0.651163
980 7 84 0.0620155 0.658915
981 7 85 0.0620155 0.666667
982 7 86 0.0620155 0.674419
983 7 87 0.0620155 0.682171
984 7 88 0.0620155 0.689922
985 7 89 0.0620155 0.697674
986 7 90 0.0620155 0.705426
987 7 91 0.0620155 0.713178
988 7 92 0.0620155 0.72093
989 7 93 0.0620155 0.728682
990 7 94 0.0620155 0.736434
991 7 95 0.0620155 0.744186
992 7 96 0.0620155 0.751938
993 7 97 0.0620155 0.75969
994 7 98 0.0620155 0.767442
995 7 99 0.0620155 0.775194
996 7 100 0.0620155 0.782946
997 7 101 0.0620155 0.790698
998 7 102 0.0620155 0.79845
999 7 103 0.0620155 0.806202
1000 7 104 0.0620155 0.813953
1001 7 105 0.0620155 0.821705
1002 7 106 0.0620155 0.829457
1003 7 107 0.0620155 0.837209
1004 7 108 0.0620155 0.844961
1005 7 109 0.0620155 0.852713
1006 7 110 0.0620155 0.860465
1007 7 111 0.0620155 0.868217
1008 7 112 0.0620155 0.875969
1009 7 113 0.0620155 0.883721
1010 7 114 0.0620155 0.891473
1011 7 115 0.0620155 0.899225
1012 7 116 0.0620155 0.906977
1013 7 117 0.0620155 0.914729
1014 7 118 0.0620155 0.922481
1015 7 119 0.0620155 0.930233
1016 7 120 0.0620155 0.937984
1017 7 121 0.0620155 0.945736
1018 7 122 0.0620155 0.953488
1019 7 123 0.0620155 0.96124
1020 7 124 0.0620155 0.968992
1021 7 125 0.0620155 0.976744
1022 7 126 0.0620155 0.984496
1023 7 127 0.0620155 0.992248
1024 8 0 0.0697674 0.00775194
1025 8 1 0.0697674 0.0155039
1026 8 2 0.0697674 0.0232558
1027 8 3 0.0697674 0.0310078
1028 8 4 0.0697674 0.0387597
1029 8 5 0.0697674 0.0465116
1030 8 6 0.0697674 0.0542636
1031 8 7 0.0697674 0.0620155
1032 8 8 0.0697674 0.0697674
1033 8 9 0.0697674 0.0775194
1034 8 10 0.0697674 0.0852713
1035 8 11 0.0697674 0.0930233
1036 8 12 0.0697674 0.100775
1037 8 13 0.0697674 0.108527
1038 8 14 0.0697674 0.116279
1039 8 15 0.0697674 0.124031
1040 8 16 0.0697674 0.131783
1041 8 17 0.0697674 0.139535
1042 8 18 0.0697674 0.147287
1043 8 19 0.0697674 0.155039
1044 8 20 0.0697674 0.162791
1045 8 21 0.0697674 0.170543
1046 8 22 0.0697674 0.178295
1047 8 23 0.0697674 0.186047
1048 8 24 0.0697674 0.193798
1049 8 25 0.0697674 0.20155
1050 8 26 0.0697674 0.209302
1051 8 27 0.0697674 0.217054
1052 8 28 0.0697674 0.224806
1053 8 29 0.0697674 0.232558
1054 8 30 0.0697674 0.24031
1055 8 31 0.0697674 0.248062
1056 8 32 0.0697674 0.255814
1057 8 33 0.0697674 0.263566
1058 8 34 0.0697674 0.271318
1059 8 35 0.0697674 0.27907
1060 8 36 0.0697674 0.286822
1061 8 37 0.0697674 0.294574
1062 8 38 0.0697674 0.302326
1063 8 39 0.0697674 0.310078
1064 8 40 0.0697674 0.317829
1065 8 41 0.0697674 0.325581
1066 8 42 0.0697674 0.333333
1067 8 43 0.0697674 0.341085
1068 8 44 0.0697674 0.348837
1069 8 45 0.0697674 0.356589
1070 8 46 0.0697674 0.364341
1071 8 47 0.0697674 0.372093
1072 8 48 0.0697674 0.379845
1073 8 49 0.0697674 0.387597
1074 8 50 0.0697674 0.395349
1075 8 51 0.0697674 0.403101
1076 8 52 0.0697674 0.410853
1077 8 53 0.0697674 0.418605
1078 8 54 0.0697674 0.426357
1079 8 55 0.0697674 0.434109
1080 8 56 0.0697674 0.44186
1081 8 57 0.0697674 0.449612
1082 8 58 0.0697674 0.457364
1083 8 59 0.0697674 0.465116
1084 8 60 0.0697674 0.472868
1085 8 61 0.0697674 0.48062
1086 8 62 0.0697674 0.488372
1087 8 63 0.0697674 0.496124
1088 8 64 0.0697674 0.503876
1089 8 65 0.0697674 0.511628
1090 8 66 0.0697674 0.51938
1091 8 67 0.0697674 0.527132
1092 8 68 0.0697674 0.534884
1093 8 69 0.0697674 0.542636
1094 8 70 0.0697674 0.550388
1095 8 71 0.0697674 0.55814
1096 8 72 0.0697674 0.565891
1097 8 73 0.0697674 0.573643
1098 8 74 0.0697674 0.581395
1099 8 75 0.0697674 0.589147
1100 8 76 0.0697674 0.596899
1101 8 77 0.0697674 0.604651
1102 8 78 0.0697674 0.612403
1103 8 79 0.0697674 0.620155
1104 8 80 0.0697674 0.627907
1105 8 81 0.0697674 0.635659
1106 8 82 0.0697674 0.643411
1107 8 83 0.0697674 0.651163
1108 8 84 0.0697674 0.658915
1109 8 85 0.0697674 0.666667
1110 8 86 0.0697674 0.674419
1111 8 87 0.0697674 0.682171
1112 8 88 0.0697674 0.689922
1113 8 89 0.0697674 0.697674
1114 8 90 0.0697674 0.705426
1115 8 91 0.0697674 0.713178
1116 8 92 0.0697674 0.72093
1117 8 93 0.0697674 0.728682
1118 8 94 0.0697674 0.736434
1119 8 95 0.0697674 0.744186
1120 8 96 0.0697674 0.751938
1121 8 97 0.0697674 0.75969
1122 8 98 0.0697674 0.767442
1123 8 99 0.0697674 0.775194
1124 8 100 0.0697674 0.782946
1125 8 101 0.0697674 0.790698
1126 8 102 0.0697674 0.79845
1127 8 103 0.0697674 0.806202
1128 8 104 0.0697674 0.813953
1129 8 105 0.0697674 0.821705
1130 8 106 0.0697674 0.829457
1131 8 107 0.0697674 0.837209
1132 8 108 0.0697674 0.844961
1133 8 109 0.0697674 0.852713
1134 8 110 0.0697674 0.860465
1135 8 111 0.0697674 0.868217
1136 8 112 0.0697674 0.875969
1137 8 113 0.0697674 0.883721
1138 8 114 0.0697674 0.891473
1139 8 115 0.0697674 0.899225
1140 8 116 0.0697674 0.906977
1141 8 117 0.0697674 0.914729
1142 8 118 0.0697674 0.922481
1143 8 119 0.0697674 0.930233
1144 8 120 0.0697674 0.937984
1145 8 121 0.0697674 0.945736
1146 8 122 0.0697674 0.953488
1147 8 123 0.0697674 0.96124
1148 8 124 0.0697674 0.968992
1149 8 125 0.0697674 0.976744
1150 8 126 0.0697674 0.984496
1151 8 127 0.0697674 0.992248
1152 9 0 0.0775194 0.00775194
1153 9 1 0.0775194 0.0155039
1154 9 2 0.0775194 0.0232558
1155 9 3 0.0775194 0.0310078
1156 9 4 0.0775194 0.0387597
1157 9 5 0.0775194 0.0465116
1158 9 6 0.0775194 0.0542636
1159 9 7 0.0775194 0.0620155
1160 9 8 0.0775194 0.0697674
1161 9 9 0.0775194 0.0775194
1162 9 10 0.0775194 0.0852713
1163 9 11 0.0775194 0.0930233
1164 9 12 0.0775194 0.100775
1165 9 13 0.0775194 0.108527
1166 9 14 0.0775194 0.116279
1167 9 15 0.0775194 0.124031
1168 9 16 0.0775194 0.131783
1169 9 17 0.0775194 0.139535
1170 9 18 0.0775194 0.147287
1171 9 19 0.0775194 0.155039
1172 9 20 0.0775194 0.162791
1173 9 21 0.0775194 0.170543
1174 9 22 0.0775194 0.178295
1175 9 23 0.0775194 0.186047
1176 9 24 0.0775194 0.193798
1177 9 25 0.0775194 0.20155
1178 9 26 0.0775194 0.209302
1179 9 27 0.0775194 0.217054
1180 9 28 0.0775194 0.224806
1181 9 29 0.0775194 0.232558
1182 9 30 0.0775194 0.24031
1183 9 31 0.0775194 0.248062
1184 9 32 0.0775194 0.255814
1185 9 33 0.0775194 0.263566
1186 9 34 0.0775194 0.271318
1187 9 35 0.0775194 0.27907
1188 9 36 0.0775194 0.286822
1189 9 37 0.0775194 0.294574
1190 9 38 0.0775194 0.302326
1191 9 39 0.0775194 0.310078
1192 9 40 0.0775194 0.317829
1193 9 41 0.0775194 0.325581
1194 9 42 0.0775194 0.333333
1195 9 43 0.0775194 0.341085
1196 9 44 0.0775194 0.348837
1197 9 45 0.0775194 0.356589
1198 9 46 0.0775194 0.364341
1199 9 47 0.0775194 0.372093
1200 9 48 0.0775194 0.379845
1201 9 49 0.0775194 0.387597
1202 9 50 0.0775194 0.395349
1203 9 51 0.0775194 0.403101
1204 9 52 0.0775194 0.410853
1205 9 53 0.0775194 0.418605
1206 9 54 0.0775194 0.426357
1207 9 55 0.0775194 0.434109
1208 9 56 0.0775194 0.44186
1209 9 57 0.0775194 0.449612
1210 9 58 0.0775194 0.457364
1211 9 59 0.0775194 0.465116
1212 9 60 0.0775194 0.472868
1213 9 61 0.0775194 0.48062
1214 9 62 0.0775194 0.488372
1215 9 63 0.0775194 0.496124
1216 9 64 0.0775194 0.503876
1217 9 65 0.0775194 0.511628
1218 9 66 0.0775194 0.51938
1219 9 67 0.0775194 0.527132
1220 9 68 0.0775194 0.534884
1221 9 69 0.0775194 0.542636
1222 9 70 0.0775194 0.550388
1223 9 71 0.0775194 0.55814
1224 9 72 0.0775194 0.565891
1225 9 73 0.0775194 0.573643
1226 9 74 0.0775194 0.581395
1227 9 75 0.0775194 0.589147
1228 9 76 0.0775194 0.596899
1229 9 77 0.0775194 0.604651
1230 9 78 0.0775194 0.612403
1231 9 79 0.0775194 0.620155
1232 9 80 0.0775194 0.627907
1233 9 81 0.0775194 0.635659
1234 9 82 0.0775194 0.643411
1235 9 83 0.0775194 0.651163
1236 9 84 0.0775194 0.658915
1237 9 85 0.0775194 0.666667
1238 9 86 0.0775194 0.674419
1239 9 87 0.0775194 0.682171
1240 9 88 0.0775194 0.689922
1241 9 89 0.0775194 0.697674
1242 9 90 0.0775194 0.705426
1243 9 91 0.0775194 0.713178
1244 9 92 0.0775194 0.72093
1245 9 93 0.0775194 0.728682
1246 9 94 0.0775194 0.736434
1247 9 95 0.0775194 0.744186
1248 9 96 0.0775194 0.751938
1249 9 97 0.0775194 0.75969
1250 9 98 0.0775194 0.767442
1251 9 99 0.0775194 0.775194
1252 9 100 0.0775194 0.782946
1253 9 101 0.0775194 0.790698
1254 9 102 0.0775194 0.79845
1255 9 103 0.0775194 0.806202
1256 9 104 0.0775194 0.813953
1257 9 105 0.0775194 0.821705
1258 9 106 0.0775194 0.829457
1259 9 107 0.0775194 0.837209
1260 9 108 0.0775194 0.844961
1261 9 109 0.0775194 0.852713
1262 9 110 0.0775194 0.860465
1263 9 111 0.0775194 0.868217
1264 9 112 0.0775194 0.875969
1265 9 113 0.0775194 0.883721
1266 9 114 0.0775194 0.891473
1267 9 115 0.0775194 0.899225
1268 9 116 0.0775194 0.906977
1269 9 117 0.0775194 0.914729
1270 9 118 0.0775194 0.922481
1271 9 119 0.0775194 0.930233
1272 9 120 0.0775194 0.937984
1273 9 121 0.0775194 0.945736
1274 9 122 0.0775194 0.953488
1275 9 123 0.0775194 0.96124
1276 9 124 0.0775194 0.968992
1277 9 125 0.0775194 0.976744
1278 9 126 0.0775194 0.984496
1279 9 127 0.0775194 0.992248
1280 10 0 0.0852713 0.00775194
1281 10 1 0.0852713 0.0155039
1282 10 2 0.0852713 0.0232558
1283 10 3 0.0852713 0.0310078
1284 10 4 0.0852713 0.0387597
1285 10 5 0.0852713 0.0465116
1286 10 6 0.0852713 0.0542636
1287 10 7 0.0852713 0.0620155
1288 10 8 0.0852713 0.0697674
1289 10 9 0.0852713 0.0775194
1290 10 10 0.0852713 0.0852713
1291 10 11 0.0852713 0.0930233
1292 10 12 0.0852713 0.100775
1293 10 13 0.0852713 0.108527
1294 10 14 0.0852713 0.116279
1295 10 15 0.0852713 0.124031
1296 10 16 0.0852713 0.131783
1297 10 17 0.0852713 0.139535
1298 10 18 0.0852713 0.147287
1299 10 19 0.0852713 0.155039
1300 10 20 0.0852713 0.162791
1301 10 21 0.0852713 0.170543
1302 10 22 0.0852713 0.178295
1303 10 23 0.0852713 0.186047
1304 10 24 0.0852713 0.193798
1305 10 25 0.0852713 0.20155
1306 10 26 0.0852713 0.209302
1307 10 27 0.0852713 0.217054
1308 10 28 0.0852713 0.224806
1309 10 29 0.0852713 0.232558
1310 10 30 0.0852713 0.24031
1311 10 31 0.0852713 0.248062
1312 10 32 0.0852713 0.255814
1313 10 33 0.0852713 0.263566
1314 10 34 0.0852713 0.271318
1315 10 35 0.0852713 0.27907
1316 10 36 0.0852713 0.286822
1317 10 37 0.0852713 0.294574
1318 10 38 0.0852713 0.302326
1319 10 39 0.0852713 0.310078
1320 10 40 0.0852713 0.317829
1321 10 41 0.0852713 0.325581
1322 10 42 0.0852713 0.333333
1323 10 43 0.0852713 0.341085
1324 10 44 0.0852713 0.348837
1325 10 45 0.0852713 0.356589
1326 10 46 0.0852713 0.364341
1327 10 47 0.0852713 0.372093
1328 10 48 0.0852713 0.379845
1329 10 49 0.0852713 0.387597
1330 10 50 0.0852713 0.395349
1331 10 51 0.0852713 0.403101
1332 10 52 0.0852713 0.410853
1333 10 53 0.0852713 0.418605
1334 10 54 0.0852713 0.426357
1335 10 55 0.0852713 0.434109
1336 10 56 0.0852713 0.44186
1337 10 57 0.0852713 0.449612
1338 10 58 0.0852713 0.457364
1339 10 59 0.0852713 0.465116
1340 10 60 0.0852713 0.472868
1341 10 61 0.0852713 0.48062
1342 10 62 0.0852713 0.488372
1343 10 63 0.0852713 0.496124
1344 10 64 0.0852713 0.503876
1345 10 65 0.0852713 0.511628
1346 10 66 0.0852713 0.51938
1347 10 67 0.0852713 0.527132
1348 10 68 0.0852713 0.534884
1349 10 69 0.0852713 0.542636
1350 10 70 0.0852713 0.550388
1351 10 71 0.0852713 0.55814
1352 10 72 0.0852713 0.565891
1353 10 73 0.0852713 0.573643
1354 10 74 0.0852713 0.581395
1355 10 75 0.0852713 0.589147
1356 10 76 0.0852713 0.596899
1357 10 77 0.0852713 0.604651
1358 10 78 0.0852713 0.612403
1359 10 79 0.0852713 0.620155
1360 10 80 0.0852713 0.627907
1361 10 81 0.0852713 0.635659
1362 10 82 0.0852713 0.643411
1363 10 83 0.0852713 0.651163
1364 10 84 0.0852713 0.658915
1365 10 85 0.0852713 0.666667
1366 10 86 0.0852713 0.674419
1367 10 87 0.0852713 0.682171
1368 10 88 0.0852713 0.689922
1369 10 89 0.0852713 0.697674
1370 10 90 0.0852713 0.705426
1371 10 91 0.0852713 0.713178
1372 10 92 0.0852713 0.72093
1373 10 93 0.0852713 0.728682
1374 10 94 0.0852713 0.736434
1375 10 95 0.0852713 0.744186
1376 10 96 0.0852713 0.751938
1377 10 97 0.0852713 0.75969
1378 10 98 0.0852713 0.767442
1379 10 99 0.0852713 0.775194
1380 10 100 0.0852713 0.782946
1381 10 101 0.0852713 0.790698
1382 10 102 0.0852713 0.79845
1383 10 103 0.0852713 0.806202
1384 10 104 0.0852713 0.813953
1385 10 105 0.0852713 0.821705
1386 10 106 0.0852713 0.829457
1387 10 107 0.0852713 0.837209
1388 10 108 0.0852713 0.844961
1389 10 109 0.0852713 0.852713
1390 10 110 0.0852713 0.860465
1391 10 111 0.0852713 0.868217
1392 10 112 0.0852713 0.875969
1393 10 113 0.0852713 0.883721
1394 10 114 0.0852713 0.891473
1395 10 115 0.0852713 0.899225
1396 10 116 0.0852713 0.906977
1397 10 117 0.0852713 0.914729
1398 10 118 0.0852713 0.922481
1399 10 119 0.0852713 0.930233
1400 10 120 0.0852713 0.937984
1401 10 121 0.0852713 0.945736
1402 10 122 0.0852713 0.953488
1403 10 123 0.0852713 0.96124
1404 10 124 0.0852713 0.968992
1405 10 125 0.0852713 0.976744
1406 10 126 0.0852713 0.984496
1407 10 127 0.0852713 0.992248
1408 11 0 0.0930233 0.00775194
1409 11 1 0.0930233 0.0155039
1410 11 2 0.0930233 0.0232558
1411 11 3 0.0930233 0.0310078
1412 11 4 0.0930233 0.0387597
1413 11 5 0.0930233 0.0465116
1414 11 6 0.0930233 0.0542636
1415 11 7 0.0930233 0.0620155
1416 11 8 0.0930233 0.0697674
1417 11 9 0.0930233 0.0775194
1418 11 10 0.0930233 0.0852713
1419 11 11 0.0930233 0.0930233
1420 11 12 0.0930233 0.100775
1421 11 13 0.0930233 0.108527
1422 11 14 0.0930233 0.116279
1423 11 15 0.0930233 0.124031
1424 11 16 0.0930233 0.131783
1425 11 17 0.0930233 0.139535
1426 11 18 0.0930233 0.147287
1427 11 19 0.0930233 0.155039
1428 11 20 0.0930233 0.162791
1429 11 21 0.0930233 0.170543
1430 11 22 0.0930233 0.178295
1431 11 23 0.0930233 0.186047
1432 11 24 0.0930233 0.193798
1433 11 25 0.0930233 0.20155
1434 11 26 0.0930233 0.209302
1435 11 27 0.0930233 0.217054
1436 11 28 0.0930233 0.224806
1437 11 29 0.0930233 0.232558
1438 11 30 0.0930233 0.24031
1439 11 31 0.0930233 0.248062
1440 11 32 0.0930233 0.255814
1441 11 33 0.0930233 0.263566
1442 11 34 0.0930233 0.271318
1443 11 35 0.0930233 0.27907
1444 11 36 0.0930233 0.286822
1445 11 37 0.0930233 0.294574
1446 11 38 0.0930233 0.302326
1447 11 39 0.0930233 0.310078
1448 11 40 0.0930233 0.317829
1449 11 41 0.0930233 0.325581
1450 11 42 0.0930233 0.333333
1451 11 43 0.0930233 0.341085
1452 11 44 0.0930233 0.348837
1453 11 45 0.0930233 0.356589
1454 11 46 0.0930233 0.364341
1455 11 47 0.0930233 0.372093
1456 11 48 0.0930233 0.379845
1457 11 49 0.0930233 0.387597
1458 11 50 0.0930233 0.395349
1459 11 51 0.0930233 0.403101
1460 11 52 0.0930233 0.410853
1461 11 53 0.0930233 0.418605
1462 11 54 0.0930233 0.426357
1463 11 55 0.0930233 0.434109
1464 11 56 0.0930233 0.44186
1465 11 57 0.0930233 0.449612
1466 11 58 0.0930233 0.457364
1467 11 59 0.0930233 0.465116
1468 11 60 0.0930233 0.472868
1469 11 61 0.0930233 0.48062
1470 11 62 0.0930233 0.488372
1471 11 63 0.0930233 0.496124
1472 11 64 0.0930233 0.503876
1473 11 65 0.0930233 0.511628
1474 11 66 0.0930233 0.51938
1475 11 67 0.0930233 0.527132
1476 11 68 0.0930233 0.534884
1477 11 69 0.0930233 0.542636
1478 11 70 0.0930233 0.550388
1479 11 71 0.0930233 0.55814
1480 11 72 0.0930233 0.565891
1481 11 73 0.0930233 0.573643
1482 11 74 0.0930233 0.581395
1483 11 75 0.0930233 0.589147
1484 11 76 0.0930233 0.596899
1485 11 77 0.0930233 0.604651
1486 11 78 0.0930233 0.612403
1487 11 79 0.0930233 0.620155
1488 11 80 0.0930233 0.627907
1489 11 81 0.0930233 0.635659
1490 11 82 0.0930233 0.643411
1491 11 83 0.0930233 0.651163
1492 11 84 0.0930233 0.658915
1493 11 85 0.0930233 0.666667
1494 11 86 0.0930233 0.674419
1495 11 87 0.0930233 0.682171
1496 11 88 0.0930233 0.689922
1497 11 89 0.0930233 0.697674
1498 11 90 0.0930233 0.705426
1499 11 91 0.0930233 0.713178
1500 11 92 0.0930233 0.72093
1501 11 93 0.0930233 0.728682
1502 11 94 0.0930233 0.736434
1503 11 95 0.0930233 0.744186
1504 11 96 0.0930233 0.751938
1505 11 97 0.0930233 0.75969
1506 11 98 0.0930233 0.767442
1507 11 99 0.0930233 0.775194
1508 11 100 0.0930233 0.782946
1509 11 101 0.0930233 0.790698
1510 11 102 0.0930233 0.79845
1511 11 103 0.0930233 0.806202
1512 11 104 0.0930233 0.813953
1513 11 105 0.0930233 0.821705
1514 11 106 0.0930233 0.829457
1515 11 107 0.0930233 0.837209
1516 11 108 0.0930233 0.844961
1517 11 109 0.0930233 0.852713
1518 11 110 0.0930233 0.860465
1519 11 111 0.0930233 0.868217
1520 11 112 0.0930233 0.875969
1521 11 113 0.0930233 0.883721
1522 11 114 0.0930233 0.891473
1523 11 115 0.0930233 0.899225
1524 11 116 0.0930233 0.906977
1525 11 117 0.0930233 0.914729
1526 11 118 0.0930233 0.922481
1527 11 119 0.0930233 0.930233
1528 11 120 0.0930233 0.937984
1529 11 121 0.0930233 0.945736
1530 11 122 0.0930233 0.953488
1531 11 123 0.0930233 0.96124
1532 11 124 0.0930233 0.968992
1533 11 125 0.0930233 0.976744
1534 11 126 0.0930233 0.984496
1535 11 127 0.0930233 0.992248
1536 12 0 0.100775 0.00775194
1537 12 1 0.100775 0.0155039
1538 12 2 0.100775 0.0232558
1539 12 3 0.100775 0.0310078
1540 12 4 0.100775 0.0387597
1541 12 5 0.100775 0.0465116
1542 12 6 0.100775 0.0542636
1543 12 7 0.100775 0.0620155
1544 12 8 0.100775 0.0697674
1545 12 9 0.100775 0.0775194
1546 12 10 0.100775 0.0852713
1547 12 11 0.100775 0.0930233
1548 12 12 0.100775 0.100775
1549 12 13 0.100775 0.108527
1550 12 14 0.100775 0.116279
1551 12 15 0.100775 0.124031
1552 12 16 0.100775 0.131783
1553 12 17 0.100775 0.139535
1554 12 18 0.100775 0.147287
1555 12 19 0.100775 0.155039
1556 12 20 0.100775 0.162791
1557 12 21 0.100775 0.170543
1558 12 22 0.100775 0.178295
1559 12 23 0.100775 0.186047
1560 12 24 0.100775 0.193798
1561 12 25 0.100775 0.20155
1562 12 26 0.100775 0.209302
1563 12 27 0.100775 0.217054
1564 12 28 0.100775 0.224806
1565 12 29 0.100775 0.232558
1566 12 30 0.100775 0.24031
1567 12 31 0.100775 0.248062
1568 12 32 0.100775 0.255814
1569 12 33 0.100775 0.263566
1570 12 34 0.100775 0.271318
1571 12 35 0.100775 0.27907
1572 12 36 0.100775 0.286822
1573 12 37 0.100775 0.294574
1574 12 38 0.100775 0.302326
1575 12 39 0.100775 0.310078
1576 12 40 0.100775 0.317829
1577 12 41 0.100775 0.325581
1578 12 42 0.100775 0.333333
1579 12 43 0.100775 0.341085
1580 12 44 0.100775 0.348837
1581 12 45 0.100775 0.356589
1582 12 46 0.100775 0.364341
1583 12 47 0.100775 0.372093
1584 12 48 0.100775 0.379845
1585 12 49 0.100775 0.387597
1586 12 50 0.100775 0.395349
1587 12 51 0.100775 0.403101
1588 12 52 0.100775 0.410853
1589 12 53 0.100775 0.418605
1590 12 54 0.100775 0.426357
1591 12 55 0.100775 0.434109
1592 12 56 0.100775 0.44186
1593 12 57 0.100775 0.449612
1594 12 58 0.100775 0.457364
1595 12 59 0.100775 0.465116
1596 12 60 0.100775 0.472868
1597 12 61 0.100775 0.48062
1598 12 62 0.100775 0.488372
1599 12 63 0.100775 0.496124
1600 12 64 0.100775 0.503876
1601 12 65 0.100775 0.511628
1602 12 66 0.100775 0.51938
1603 12 67 0.100775 0.527132
1604 12 68 0.100775 0.534884
1605 12 69 0.100775 0.542636
1606 12 70 0.100775 0.550388
1607 12 71 0.100775 0.55814
1608 12 72 0.100775 0.565891
1609 12 73 0.100775 0.573643
1610 12 74 0.100775 0.581395
1611 12 75 0.100775 0.589147
1612 12 76 0.100775 0.596899
1613 12 77 0.100775 0.604651
1614 12 78 0.100775 0.612403
1615 12 79 0.100775 0.620155
1616 12 80 0.100775 0.627907
1617 12 81 0.100775 0.635659
1618 12 82 0.100775 0.643411
1619 12 83 0.100775 0.651163
1620 12 84 0.100775 0.658915
1621 12 85 0.100775 0.666667
1622 12 86 0.100775 0.674419
1623 12 87 0.100775 0.682171
1624 12 88 0.100775 0.689922
1625 12 89 0.100775 0.697674
1626 12 90 0.100775 0.705426
1627 12 91 0.100775 0.713178
1628 12 92 0.100775 0.72093
1629 12 93 0.100775 0.728682
1630 12 94 0.100775 0.736434
1631 12 95 0.100775 0.744186
1632 12 96 0.100775 0.751938
1633 12 97 0.100775 0.75969
1634 12 98 0.100775 0.767442
1635 12 99 0.100775 0.775194
1636 12 100 0.100775 0.782946
1637 12 101 0.100775 0.790698
1638 12 102 0.100775 0.79845
1639 12 103 0.100775 0.806202
1640 12 104 0.100775 0.813953
1641 12 105 0.100775 0.821705
1642 12 106 0.100775 0.829457
1643 12 107 0.100775 0.837209
1644 12 108 0.100775 0.844961
1645 12 109 0.100775 0.852713
1646 12 110 0.100775 0.860465
1647 12 111 0.100775 0.868217
1648 12 112 0.100775 0.875969
1649 12 113 0.100775 0.883721
1650 12 114 0.100775 0.891473
1651 12 115 0.100775 0.899225
1652 12 116 0.100775 0.906977
1653 12 117 0.100775 0.914729
1654 12 118 0.100775 0.922481
1655 12 119 0.100775 0.930233
1656 12 120 0.100775 0.937984
1657 12 121 0.100775 0.945736
1658 12 122 0.100775 0.953488
1659 12 123 0.100775 0.96124
1660 12 124 0.100775 0.968992
1661 12 125 0.100775 0.976744
1662 12 126 0.100775 0.984496
1663 12 127 0.100775 0.992248
1664 13 0 0.108527 0.00775194
1665 13 1 0.108527 0.0155039
1666 13 2 0.108527 0.0232558
1667 13 3 0.108527 0.0310078
1668 13 4 0.108527 0.0387597
1669 13 5 0.108527 0.0465116
1670 13 6 0.108527 0.0542636
1671 13 7 0.108527 0.0620155
1672 13 8 0.108527 0.0697674
1673 13 9 0.108527 0.0775194
1674 13 10 0.108527 0.0852713
1675 13 11 0.108527 0.0930233
1676 13 12 0.108527 0.100775
1677 13 13 0.108527 0.108527
1678 13 14 0.108527 0.116279
1679 13 15 0.108527 0.124031
1680 13 16 0.108527 0.131783
1681 13 17 0.108527 0.139535
1682 13 18 0.108527 0.147287
1683 13 19 0.108527 0.155039
1684 13 20 0.108527 0.162791
1685 13 21 0.108527 0.170543
1686 13 22 0.108527 0.178295
1687 13 23 0.108527 0.186047
1688 13 24 0.108527 0.193798
1689 13 25 0.108527 0.20155
1690 13 26 0.108527 0.209302
1691 13 27 0.108527 0.217054
1692 13 28 0.108527 0.224806
1693 13 29 0.108527 0.232558
1694 13 30 0.108527 0.24031
1695 13 31 0.108527 0.248062
1696 13 32 0.108527 0.255814
1697 13 33 0.108527 0.263566
1698 13 34 0.108527 0.271318
1699 13 35 0.108527 0.27907
1700 13 36 0.108527 0.286822
1701 13 37 0.108527 0.294574
1702 13 38 0.108527 0.302326
1703 13 39 0.108527 0.310078
1704 13 40 0.108527 0.317829
1705 13 41 0.108527 0.325581
1706 13 42 0.108527 0.333333
1707 13 43 0.108527 0.341085
1708 13 44 0.108527 0.348837
1709 13 45 0.108527 0.356589
1710 13 46 0.108527 0.364341
1711 13 47 0.108527 0.372093
1712 13 48 0.108527 0.379845
1713 13 49 0.108527 0.387597
1714 13 50 0.108527 0.395349
1715 13 51 0.108527 0.403101
1716 13 52 0.108527 0.410853
1717 13 53 0.108527 0.418605
1718 13 54 0.108527 0.426357
1719 13 55 0.108527 0.434109
1720 13 56 0.108527 0.44186
1721 13 57 0.108527 0.449612
1722 13 58 0.108527 0.457364
1723 13 59 0.108527 0.465116
1724 13 60 0.108527 0.472868
1725 13 61 0.108527 0.48062
1726 13 62 0.108527 0.488372
1727 13 63 0.108527 0.496124
1728 13 64 0.108527 0.503876
1729 13 65 0.108527 0.511628
1730 13 66 0.108527 0.51938
1731 13 67 0.108527 0.527132
1732 13 68 0.108527 0.534884
1733 13 69 0.108527 0.542636
1734 13 70 0.108527 0.550388
1735 13 71 0.108527 0.55814
1736 13 72 0.108527 0.565891
1737 13 73 0.108527 0.573643
1738 13 74 0.108527 0.581395
1739 13 75 0.108527 0.589147
1740 13 76 0.108527 0.596899
1741 13 77 0.108527 0.604651
1742 13 78 0.108527 0.612403
1743 13 79 0.108527 0.620155
1744 13 80 0.108527 0.627907
1745 13 81 0.108527 0.635659
1746 13 82 0.108527 0.643411
1747 13 83 0.108527 0.651163
1748 13 84 0.108527 0.658915
1749 13 85 0.108527 0.666667
1750 13 86 0.108527 0.674419
1751 13 87 0.108527 0.682171
1752 13 88 0.108527 0.689922
1753 13 89 0.108527 0.697674
1754 13 90 0.108527 0.705426
1755 13 91 0.108527 0.713178
1756 13 92 0.108527 0.72093
1757 13 93 0.108527 0.728682
1758 13 94 0.108527 0.736434
1759 13 95 0.108527 0.744186
1760 13 96 0.108527 0.751938
1761 13 97 0.108527 0.75969
1762 13 98 0.108527 0.767442
1763 13 99 0.108527 0.775194
1764 13 100 0.108527 0.782946
1765 13 101 0.108527 0.790698
1766 13 102 0.108527 0.79845
1767 13 103 0.108527 0.806202
1768 13 104 0.108527 0.813953
1769 13 105 0.108527 0.821705
1770 13 106 0.108527 0.829457
1771 13 107 0.108527 0.837209
1772 13 108 0.108527 0.844961
1773 13 109 0.108527 0.852713
1774 13 110 0.108527 0.860465
1775 13 111 0.108527 0.868217
1776 13 112 0.108527 0.875969
1777 13 113 0.108527 0.883721
1778 13 114 0.108527 0.891473
1779 13 115 0.108527 0.899225
1780 13 116 0.108527 0.906977
1781 13 117 0.108527 0.914729
1782 13 118 0.108527 0.922481
1783 13 119 0.108527 0.930233
1784 13 120 0.108527 0.937984
1785 13 121 0.108527 0.945736
1786 13 122 0.108527 0.953488
1787 13 123 0.108527 0.96124
1788 13 124 0.108527 0.968992
1789 13 125 0.108527 0.976744
1790 13 126 0.108527 0.984496
1791 13 127 0.108527 0.992248
1792 14 0 0.116279 0.00775194
1793 14 1 0.116279 0.0155039
1794 14 2 0.116279 0.0232558
1795 14 3 0.116279 0.0310078
1796 14 4 0.116279 0.0387597
1797 14 5 0.116279 0.0465116
1798 14 6 0.116279 0.0542636
1799 14 7 0.116279 0.0620155
1800 14 8 0.116279 0.0697674
1801 14 9 0.116279 0.0775194
1802 14 10 0.116279 0.0852713
1803 14 11 0.116279 0.0930233
1804 14 12 0.116279 0.100775
1805 14 13 0.116279 0.108527
1806 14 14 0.116279 0.116279
1807 14 15 0.116279 0.124031
1808 14 16 0.116279 0.131783
1809 14 17 0.116279 0.139535
1810 14 18 0.116279 0.147287
1811 14 19 0.116279 0.155039
1812 14 20 0.116279 0.162791
1813 14 21 0.116279 0.170543
1814 14 22 0.116279 0.178295
1815 14 23 0.116279 0.186047
1816 14 24 0.116279 0.193798
1817 14 25 0.116279 0.20155
1818 14 26 0.116279 0.209302
1819 14 27 0.116279 0.217054
1820 14 28 0.116279 0.224806
1821 14 29 0.116279 0.232558
1822 14 30 0.116279 0.24031
1823 14 31 0.116279 0.248062
1824 14 32 0.116279 0.255814
1825 14 33 0.116279 0.263566
1826 14 34 0.116279 0.271318
1827 14 35 0.116279 0.27907
1828 14 36 0.116279 0.286822
1829 14 37 0.116279 0.294574
1830 14 38 0.116279 0.302326
1831 14 39 0.116279 0.310078
1832 14 40 0.116279 0.317829
1833 14 41 0.116279 0.325581
1834 14 42 0.116279 0.333333
1835 14 43 0.116279 0.341085
1836 14 44 0.116279 0.348837
1837 14 45 0.116279 0.356589
1838 14 46 0.116279 0.364341
1839 14 47 0.116279 0.372093
1840 14 48 0.116279 0.379845
1841 14 49 0.116279 0.387597
1842 14 50 0.116279 0.395349
1843 14 51 0.116279 0.403101
1844 14 52 0.116279 0.410853
1845 14 53 0.116279 0.418605
1846 14 54 0.116279 0.426357
1847 14 55 0.116279 0.434109
1848 14 56 0.116279 0.44186
1849 14 57 0.116279 0.449612
1850 14 58 0.116279 0.457364
1851 14 59 0.116279 0.465116
1852 14 60 0.116279 0.472868
1853 14 61 0.116279 0.48062
1854 14 62 0.116279 0.488372
1855 14 63 0.116279 0.496124
1856 14 64 0.116279 0.503876
1857 14 65 0.116279 0.511628
1858 14 66 0.116279 0.51938
1859 14 67 0.116279 0.527132
1860 14 68 0.116279 0.534884
1861 14 69 0.116279 0.542636
1862 14 70 0.116279 0.550388
1863 14 71 0.116279 0.55814
1864 14 72 0.116279 0.565891
1865 14 73 0.116279 0.573643
1866 14 74 0.116279 0.581395
1867 14 75 0.116279 0.589147
1868 14 76 0.116279 0.596899
1869 14 77 0.116279 0.604651
1870 14 78 0.116279 0.612403
1871 14 79 0.116279 0.620155
1872 14 80 0.116279 0.627907
1873 14 81 0.116279 0.635659
1874 14 82 0.116279 0.643411
1875 14 83 0.116279 0.651163
1876 14 84 0.116279 0.658915
1877 14 85 0.116279 0.666667
1878 14 86 0.116279 0.674419
1879 14 87 0.116279 0.682171
1880 14 88 0.116279 0.689922
1881 14 89 0.116279 0.697674
1882 14 90 0.116279 0.705426
1883 14 91 0.116279 0.713178
1884 14 92 0.116279 0.72093
1885 14 93 0.116279 0.728682
1886 14 94 0.116279 0.736434
1887 14 95 0.116279 0.744186
1888 14 96 0.116279 0.751938
1889 14 97 0.116279 0.75969
1890 14 98 0.116279 0.767442
1891 14 99 0.116279 0.775194
1892 14 100 0.116279 0.782946
1893 14 101 0.116279 0.790698
1894 14 102 0.116279 0.79845
1895 14 103 0.116279 0.806202
1896 14 104 0.116279 0.813953
1897 14 105 0.116279 0.821705
1898 14 106 0.116279 0.829457
1899 14 107 0.116279 0.837209
1900 14 108 0.116279 0.844961
1901 14 109 0.116279 0.852713
1902 14 110 0.116279 0.860465
1903 14 111 0.116279 0.868217
1904 14 112 0.116279 0.875969
1905 14 113 0.116279 0.883721
1906 14 114 0.116279 0.891473
1907 14 115 0.116279 0.899225
1908 14 116 0.116279 0.906977
1909 14 117 0.116279 0.914729
1910 14 118 0.116279 0.922481
1911 14 119 0.116279 0.930233
1912 14 120 0.116279 0.937984
1913 14 121 0.116279 0.945736
1914 14 122 0.116279 0.953488
1915 14 123 0.116279 0.96124
1916 14 124 0.116279 0.968992
1917 14 125 0.116279 0.976744
1918 14 126 0.116279 0.984496
1919 14 127 0.116279 0.992248
1920 15 0 0.124031 0.00775194
1921 15 1 0.124031 0.0155039
1922 15 2 0.124031 0.0232558
1923 15 3 0.124031 0.0310078
1924 15 4 0.124031 0.0387597
1925 15 5 0.124031 0.0465116
1926 15 6 0.124031 0.0542636
1927 15 7 0.124031 0.0620155
1928 15 8 0.124031 0.0697674
1929 15 9 0.124031 0.0775194
1930 15 10 0.124031 0.0852713
1931 15 11 0.124031 0.0930233
1932 15 12 0.124031 0.100775
1933 15 13 0.124031 0.108527
1934 15 14 0.124031 0.116279
1935 15 15 0.124031 0.124031
1936 15 16 0.124031 0.131783
1937 15 17 0.124031 0.139535
1938 15 18 0.124031 0.147287
1939 15 19 0.124031 0.155039
1940 15 20 0.124031 0.162791
1941 15 21 0.124031 0.170543
1942 15 22 0.124031 0.178295
1943 15 23 0.124031 0.186047
1944 15 24 0.124031 0.193798
1945 15 25 0.124031 0.20155
1946 15 26 0.124031 0.209302
1947 15 27 0.124031 0.217054
1948 15 28 0.124031 0.224806
1949 15 29 0.124031 0.232558
1950 15 30 0.124031 0.24031
1951 15 31 0.124031 0.248062
1952 15 32 0.124031 0.255814
1953 15 33 0.124031 0.263566
1954 15 34 0.124031 0.271318
1955 15 35 0.124031 0.27907
1956 15 36 0.124031 0.286822
1957 15 37 0.124031 0.294574
1958 15 38 0.124031 0.302326
1959 15 39 0.124031 0.310078
1960 15 40 0.124031 0.317829
1961 15 41 0.124031 0.325581
1962 15 42 0.124031 0.333333
1963 15 43 0.124031 0.341085
1964 15 44 0.124031 0.348837
1965 15 45 0.124031 0.356589
1966 15 46 0.124031 0.364341
1967 15 47 0.124031 0.372093
1968 15 48 0.124031 0.379845
1969 15 49 0.124031 0.387597
1970 15 50 0.124031 0.395349
1971 15 51 0.124031 0.403101
1972 15 52 0.124031 0.410853
1973 15 53 0.124031 0.418605
1974 15 54 0.124031 0.426357
1975 15 55 0.124031 0.434109
1976 15 56 0.124031 0.44186
1977 15 57 0.124031 0.449612
1978 15 58 0.124031 0.457364
1979 15 59 0.124031 0.465116
1980 15 60 0.124031 0.472868
1981 15 61 0.124031 0.48062
1982 15 62 0.124031 0.488372
1983 15 63 0.124031 0.496124
1984 15 64 0.124031 0.503876
1985 15 65 0.124031 0.511628
1986 15 66 0.124031 0.51938
1987 15 67 0.124031 0.527132
1988 15 68 0.124031 0.534884
1989 15 69 0.124031 0.542636
1990 15 70 0.124031 0.550388
1991 15 71 0.124031 0.55814
1992 15 72 0.124031 0.565891
1993 15 73 0.124031 0.573643
1994 15 74 0.124031 0.581395
1995 15 75 0.124031 0.589147
1996 15 76 0.124031 0.596899
1997 15 77 0.124031 0.604651
1998 15 78 0.124031 0.612403
1999 15 79 0.124031 0.620155
2000 15 80 0.124031 0.627907
2001 15 81 0.124031 0.635659
2002 15 82 0.124031 0.643411
2003 15 83 0.124031 0.651163
2004 15 84 0.124031 0.658915
2005 15 85 0.124031 0.666667
2006 15 86 0.124031 0.674419
2007 15 87 0.124031 0.682171
2008 15 88 0.124031 0.689922
2009 15 89 0.124031 0.697674
2010 15 90 0.124031 0.705426
2011 15 91 0.124031 0.713178
2012 15 92 0.124031 0.72093
2013 15 93 0.124031 0.728682
2014 15 94 0.124031 0.736434
2015 15 95 0.124031 0.744186
2016 15 96 0.124031 0.751938
2017 15 97 0.124031 0.75969
2018 15 98 0.124031 0.767442
2019 15 99 0.124031 0.775194
2020 15 100 0.124031 0.782946
2021 15 101 0.124031 0.790698
2022 15 102 0.124031 0.79845
2023 15 103 0.124031 0.806202
2024 15 104 0.124031 0.813953
2025 15 105 0.124031 0.821705
2026 15 106 0.124031 0.829457
2027 15 107 0.124031 0.837209
2028 15 108 0.124031 0.844961
2029 15 109 0.124031 0.852713
2030 15 110 0.124031 0.860465
2031 15 111 0.124031 0.868217
2032 15 112 0.124031 0.875969
2033 15 113 0.124031 0.883721
2034 15 114 0.124031 0.891473
2035 15 115 0.124031 0.899225
2036 15 116 0.124031 0.906977
2037 15 117 0.124031 0.914729
2038 15 118 0.124031 0.922481
2039 15 119 0.124031 0.930233
2040 15 120 0.124031 0.937984
2041 15 121 0.124031 0.945736
2042 15 122 0.124031 0.953488
2043 15 123 0.124031 0.96124
2044 15 124 0.124031 0.968992
2045 15 125 0.124031 0.976744
2046 15 126 0.124031 0.984496
2047 15 127 0.124031 0.992248
2048 16 0 0.131783 0.00775194
2049 16 1 0.131783 0.0155039
2050 16 2 0.131783 0.0232558
2051 16 3 0.131783 0.0310078
2052 16 4 0.131783 0.0387597
2053 16 5 0.131783 0.0465116
2054 16 6 0.131783 0.0542636
2055 16 7 0.131783 0.0620155
2056 16 8 0.131783 0.0697674
2057 16 9 0.131783 0.0775194
2058 16 10 0.131783 0.0852713
2059 16 11 0.131783 0.0930233
2060 16 12 0.131783 0.100775
2061 16 13 0.131783 0.108527
2062 16 14 0.131783 0.116279
2063 16 15 0.131783 0.124031
2064 16 16 0.131783 0.131783
2065 16 17 0.131783 0.139535
2066 16 18 0.131783 0.147287
2067 16 19 0.131783 0.155039
2068 16 20 0.131783 0.162791
2069 16 21 0.131783 0.170543
2070 16 22 0.131783 0.178295
2071 16 23 0.131783 0.186047
2072 16 24 0.131783 0.193798
2073 16 25 0.131783 0.20155
2074 16 26 0.131783 0.209302
2075 16 27 0.131783 0.217054
2076 16 28 0.131783 0.224806
2077 16 29 0.131783 0.232558
2078 16 30 0.131783 0.24031
2079 16 31 0.131783 0.248062
2080 16 32 0.131783 0.255814
2081 16 33 0.131783 0.263566
2082 16 34 0.131783 0.271318
2083 16 35 0.131783 0.27907
2084 16 36 0.131783 0.286822
2085 16 37 0.131783 0.294574
2086 16 38 0.131783 0.302326
2087 16 39 0.131783 0.310078
2088 16 40 0.131783 0.317829
2089 16 41 0.131783 0.325581
2090 16 42 0.131783 0.333333
2091 16 43 0.131783 0.341085
2092 16 44 0.131783 0.348837
2093 16 45 0.131783 0.356589
2094 16 46 0.131783 0.364341
2095 16 47 0.131783 0.372093
2096 16 48 0.131783 0.379845
2097 16 49 0.131783 0.387597
2098 16 50 0.131783 0.395349
2099 16 51 0.131783 0.403101
2100 16 52 0.131783 0.410853
2101 16 53 0.131783 0.418605
2102 16 54 0.131783 0.426357
2103 16 55 0.131783 0.434109
2104 16 56 0.131783 0.44186
2105 16 57 0.131783 0.449612
2106 16 58 0.131783 0.457364
2107 16 59 0.131783 0.465116
2108 16 60 0.131783 0.472868
2109 16 61 0.131783 0.48062
2110 16 62 0.131783 0.488372
2111 16 63 0.131783 0.496124
2112 16 64 0.131783 0.503876
2113 16 65 0.131783 0.511628
2114 16 66 0.131783 0.51938
2115 16 67 0.131783 0.527132
2116 16 68 0.131783 0.534884
2117 16 69 0.131783 0.542636
2118 16 70 0.131783 0.550388
2119 16 71 0.131783 0.55814
2120 16 72 0.131783 0.565891
2121 16 73 0.131783 0.573643
2122 16 74 0.131783 0.581395
2123 16 75 0.131783 0.589147
2124 16 76 0.131783 0.596899
2125 16 77 0.131783 0.604651
2126 16 78 0.131783 0.612403
2127 16 79 0.131783 0.620155
2128 16 80 0.131783 0.627907
2129 16 81 0.131783 0.635659
2130 16 82 0.131783 0.643411
2131 16 83 0.131783 0.651163
2132 16 84 0.131783 0.658915
2133 16 85 0.131783 0.666667
2134 16 86 0.131783 0.674419
2135 16 87 0.131783 0.682171
2136 16 88 0.131783 0.689922
2137 16 89 0.131783 0.697674
2138 16 90 0.131783 0.705426
2139 16 91 0.131783 0.713178
2140 16 92 0.131783 0.72093
2141 16 93 0.131783 0.728682
2142 16 94 0.131783 0.736434
2143 16 95 0.131783 0.744186
2144 16 96 0.131783 0.751938
2145 16 97 0.131783 0.75969
2146 16 98 0.131783 0.767442
2147 16 99 0.131783 0.775194
2148 16 100 0.131783 0.782946
2149 16 101 0.131783 0.790698
2150 16 102 0.131783 0.79845
2151 16 103 0.131783 0.806202
2152 16 104 0.131783 0.813953
2153 16 105 0.131783 0.821705
2154 16 106 0.131783 0.829457
2155 16 107 0.131783 0.837209
2156 16 108 0.131783 0.844961
2157 16 109 0.131783 0.852713
2158 16 110 0.131783 0.860465
2159 16 111 0.131783 0.868217
2160 16 112 0.131783 0.875969
2161 16 113 0.131783 0.883721
2162 16 114 0.131783 0.891473
2163 16 115 0.131783 0.899225
2164 16 116 0.131783 0.906977
2165 16 117 0.131783 0.914729
2166 16 118 0.131783 0.922481
2167 16 119 0.131783 0.930233
2168 16 120 0.131783 0.937984
2169 16 121 0.131783 0.945736
2170 16 122 0.131783 0.953488
2171 16 123 0.131783 0.96124
2172 16 124 0.131783 0.968992
2173 16 125 0.131783 0.976744
2174 16 126 0.131783 0.984496
2175 16 127 0.131783 0.992248
2176 17 0 0.139535 0.00775194
2177 17 1 0.139535 0.0155039
2178 17 2 0.139535 0.0232558
2179 17 3 0.139535 0.0310078
2180 17 4 0.139535 0.0387597
2181 17 5 0.139535 0.0465116
2182 17 6 0.139535 0.0542636
2183 17 7 0.139535 0.0620155
2184 17 8 0.139535 0.0697674
2185 17 9 0.139535 0.0775194
2186 17 10 0.139535 0.0852713
2187 17 11 0.139535 0.0930233
2188 17 12 0.139535 0.100775
2189 17 13 0.139535 0.108527
2190 17 14 0.139535 0.116279
2191 17 15 0.139535 0.124031
2192 17 16 0.139535 0.131783
2193 17 17 0.139535 0.139535
2194 17 18 0.139535 0.147287
2195 17 19 0.139535 0.155039
2196 17 20 0.139535 0.162791
2197 17 21 0.139535 0.170543
2198 17 22 0.139535 0.178295
2199 17 23 0.139535 0.186047
2200 17 24 0.139535 0.193798
2201 17 25 0.139535 0.20155
2202 17 26 0.139535 0.209302
2203 17 27 0.139535 0.217054
2204 17 28 0.139535 0.224806
2205 17 29 0.139535 0.232558
2206 17 30 0.139535 0.24031
2207 17 31 0.139535 0.248062
2208 17 32 0.139535 0.255814
2209 17 33 0.139535 0.263566
2210 17 34 0.139535 0.271318
2211 17 35 0.139535 0.27907
2212 17 36 0.139535 0.286822
2213 17 37 0.139535 0.294574
2214 17 38 0.139535 0.302326
2215 17 39 0.139535 0.310078
2216 17 40 0.139535 0.317829
2217 17 41 0.139535 0.325581
2218 17 42 0.139535 0.333333
2219 17 43 0.139535 0.341085
2220 17 44 0.139535 0.348837
2221 17 45 0.139535 0.356589
2222 17 46 0.139535 0.364341
2223 17 47 0.139535 0.372093
2224 17 48 0.139535 0.379845
2225 17 49 0.139535 0.387597
2226 17 50 0.139535 0.395349
2227 17 51 0.139535 0.403101
2228 17 52 0.139535 0.410853
2229 17 53 0.139535 0.418605
2230 17 54 0.139535 0.426357
2231 17 55 0.139535 0.434109
2232 17 56 0.139535 0.44186
2233 17 57 0.139535 0.449612
2234 17 58 0.139535 0.457364
2235 17 59 0.139535 0.465116
2236 17 60 0.139535 0.472868
2237 17 61 0.139535 0.48062
2238 17 62 0.139535 0.488372
2239 17 63 0.139535 0.496124
2240 17 64 0.139535 0.503876
2241 17 65 0.139535 0.511628
2242 17 66 0.139535 0.51938
2243 17 67 0.139535 0.527132
2244 17 68 0.139535 0.534884
2245 17 69 0.139535 0.542636
2246 17 70 0.139535 0.550388
2247 17 71 0.139535 0.55814
2248 17 72 0.139535 0.565891
2249 17 73 0.139535 0.573643
2250 17 74 0.139535 0.581395
2251 17 75 0.139535 0.589147
2252 17 76 0.139535 0.596899
2253 17 77 0.139535 0.604651
2254 17 78 0.139535 0.612403
2255 17 79 0.139535 0.620155
2256 17 80 0.139535 0.627907
2257 17 81 0.139535 0.635659
2258 17 82 0.139535 0.643411
2259 17 83 0.139535 0.651163
2260 17 84 0.139535 0.658915
2261 17 85 0.139535 0.666667
2262 17 86 0.139535 0.674419
2263 17 87 0.139535 0.682171
2264 17 88 0.139535 0.689922
2265 17 89 0.139535 0.697674
2266 17 90 0.139535 0.705426
2267 17 91 0.139535 0.713178
2268 17 92 0.139535 0.72093
2269 17 93 0.139535 0.728682
2270 17 94 0.139535 0.736434
2271 17 95 0.139535 0.744186
2272 17 96 0.139535 0.751938
2273 17 97 0.139535 0.75969
2274 17 98 0.139535 0.767442
2275 17 99 0.139535 0.775194
2276 17 100 0.139535 0.782946
2277 17 101 0.139535 0.790698
2278 17 102 0.139535 0.79845
2279 17 103 0.139535 0.806202
2280 17 104 0.139535 0.813953
2281 17 105 0.139535 0.821705
2282 17 106 0.139535 0.829457
2283 17 107 0.139535 0.837209
2284 17 108 0.139535 0.844961
2285 17 109 0.139535 0.852713
2286 17 110 0.139535 0.860465
2287 17 111 0.139535 0.868217
2288 17 112 0.139535 0.875969
2289 17 113 0.139535 0.883721
2290 17 114 0.139535 0.891473
2291 17 115 0.139535 0.899225
2292 17 116 0.139535 0.906977
2293 17 117 0.139535 0.914729
2294 17 118 0.139535 0.922481
2295 17 119 0.139535 0.930233
2296 17 120 0.139535 0.937984
2297 17 121 0.139535 0.945736
2298 17 122 0.139535 0.953488
2299 17 123 0.139535 0.96124
2300 17 124 0.139535 0.968992
2301 17 125 0.139535 0.976744
2302 17 126 0.139535 0.984496
2303 17 127 0.139535 0.992248
2304 18 0 0.147287 0.00775194
2305 18 1 0.147287 0.0155039
2306 18 2 0.147287 0.0232558
2307 18 3 0.147287 0.0310078
2308 18 4 0.147287 0.0387597
2309 18 5 0.147287 0.0465116
2310 18 6 0.147287 0.0542636
2311 18 7 0.147287 0.0620155
2312 18 8 0.147287 0.0697674
2313 18 9 0.147287 0.0775194
2314 18 10 0.147287 0.0852713
2315 18 11 0.147287 0.0930233
2316 18 12 0.147287 0.100775
2317 18 13 0.147287 0.108527
2318 18 14 0.147287 0.116279
2319 18 15 0.147287 0.124031
2320 18 16 0.147287 0.131783
2321 18 17 0.147287 0.139535
2322 18 18 0.147287 0.147287
2323 18 19 0.147287 0.155039
2324 18 20 0.147287 0.162791
2325 18 21 0.147287 0.170543
2326 18 22 0.147287 0.178295
2327 18 23 0.147287 0.186047
2328 18 24 0.147287 0.193798
2329 18 25 0.147287 0.20155
2330 18 26 0.147287 0.209302
2331 18 27 0.147287 0.217054
2332 18 28 0.147287 0.224806
2333 18 29 0.147287 0.232558
2334 18 30 0.147287 0.24031
2335 18 31 0.147287 0.248062
2336 18 32 0.147287 0.255814
2337 18 33 0.147287 0.263566
2338 18 34 0.147287 0.271318
2339 18 35 0.147287 0.27907
2340 18 36 0.147287 0.286822
2341 18 37 0.147287 0.294574
2342 18 38 0.147287 0.302326
2343 18 39 0.147287 0.310078
2344 18 40 0.147287 0.317829
2345 18 41 0.147287 0.325581
2346 18 42 0.147287 0.333333
2347 18 43 0.147287 0.341085
2348 18 44 0.147287 0.348837
2349 18 45 0.147287 0.356589
2350 18 46 0.147287 0.364341
2351 18 47 0.147287 0.372093
2352 18 48 0.147287 0.379845
2353 18 49 0.147287 0.387597
2354 18 50 0.147287 0.395349
2355 18 51 0.147287 0.403101
2356 18 52 0.147287 0.410853
2357 18 53 0.147287 0.418605
2358 18 54 0.147287 0.426357
2359 18 55 0.147287 0.434109
2360 18 56 0.147287 0.44186
2361 18 57 0.147287 0.449612
2362 18 58 0.147287 0.457364
2363 18 59 0.147287 0.465116
2364 18 60 0.147287 0.472868
2365 18 61 0.147287 0.48062
2366 18 62 0.147287 0.488372
2367 18 63 0.147287 0.496124
2368 18 64 0.147287 0.503876
2369 18 65 0.147287 0.511628
2370 18 66 0.147287 0.51938
2371 18 67 0.147287 0.527132
2372 18 68 0.147287 0.534884
2373 18 69 0.147287 0.542636
2374 18 70 0.147287 0.550388
2375 18 71 0.147287 0.55814
2376 18 72 0.147287 0.565891
2377 18 73 0.147287 0.573643
2378 18 74 0.147287 0.581395
2379 18 75 0.147287 0.589147
2380 18 76 0.147287 0.596899
2381 18 77 0.147287 0.604651
2382 18 78 0.147287 0.612403
2383 18 79 0.147287 0.620155
2384 18 80 0.147287 0.627907
2385 18 81 0.147287 0.635659
2386 18 82 0.147287 0.643411
2387 18 83 0.147287 0.651163
2388 18 84 0.147287 0.658915
2389 18 85 0.147287 0.666667
2390 18 86 0.147287 0.674419
2391 18 87 0.147287 0.682171
2392 18 88 0.147287 0.689922
2393 18 89 0.147287 0.697674
2394 18 90 0.147287 0.705426
2395 18 91 0.147287 0.713178
2396 18 92 0.147287 0.72093
2397 18 93 0.147287 0.728682
2398 18 94 0.147287 0.736434
2399 18 95 0.147287 0.744186
2400 18 96 0.147287 0.751938
2401 18 97 0.147287 0.75969
2402 18 98 0.147287 0.767442
2403 18 99 0.147287 0.775194
2404 18 100 0.147287 0.782946
2405 18 101 0.147287 0.790698
2406 18 102 0.147287 0.79845
2407 18 103 0.147287 0.806202
2408 18 104 0.147287 0.813953
2409 18 105 0.147287 0.821705
2410 18 106 0.147287 0.829457
2411 18 107 0.147287 0.837209
2412 18 108 0.147287 0.844961
2413 18 109 0.147287 0.852713
2414 18 110 0.147287 0.860465
2415 18 111 0.147287 0.868217
2416 18 112 0.147287 0.875969
2417 18 113 0.147287 0.883721
2418 18 114 0.147287 0.891473
2419 18 115 0.147287 0.899225
2420 18 116 0.147287 0.906977
2421 18 117 0.147287 0.914729
2422 18 118 0.147287 0.922481
2423 18 119 0.147287 0.930233
2424 18 120 0.147287 0.937984
2425 18 121 0.147287 0.945736
2426 18 122 0.147287 0.953488
2427 18 123 0.147287 0.96124
2428 18 124 0.147287 0.968992
2429 18 125 0.147287 0.976744
2430 18 126 0.147287 0.984496
2431 18 127 0.147287 0.992248
2432 19 0 0.155039 0.00775194
2433 19 1 0.155039 0.0155039
2434 19 2 0.155039 0.0232558
2435 19 3 0.155039 0.0310078
2436 19 4 0.155039 0.0387597
2437 19 5 0.155039 0.0465116
2438 19 6 0.155039 0.0542636
2439 19 7 0.155039 0.0620155
2440 19 8 0.155039 0.0697674
2441 19 9 0.155039 0.0775194
2442 19 10 0.155039 0.0852713
2443 19 11 0.155039 0.0930233
2444 19 12 0.155039 0.100775
2445 19 13 0.155039 0.108527
2446 19 14 0.155039 0.116279
2447 19 15 0.155039 0.124031
2448 19 16 0.155039 0.131783
2449 19 17 0.155039 0.139535
2450 19 18 0.155039 0.147287
2451 19 19 0.155039 0.155039
2452 19 20 0.155039 0.162791
2453 19 21 0.155039 0.170543
2454 19 22 0.155039 0.178295
2455 19 23 0.155039 0.186047
2456 19 24 0.155039 0.193798
2457 19 25 0.155039 0.20155
2458 19 26 0.155039 0.209302
2459 19 27 0.155039 0.217054
2460 19 28 0.155039 0.224806
2461 19 29 0.155039 0.232558
2462 19 30 0.155039 0.24031
2463 19 31 0.155039 0.248062
2464 19 32 0.155039 0.255814
2465 19 33 0.155039 0.263566
2466 19 34 0.155039 0.271318
2467 19 35 0.155039 0.27907
2468 19 36 0.155039 0.286822
2469 19 37 0.155039 0.294574
2470 19 38 0.155039 0.302326
2471 19 39 0.155039 0.310078
2472 19 40 0.155039 0.317829
2473 19 41 0.155039 0.325581
2474 19 42 0.155039 0.333333
2475 19 43 0.155039 0.341085
2476 19 44 0.155039 0.348837
2477 19 45 0.155039 0.356589
2478 19 46 0.155039 0.364341
2479 19 47 0.155039 0.372093
2480 19 48 0.155039 0.379845
2481 19 49 0.155039 0.387597
2482 19 50 0.155039 0.395349
2483 19 51 0.155039 0.403101
2484 19 52 0.155039 0.410853
2485 19 53 0.155039 0.418605
2486 19 54 0.155039 0.426357
2487 19 55 0.155039 0.434109
2488 19 56 0.155039 0.44186
2489 19 57 0.155039 0.449612
2490 19 58 0.155039 0.457364
2491 19 59 0.155039 0.465116
2492 19 60 0.155039 0.472868
2493 19 61 0.155039 0.48062
2494 19 62 0.155039 0.488372
2495 19 63 0.155039 0.496124
2496 19 64 0.155039 0.503876
2497 19 65 0.155039 0.511628
2498 19 66 0.155039 0.51938
2499 19 67 0.155039 0.527132
2500 19 68 0.155039 0.534884
2501 19 69 0.155039 0.542636
2502 19 70 0.155039 0.550388
2503 19 71 0.155039 0.55814
2504 19 72 0.155039 0.565891
2505 19 73 0.155039 0.573643
2506 19 74 0.155039 0.581395
2507 19 75 0.155039 0.589147
2508 19 76 0.155039 0.596899
2509 19 77 0.155039 0.604651
2510 19 78 0.155039 0.612403
2511 19 79 0.155039 0.620155
2512 19 80 0.155039 0.627907
2513 19 81 0.155039 0.635659
2514 19 82 0.155039 0.643411
2515 19 83 0.155039 0.651163
2516 19 84 0.155039 0.658915
2517 19 85 0.155039 0.666667
2518 19 86 0.155039 0.674419
2519 19 87 0.155039 0.682171
2520 19 88 0.155039 0.689922
2521 19 89 0.155039 0.697674
2522 19 90 0.155039 0.705426
2523 19 91 0.155039 0.713178
2524 19 92 0.155039 0.72093
2525 19 93 0.155039 0.728682
2526 19 94 0.155039 0.736434
2527 19 95 0.155039 0.744186
2528 19 96 0.155039 0.751938
2529 19 97 0.155039 0.75969
2530 19 98 0.155039 0.767442
2531 19 99 0.155039 0.775194
2532 19 100 0.155039 0.782946
2533 19 101 0.155039 0.790698
2534 19 102 0.155039 0.79845
2535 19 103 0.155039 0.806202
2536 19 104 0.155039 0.813953
2537 19 105 0.155039 0.821705
2538 19 106 0.155039 0.829457
2539 19 107 0.155039 0.837209
2540 19 108 0.155039 0.844961
2541 19 109 0.155039 0.852713
2542 19 110 0.155039 0.860465
2543 19 111 0.155039 0.868217
2544 19 112 0.155039 0.875969
2545 19 113 0.155039 0.883721
2546 19 114 0.155039 0.891473
2547 19 115 0.155039 0.899225
2548 19 116 0.155039 0.906977
2549 19 117 0.155039 0.914729
2550 19 118 0.155039 0.922481
2551 19 119 0.155039 0.930233
2552 19 120 0.155039 0.937984
2553 19 121 0.155039 0.945736
2554 19 122 0.155039 0.953488
2555 19 123 0.155039 0.96124
2556 19 124 0.155039 0.968992
2557 19 125 0.155039 0.976744
2558 19 126 0.155039 0.984496
2559 19 127 0.155039 0.992248
2560 20 0 0.162791 0.00775194
2561 20 1 0.162791 0.0155039
2562 20 2 0.162791 0.0232558
2563 20 3 0.162791 0.0310078
2564 20 4 0.162791 0.0387597
2565 20 5 0.162791 0.0465116
2566 20 6 0.162791 0.0542636
2567 20 7 0.162791 0.0620155
2568 20 8 0.162791 0.0697674
2569 20 9 0.162791 0.0775194
2570 20 10 0.162791 0.0852713
2571 20 11 0.162791 0.0930233
2572 20 12 0.162791 0.100775
2573 20 13 0.162791 0.108527
2574 20 14 0.162791 0.116279
2575 20 15 0.162791 0.124031
2576 20 16 0.162791 0.131783
2577 20 17 0.162791 0.139535
2578 20 18 0.162791 0.147287
2579 20 19 0.162791 0.155039
2580 20 20 0.162791 0.162791
2581 20 21 0.162791 0.170543
2582 20 22 0.162791 0.178295
2583 20 23 0.162791 0.186047
2584 20 24 0.162791 0.193798
2585 20 25 0.162791 0.20155
2586 20 26 0.162791 0.209302
2587 20 27 0.162791 0.217054
2588 20 28 0.162791 0.224806
2589 20 29 0.162791 0.232558
2590 20 30 0.162791 0.24031
2591 20 31 0.162791 0.248062
2592 20 32 0.162791 0.255814
2593 20 33 0.162791 0.263566
2594 20 34 0.162791 0.271318
2595 20 35 0.162791 0.27907
2596 20 36 0.162791 0.286822
2597 20 37 0.162791 0.294574
2598 20 38 0.162791 0.302326
2599 20 39 0.162791 0.310078
2600 20 40 0.162791 0.317829
2601 20 41 0.162791 0.325581
2602 20 42 0.162791 0.333333
2603 20 43 0.162791 0.341085
2604 20 44 0.162791 0.348837
2605 20 45 0.162791 0.356589
2606 20 46 0.162791 0.364341
2607 20 47 0.162791 0.372093
2608 20 48 0.162791 0.379845
2609 20 49 0.162791 0.387597
2610 20 50 0.162791 0.395349
2611 20 51 0.162791 0.403101
2612 20 52 0.162791 0.410853
2613 20 53 0.162791 0.418605
2614 20 54 0.162791 0.426357
2615 20 55 0.162791 0.434109
2616 20 56 0.162791 0.44186
2617 20 57 0.162791 0.449612
2618 20 58 0.162791 0.457364
2619 20 59 0.162791 0.465116
2620 20 60 0.162791 0.472868
2621 20 61 0.162791 0.48062
2622 20 62 0.162791 0.488372
2623 20 63 0.162791 0.496124
2624 20 64 0.162791 0.503876
2625 20 65 0.162791 0.511628
2626 20 66 0.162791 0.51938
2627 20 67 0.162791 0.527132
2628 20 68 0.162791 0.534884
2629 20 69 0.162791 0.542636
2630 20 70 0.162791 0.550388
2631 20 71 0.162791 0.55814
2632 20 72 0.162791 0.565891
2633 20 73 0.162791 0.573643
2634 20 74 0.162791 0.581395
2635 20 75 0.162791 0.589147
2636 20 76 0.162791 0.596899
2637 20 77 0.162791 0.604651
2638 20 78 0.162791 0.612403
2639 20 79 0.162791 0.620155
2640 20 80 0.162791 0.627907
2641 20 81 0.162791 0.635659
2642 20 82 0.162791 0.643411
2643 20 83 0.162791 0.651163
2644 20 84 0.162791 0.658915
2645 20 85 0.162791 0.666667
2646 20 86 0.162791 0.674419
2647 20 87 0.162791 0.682171
2648 20 88 0.162791 0.689922
2649 20 89 0.162791 0.697674
2650 20 90 0.162791 0.705426
2651 20 91 0.162791 0.713178
2652 20 92 0.162791 0.72093
2653 20 93 0.162791 0.728682
2654 20 94 0.162791 0.736434
2655 20 95 0.162791 0.744186
2656 20 96 0.162791 0.751938
2657 20 97 0.162791 0.75969
2658 20 98 0.162791 0.767442
2659 20 99 0.162791 0.775194
2660 20 100 0.162791 0.782946
2661 20 101 0.162791 0.790698
2662 20 102 0.162791 0.79845
2663 20 103 0.162791 0.806202
2664 20 104 0.162791 0.813953
2665 20 105 0.162791 0.821705
2666 20 106 0.162791 0.829457
2667 20 107 0.162791 0.837209
2668 20 108 0.162791 0.844961
2669 20 109 0.162791 0.852713
2670 20 110 0.162791 0.860465
2671 20 111 0.162791 0.868217
2672 20 112 0.162791 0.875969
2673 20 113 0.162791 0.883721
2674 20 114 0.162791 0.891473
2675 20 115 0.162791 0.899225
2676 20 116 0.162791 0.906977
2677 20 117 0.162791 0.914729
2678 20 118 0.162791 0.922481
2679 20 119 0.162791 0.930233
2680 20 120 0.162791 0.937984
2681 20 121 0.162791 0.945736
2682 20 122 0.162791 0.953488
2683 20 123 0.162791 0.96124
2684 20 124 0.162791 0.968992
2685 20 125 0.162791 0.976744
2686 20 126 0.162791 0.984496
2687 20 127 0.162791 0.992248
2688 21 0 0.170543 0.00775194
2689 21 1 0.170543 0.0155039
2690 21 2 0.170543 0.0232558
2691 21 3 0.170543 0.0310078
2692 21 4 0.170543 0.0387597
2693 21 5 0.170543 0.0465116
2694 21 6 0.170543 0.0542636
2695 21 7 0.170543 0.0620155
2696 21 8 0.170543 0.0697674
2697 21 9 0.170543 0.0775194
2698 21 10 0.170543 0.0852713
2699 21 11 0.170543 0.0930233
2700 21 12 0.170543 0.100775
2701 21 13 0.170543 0.108527
2702 21 14 0.170543 0.116279
2703 21 15 0.170543 0.124031
2704 21 16 0.170543 0.131783
2705 21 17 0.170543 0.139535
2706 21 18 0.170543 0.147287
2707 21 19 0.170543 0.155039
2708 21 20 0.170543 0.162791
2709 21 21 0.170543 0.170543
2710 21 22 0.170543 0.178295
2711 21 23 0.170543 0.186047
2712 21 24 0.170543 0.193798
2713 21 25 0.170543 0.20155
2714 21 26 0.170543 0.209302
2715 21 27 0.170543 0.217054
2716 21 28 0.170543 0.224806
2717 21 29 0.170543 0.232558
2718 21 30 0.170543 0.24031
2719 21 31 0.170543 0.248062
2720 21 32 0.170543 0.255814
2721 21 33 0.170543 0.263566
2722 21 34 0.170543 0.271318
2723 21 35 0.170543 0.27907
2724 21 36 0.170543 0.286822
2725 21 37 0.170543 0.294574
2726 21 38 0.170543 0.302326
2727 21 39 0.170543 0.310078
2728 21 40 0.170543 0.317829
2729 21 41 0.170543 0.325581
2730 21 42 0.170543 0.333333
2731 21 43 0.170543 0.341085
2732 21 44 0.170543 0.348837
2733 21 45 0.170543 0.356589
2734 21 46 0.170543 0.364341
2735 21 47 0.170543 0.372093
2736 21 48 0.170543 0.379845
2737 21 49 0.170543 0.387597
2738 21 50 0.170543 0.395349
2739 21 51 0.170543 0.403101
2740 21 52 0.170543 0.410853
2741 21 53 0.170543 0.418605
2742 21 54 0.170543 0.426357
2743 21 55 0.170543 0.434109
2744 21 56 0.170543 0.44186
2745 21 57 0.170543 0.449612
2746 21 58 0.170543 0.457364
2747 21 59 0.170543 0.465116
2748 21 60 0.170543 0.472868
2749 21 61 0.170543 0.48062
2750 21 62 0.170543 0.488372
2751 21 63 0.170543 0.496124
2752 21 64 0.170543 0.503876
2753 21 65 0.170543 0.511628
2754 21 66 0.170543 0.51938
2755 21 67 0.170543 0.527132
2756 21 68 0.170543 0.534884
2757 21 69 0.170543 0.542636
2758 21 70 0.170543 0.550388
2759 21 71 0.170543 0.55814
2760 21 72 0.170543 0.565891
2761 21 73 0.170543 0.573643
2762 21 74 0.170543 0.581395
2763 21 75 0.170543 0.589147
2764 21 76 0.170543 0.596899
2765 21 77 0.170543 0.604651
2766 21 78 0.170543 0.612403
2767 21 79 0.170543 0.620155
2768 21 80 0.170543 0.627907
2769 21 81 0.170543 0.635659
2770 21 82 0.170543 0.643411
2771 21 83 0.170543 0.651163
2772 21 84 0.170543 0.658915
2773 21 85 0.170543 0.666667
2774 21 86 0.170543 0.674419
2775 21 87 0.170543 0.682171
2776 21 88 0.170543 0.689922
2777 21 89 0.170543 0.697674
2778 21 90 0.170543 0.705426
2779 21 91 0.170543 0.713178
2780 21 92 0.170543 0.72093
2781 21 93 0.170543 0.728682
2782 21 94 0.170543 0.736434
2783 21 95 0.170543 0.744186
2784 21 96 0.170543 0.751938
2785 21 97 0.170543 0.75969
2786 21 98 0.170543 0.767442
2787 21 99 0.170543 0.775194
2788 21 100 0.170543 0.782946
2789 21 101 0.170543 0.790698
2790 21 102 0.170543 0.79845
2791 21 103 0.170543 0.806202
2792 21 104 0.170543 0.813953
2793 21 105 0.170543 0.821705
2794 21 106 0.170543 0.829457
2795 21 107 0.170543 0.837209
2796 21 108 0.170543 0.844961
2797 21 109 0.170543 0.852713
2798 21 110 0.170543 0.860465
2799 21 111 0.170543 0.868217
2800 21 112 0.170543 0.875969
2801 21 113 0.170543 0.883721
2802 21 114 0.170543 0.891473
2803 21 115 0.170543 0.899225
2804 21 116 0.170543 0.906977
2805 21 117 0.170543 0.914729
2806 21 118 0.170543 0.922481
2807 21 119 0.170543 0.930233
2808 21 120 0.170543 0.937984
2809 21 121 0.170543 0.945736
2810 21 122 0.170543 0.953488
2811 21 123 0.170543 0.96124
2812 21 124 0.170543 0.968992
2813 21 125 0.170543 0.976744
2814 21 126 0.170543 0.984496
2815 21 127 0.170543 0.992248
2816 22 0 0.178295 0.00775194
2817 22 1 0.178295 0.0155039
2818 22 2 0.178295 0.0232558
2819 22 3 0.178295 0.0310078
2820 22 4 0.178295 0.0387597
2821 22 5 0.178295 0.0465116
2822 22 6 0.178295 0.0542636
2823 22 7 0.178295 0.0620155
2824 22 8 0.178295 0.0697674
2825 22 9 0.178295 0.0775194
2826 22 10 0.178295 0.0852713
2827 22 11 0.178295 0.0930233
2828 22 12 0.178295 0.100775
2829 22 13 0.178295 0.108527
2830 22 14 0.178295 0.116279
2831 22 15 0.178295 0.124031
2832 22 16 0.178295 0.131783
2833 22 17 0.178295 0.139535
2834 22 18 0.178295 0.147287
2835 22 19 0.178295 0.155039
2836 22 20 0.178295 0.162791
2837 22 21 0.178295 0.170543
2838 22 22 0.178295 0.178295
2839 22 23 0.178295 0.186047
2840 22 24 0.178295 0.193798
2841 22 25 0.178295 0.20155
2842 22 26 0.178295 0.209302
2843 22 27 0.178295 0.217054
2844 22 28 0.178295 0.224806
2845 22 29 0.178295 0.232558
2846 22 30 0.178295 0.24031
2847 22 31 0.178295 0.248062
2848 22 32 0.178295 0.255814
2849 22 33 0.178295 0.263566
2850 22 34 0.178295 0.271318
2851 22 35 0.178295 0.27907
2852 22 36 0.178295 0.286822
2853 22 37 0.178295 0.294574
2854 22 38 0.178295 0.302326
2855 22 39 0.178295 0.310078
2856 22 40 0.178295 0.317829
2857 22 41 0.178295 0.325581
2858 22 42 0.178295 0.333333
2859 22 43 0.178295 0.341085
2860 22 44 0.178295 0.348837
2861 22 45 0.178295 0.356589
2862 22 46 0.178295 0.364341
2863 22 47 0.178295 0.372093
2864 22 48 0.178295 0.379845
2865 22 49 0.178295 0.387597
2866 22 50 0.178295 0.395349
2867 22 51 0.178295 0.403101
2868 22 52 0.178295 0.410853
2869 22 53 0.178295 0.418605
2870 22 54 0.178295 0.426357
2871 22 55 0.178295 0.434109
2872 22 56 0.178295 0.44186
2873 22 57 0.178295 0.449612
2874 22 58 0.178295 0.457364
2875 22 59 0.178295 0.465116
2876 22 60 0.178295 0.472868
2877 22 61 0.178295 0.48062
2878 22 62 0.178295 0.488372
2879 22 63 0.178295 0.496124
2880 22 64 0.178295 0.503876
2881 22 65 0.178295 0.511628
2882 22 66 0.178295 0.51938
2883 22 67 0.178295 0.527132
2884 22 68 0.178295 0.534884
2885 22 69 0.178295 0.542636
2886 22 70 0.178295 0.550388
2887 22 71 0.178295 0.55814
2888 22 72 0.178295 0.565891
2889 22 73 0.178295 0.573643
2890 22 74 0.178295 0.581395
2891 22 75 0.178295 0.589147
2892 22 76 0.178295 0.596899
2893 22 77 0.178295 0.604651
2894 22 78 0.178295 0.612403
2895 22 79 0.178295 0.620155
2896 22 80 0.178295 0.627907
2897 22 81 0.178295 0.635659
2898 22 82 0.178295 0.643411
2899 22 83 0.178295 0.651163
2900 22 84 0.178295 0.658915
2901 22 85 0.178295 0.666667
2902 22 86 0.178295 0.674419
2903 22 87 0.178295 0.682171
2904 22 88 0.178295 0.689922
2905 22 89 0.178295 0.697674
2906 22 90 0.178295 0.705426
2907 22 91 0.178295 0.713178
2908 22 92 0.178295 0.72093
2909 22 93 0.178295 0.728682
2910 22 94 0.178295 0.736434
2911 22 95 0.178295 0.744186
2912 22 96 0.178295 0.751938
2913 22 97 0.178295 0.75969
2914 22 98 0.178295 0.767442
2915 22 99 0.178295 0.775194
2916 22 100 0.178295 0.782946
2917 22 101 0.178295 0.790698
2918 22 102 0.178295 0.79845
2919 22 103 0.178295 0.806202
2920 22 104 0.178295 0.813953
2921 22 105 0.178295 0.821705
2922 22 106 0.178295 0.829457
2923 22 107 0.178295 0.837209
2924 22 108 0.178295 0.844961
2925 22 109 0.178295 0.852713
2926 22 110 0.178295 0.860465
2927 22 111 0.178295 0.868217
2928 22 112 0.178295 0.875969
2929 22 113 0.178295 0.883721
2930 22 114 0.178295 0.891473
2931 22 115 0.178295 0.899225
2932 22 116 0.178295 0.906977
2933 22 117 0.178295 0.914729
2934 22 118 0.178295 0.922481
2935 22 119 0.178295 0.930233
2936 22 120 0.178295 0.937984
2937 22 121 0.178295 0.945736
2938 22 122 0.178295 0.953488
2939 22 123 0.178295 0.96124
2940 22 124 0.178295 0.968992
2941 22 125 0.178295 0.976744
2942 22 126 0.178295 0.984496
2943 22 127 0.178295 0.992248
2944 23 0 0.186047 0.00775194
2945 23 1 0.186047 0.0155039
2946 23 2 0.186047 0.0232558
2947 23 3 0.186047 0.0310078
2948 23 4 0.186047 0.0387597
2949 23 5 0.186047 0.0465116
2950 23 6 0.186047 0.0542636
2951 23 7 0.186047 0.0620155
2952 23 8 0.186047 0.0697674
2953 23 9 0.186047 0.0775194
2954 23 10 0.186047 0.0852713
2955 23 11 0.186047 0.0930233
2956 23 12 0.186047 0.100775
2957 23 13 0.186047 0.108527
2958 23 14 0.186047 0.116279
2959 23 15 0.186047 0.124031
2960 23 16 0.186047 0.131783
2961 23 17 0.186047 0.139535
2962 23 18 0.186047 0.147287
2963 23 19 0.186047 0.155039
2964 23 20 0.186047 0.162791
2965 23 21 0.186047 0.170543
2966 23 22 0.186047 0.178295
2967 23 23 0.186047 0.186047
2968 23 24 0.186047 0.193798
2969 23 25 0.186047 0.20155
2970 23 26 0.186047 0.209302
2971 23 27 0.186047 0.217054
2972 23 28 0.186047 0.224806
2973 23 29 0.186047 0.232558
2974 23 30 0.186047 0.24031
2975 23 31 0.186047 0.248062
2976 23 32 0.186047 0.255814
2977 23 33 0.186047 0.263566
2978 23 34 0.186047 0.271318
2979 23 35 0.186047 0.27907
2980 23 36 0.186047 0.286822
2981 23 37 0.186047 0.294574
2982 23 38 0.186047 0.302326
2983 23 39 0.186047 0.310078
2984 23 40 0.186047 0.317829
2985 23 41 0.186047 0.325581
2986 23 42 0.186047 0.333333
2987 23 43 0.186047 0.341085
2988 23 44 0.186047 0.348837
2989 23 45 0.186047 0.356589
2990 23 46 0.186047 0.364341
2991 23 47 0.186047 0.372093
2992 23 48 0.186047 0.379845
2993 23 49 0.186047 0.387597
2994 23 50 0.186047 0.395349
2995 23 51 0.186047 0.403101
2996 23 52 0.186047 0.410853
2997 23 53 0.186047 0.418605
2998 23 54 0.186047 0.426357
2999 23 55 0.186047 0.434109
3000 23 56 0.186047 0.44186
3001 23 57 0.186047 0.449612
3002 23 58 0.186047 0.457364
3003 23 59 0.186047 0.465116
3004 23 60 0.186047 0.472868
3005 23 61 0.186047 0.48062
3006 23 62 0.186047 0.488372
3007 23 63 0.186047 0.496124
3008 23 64 0.186047 0.503876
3009 23 65 0.186047 0.511628
3010 23 66 0.186047 0.51938
3011 23 67 0.186047 0.527132
3012 23 68 0.186047 0.534884
3013 23 69 0.186047 0.542636
3014 23 70 0.186047 0.550388
3015 23 71 0.186047 0.55814
3016 23 72 0.186047 0.565891
3017 23 73 0.186047 0.573643
3018 23 74 0.186047 0.581395
3019 23 75 0.186047 0.589147
3020 23 76 0.186047 0.596899
3021 23 77 0.186047 0.604651
3022 23 78 0.186047 0.612403
3023 23 79 0.186047 0.620155
3024 23 80 0.186047 0.627907
3025 23 81 0.186047 0.635659
3026 23 82 0.186047 0.643411
3027 23 83 0.186047 0.651163
3028 23 84 0.186047 0.658915
3029 23 85 0.186047 0.666667
3030 23 86 0.186047 0.674419
3031 23 87 0.186047 0.682171
3032 23 88 0.186047 0.689922
3033 23 89 0.186047 0.697674
3034 23 90 0.186047 0.705426
3035 23 91 0.186047 0.713178
3036 23 92 0.186047 0.72093
3037 23 93 0.186047 0.728682
3038 23 94 0.186047 0.736434
3039 23 95 0.186047 0.744186
3040 23 96 0.186047 0.751938
3041 23 97 0.186047 0.75969
3042 23 98 0.186047 0.767442
3043 23 99 0.186047 0.775194
3044 23 100 0.186047 0.782946
3045 23 101 0.186047 0.790698
3046 23 102 0.186047 0.79845
3047 23 103 0.186047 0.806202
3048 23 104 0.186047 0.813953
3049 23 105 0.186047 0.821705
3050 23 106 0.186047 0.829457
3051 23 107 0.186047 0.837209
3052 23 108 0.186047 0.844961
3053 23 109 0.186047 0.852713
3054 23 110 0.186047 0.860465
3055 23 111 0.186047 0.868217
3056 23 112 0.186047 0.875969
3057 23 113 0.186047 0.883721
3058 23 114 0.186047 0.891473
3059 23 115 0.186047 0.899225
3060 23 116 0.186047 0.906977
3061 23 117 0.186047 0.914729
3062 23 118 0.186047 0.922481
3063 23 119 0.186047 0.930233
3064 23 120 0.186047 0.937984
3065 23 121 0.186047 0.945736
3066 23 122 0.186047 0.953488
3067 23 123 0.186047 0.96124
3068 23 124 0.186047 0.968992
3069 23 125 0.186047 0.976744
3070 23 126 0.186047 0.984496
3071 23 127 0.186047 0.992248
3072 24 0 0.193798 0.00775194
3073 24 1 0.193798 0.0155039
3074 24 2 0.193798 0.0232558
3075 24 3 0.193798 0.0310078
3076 24 4 0.193798 0.0387597
3077 24 5 0.193798 0.0465116
3078 24 6 0.193798 0.0542636
3079 24 7 0.193798 0.0620155
3080 24 8 0.193798 0.0697674
3081 24 9 0.193798 0.0775194
3082 24 10 0.193798 0.0852713
3083 24 11 0.193798 0.0930233
3084 24 12 0.193798 0.100775
3085 24 13 0.193798 0.108527
3086 24 14 0.193798 0.116279
3087 24 15 0.193798 0.124031
3088 24 16 0.193798 0.131783
3089 24 17 0.193798 0.139535
3090 24 18 0.193798 0.147287
3091 24 19 0.193798 0.155039
3092 24 20 0.193798 0.162791
3093 24 21 0.193798 0.170543
3094 24 22 0.193798 0.178295
3095 24 23 0.193798 0.186047
3096 24 24 0.193798 0.193798
3097 24 25 0.193798 0.20155
3098 24 26 0.193798 0.209302
3099 24 27 0.193798 0.217054
3100 24 28 0.193798 0.224806
3101 24 29 0.193798 0.232558
3102 24 30 0.193798 0.24031
3103 24 31 0.193798 0.248062
3104 24 32 0.193798 0.255814
3105 24 33 0.193798 0.263566
3106 24 34 0.193798 0.271318
3107 24 35 0.193798 0.27907
3108 24 36 0.193798 0.286822
3109 24 37 0.193798 0.294574
3110 24 38 0.193798 0.302326
3111 24 39 0.193798 0.310078
3112 24 40 0.193798 0.317829
3113 24 41 0.193798 0.325581
3114 24 42 0.193798 0.333333
3115 24 43 0.193798 0.341085
3116 24 44 0.193798 0.348837
3117 24 45 0.193798 0.356589
3118 24 46 0.193798 0.364341
3119 24 47 0.193798 0.372093
3120 24 48 0.193798 0.379845
3121 24 49 0.193798 0.387597
3122 24 50 0.193798 0.395349
3123 24 51 0.193798 0.403101
3124 24 52 0.193798 0.410853
3125 24 53 0.193798 0.418605
3126 24 54 0.193798 0.426357
3127 24 55 0.193798 0.434109
3128 24 56 0.193798 0.44186
3129 24 57 0.193798 0.449612
3130 24 58 0.193798 0.457364
3131 24 59 0.193798 0.465116
3132 24 60 0.193798 0.472868
3133 24 61 0.193798 0.48062
3134 24 62 0.193798 0.488372
3135 24 63 0.193798 0.496124
3136 24 64 0.193798 0.503876
3137 24 65 0.193798 0.511628
3138 24 66 0.193798 0.51938
3139 24 67 0.193798 0.527132
3140 24 68 0.193798 0.534884
3141 24 69 0.193798 0.542636
3142 24 70 0.193798 0.550388
3143 24 71 0.193798 0.55814
3144 24 72 0.193798 0.565891
3145 24 73 0.193798 0.573643
3146 24 74 0.193798 0.581395
3147 24 75 0.193798 0.589147
3148 24 76 0.193798 0.596899
3149 24 77 0.193798 0.604651
3150 24 78 0.193798 0.612403
3151 24 79 0.193798 0.620155
3152 24 80 0.193798 0.627907
3153 24 81 0.193798 0.635659
3154 24 82 0.193798 0.643411
3155 24 83 0.193798 0.651163
3156 24 84 0.193798 0.658915
3157 24 85 0.193798 0.666667
3158 24 86 0.193798 0.674419
3159 24 87 0.193798 0.682171
3160 24 88 0.193798 0.689922
3161 24 89 0.193798 0.697674
3162 24 90 0.193798 0.705426
3163 24 91 0.193798 0.713178
3164 24 92 0.193798 0.72093
3165 24 93 0.193798 0.728682
3166 24 94 0.193798 0.736434
3167 24 95 0.193798 0.744186
3168 24 96 0.193798 0.751938
3169 24 97 0.193798 0.75969
3170 24 98 0.193798 0.767442
3171 24 99 0.193798 0.775194
3172 24 100 0.193798 0.782946
3173 24 101 0.193798 0.790698
3174 24 102 0.193798 0.79845
3175 24 103 0.193798 0.806202
3176 24 104 0.193798 0.813953
3177 24 105 0.193798 0.821705
3178 24 106 0.193798 0.829457
3179 24 107 0.193798 0.837209
3180 24 108 0.193798 0.844961
3181 24 109 0.193798 0.852713
3182 24 110 0.193798 0.860465
3183 24 111 0.193798 0.868217
3184 24 112 0.193798 0.875969
3185 24 113 0.193798 0.883721
3186 24 114 0.193798 0.891473
3187 24 115 0.193798 0.899225
3188 24 116 0.193798 0.906977
3189 24 117 0.193798 0.914729
3190 24 118 0.193798 0.922481
3191 24 119 0.193798 0.930233
3192 24 120 0.193798 0.937984
3193 24 121 0.193798 0.945736
3194 24 122 0.193798 0.953488
3195 24 123 0.193798 0.96124
3196 24 124 0.193798 0.968992
3197 24 125 0.193798 0.976744
3198 24 126 0.193798 0.984496
3199 24 127 0.193798 0.992248
3200 25 0 0.20155 0.00775194
3201 25 1 0.20155 0.0155039
3202 25 2 0.20155 0.0232558
3203 25 3 0.20155 0.0310078
3204 25 4 0.20155 0.0387597
3205 25 5 0.20155 0.0465116
3206 25 6 0.20155 0.0542636
3207 25 7 0.20155 0.0620155
3208 25 8 0.20155 0.0697674
3209 25 9 0.20155 0.0775194
3210 25 10 0.20155 0.0852713
3211 25 11 0.20155 0.0930233
3212 25 12 0.20155 0.100775
3213 25 13 0.20155 0.108527
3214 25 14 0.20155 0.116279
3215 25 15 0.20155 0.124031
3216 25 16 0.20155 0.131783
3217 25 17 0.20155 0.139535
3218 25 18 0.20155 0.147287
3219 25 19 0.20155 0.155039
3220 25 20 0.20155 0.162791
3221 25 21 0.20155 0.170543
3222 25 22 0.20155 0.178295
3223 25 23 0.20155 0.186047
3224 25 24 0.20155 0.193798
3225 25 25 0.20155 0.20155
3226 25 26 0.20155 0.209302
3227 25 27 0.20155 0.217054
3228 25 28 0.20155 0.224806
3229 25 29 0.20155 0.232558
3230 25 30 0.20155 0.24031
3231 25 31 0.20155 0.248062
3232 25 32 0.20155 0.255814
3233 25 33 0.20155 0.263566
3234 25 34 0.20155 0.271318
3235 25 35 0.20155 0.27907
3236 25 36 0.20155 0.286822
3237 25 37 0.20155 0.294574
3238 25 38 0.20155 0.302326
3239 25 39 0.20155 0.310078
3240 25 40 0.20155 0.317829
3241 25 41 0.20155 0.325581
3242 25 42 0.20155 0.333333
3243 25 43 0.20155 0.341085
3244 25 44 0.20155 0.348837
3245 25 45 0.20155 0.356589
3246 25 46 0.20155 0.364341
3247 25 47 0.20155 0.372093
3248 25 48 0.20155 0.379845
3249 25 49 0.20155 0.387597
3250 25 50 0.20155 0.395349
3251 25 51 0.20155 0.403101
3252 25 52 0.20155 0.410853
3253 25 53 0.20155 0.418605
3254 25 54 0.20155 0.426357
3255 25 55 0.20155 0.434109
3256 25 56 0.20155 0.44186
3257 25 57 0.20155 0.449612
3258 25 58 0.20155 0.457364
3259 25 59 0.20155 0.465116
3260 25 60 0.20155 0.472868
3261 25 61 0.20155 0.48062
3262 25 62 0.20155 0.488372
3263 25 63 0.20155 0.496124
3264 25 64 0.20155 0.503876
3265 25 65 0.20155 0.511628
3266 25 66 0.20155 0.51938
3267 25 67 0.20155 0.527132
3268 25 68 0.20155 0.534884
3269 25 69 0.20155 0.542636
3270 25 70 0.20155 0.550388
3271 25 71 0.20155 0.55814
3272 25 72 0.20155 0.565891
3273 25 73 0.20155 0.573643
3274 25 74 0.20155 0.581395
3275 25 75 0.20155 0.589147
3276 25 76 0.20155 0.596899
3277 25 77 0.20155 0.604651
3278 25 78 0.20155 0.612403
3279 25 79 0.20155 0.620155
3280 25 80 0.20155 0.627907
3281 25 81 0.20155 0.635659
3282 25 82 0.20155 0.643411
3283 25 83 0.20155 0.651163
3284 25 84 0.20155 0.658915
3285 25 85 0.20155 0.666667
3286 25 86 0.20155 0.674419
3287 25 87 0.20155 0.682171
3288 25 88 0.20155 0.689922
3289 25 89 0.20155 0.697674
3290 25 90 0.20155 0.705426
3291 25 91 0.20155 0.713178
3292 25 92 0.20155 0.72093
3293 25 93 0.20155 0.728682
3294 25 94 0.20155 0.736434
3295 25 95 0.20155 0.744186
3296 25 96 0.20155 0.751938
3297 25 97 0.20155 0.75969
3298 25 98 0.20155 0.767442
3299 25 99 0.20155 0.775194
3300 25 100 0.20155 0.782946
3301 25 101 0.20155 0.790698
3302 25 102 0.20155 0.79845
3303 25 103 0.20155 0.806202
3304 25 104 0.20155 0.813953
3305 25 105 0.20155 0.821705
3306 25 106 0.20155 0.829457
3307 25 107 0.20155 0.837209
3308 25 108 0.20155 0.844961
3309 25 109 0.20155 0.852713
3310 25 110 0.20155 0.860465
3311 25 111 0.20155 0.868217
3312 25 112 0.20155 0.875969
3313 25 113 0.20155 0.883721
3314 25 114 0.20155 0.891473
3315 25 115 0.20155 0.899225
3316 25 116 0.20155 0.906977
3317 25 117 0.20155 0.914729
3318 25 118 0.20155 0.922481
3319 25 119 0.20155 0.930233
3320 25 120 0.20155 0.937984
3321 25 121 0.20155 0.945736
3322 25 122 0.20155 0.953488
3323 25 123 0.20155 0.96124
3324 25 124 0.20155 0.968992
3325 25 125 0.20155 0.976744
3326 25 126 0.20155 0.984496
3327 25 127 0.20155 0.992248
3328 26 0 0.209302 0.00775194
3329 26 1 0.209302 0.0155039
3330 26 2 0.209302 0.0232558
3331 26 3 0.209302 0.0310078
3332 26 4 0.209302 0.0387597
3333 26 5 0.209302 0.0465116
3334 26 6 0.209302 0.0542636
3335 26 7 0.209302 0.0620155
3336 26 8 0.209302 0.0697674
3337 26 9 0.209302 0.0775194
3338 26 10 0.209302 0.0852713
3339 26 11 0.209302 0.0930233
3340 26 12 0.209302 0.100775
3341 26 13 0.209302 0.108527
3342 26 14 0.209302 0.116279
3343 26 15 0.209302 0.124031
3344 26 16 0.209302 0.131783
3345 26 17 0.209302 0.139535
3346 26 18 0.209302 0.147287
3347 26 19 0.209302 0.155039
3348 26 20 0.209302 0.162791
3349 26 21 0.209302 0.170543
3350 26 22 0.209302 0.178295
3351 26 23 0.209302 0.186047
3352 26 24 0.209302 0.193798
3353 26 25 0.209302 0.20155
3354 26 26 0.209302 0.209302
3355 26 27 0.209302 0.217054
3356 26 28 0.209302 0.224806
3357 26 29 0.209302 0.232558
3358 26 30 0.209302 0.24031
3359 26 31 0.209302 0.248062
3360 26 32 0.209302 0.255814
3361 26 33 0.209302 0.263566
3362 26 34 0.209302 0.271318
3363 26 35 0.209302 0.27907
3364 26 36 0.209302 0.286822
3365 26 37 0.209302 0.294574
3366 26 38 0.209302 0.302326
3367 26 39 0.209302 0.310078
3368 26 40 0.209302 0.317829
3369 26 41 0.209302 0.325581
3370 26 42 0.209302 0.333333
3371 26 43 0.209302 0.341085
3372 26 44 0.209302 0.348837
3373 26 45 0.209302 0.356589
3374 26 46 0.209302 0.364341
3375 26 47 0.209302 0.372093
3376 26 48 0.209302 0.379845
3377 26 49 0.209302 0.387597
3378 26 50 0.209302 0.395349
3379 26 51 0.209302 0.403101
3380 26 52 0.209302 0.410853
3381 26 53 0.209302 0.418605
3382 26 54 0.209302 0.426357
3383 26 55 0.209302 0.434109
3384 26 56 0.209302 0.44186
3385 26 57 0.209302 0.449612
3386 26 58 0.209302 0.457364
3387 26 59 0.209302 0.465116
3388 26 60 0.209302 0.472868
3389 26 61 0.209302 0.48062
3390 26 62 0.209302 0.488372
3391 26 63 0.209302 0.496124
3392 26 64 0.209302 0.503876
3393 26 65 0.209302 0.511628
3394 26 66 0.209302 0.51938
3395 26 67 0.209302 0.527132
3396 26 68 0.209302 0.534884
3397 26 69 0.209302 0.542636
3398 26 70 0.209302 0.550388
3399 26 71 0.209302 0.55814
3400 26 72 0.209302 0.565891
3401 26 73 0.209302 0.573643
3402 26 74 0.209302 0.581395
3403 26 75 0.209302 0.589147
3404 26 76 0.209302 0.596899
3405 26 77 0.209302 0.604651
3406 26 78 0.209302 0.612403
3407 26 79 0.209302 0.620155
3408 26 80 0.209302 0.627907
3409 26 81 0.209302 0.635659
3410 26 82 0.209302 0.643411
3411 26 83 0.209302 0.651163
3412 26 84 0.209302 0.658915
3413 26 85 0.209302 0.666667
3414 26 86 0.209302 0.674419
3415 26 87 0.209302 0.682171
3416 26 88 0.209302 0.689922
3417 26 89 0.209302 0.697674
3418 26 90 0.209302 0.705426
3419 26 91 0.209302 0.713178
3420 26 92 0.209302 0.72093
3421 26 93 0.209302 0.728682
3422 26 94 0.209302 0.736434
3423 26 95 0.209302 0.744186
3424 26 96 0.209302 0.751938
3425 26 97 0.209302 0.75969
3426 26 98 0.209302 0.767442
3427 26 99 0.209302 0.775194
3428 26 100 0.209302 0.782946
3429 26 101 0.209302 0.790698
3430 26 102 0.209302 0.79845
3431 26 103 0.209302 0.806202
3432 26 104 0.209302 0.813953
3433 26 105 0.209302 0.821705
3434 26 106 0.209302 0.829457
3435 26 107 0.209302 0.837209
3436 26 108 0.209302 0.844961
3437 26 109 0.209302 0.852713
3438 26 110 0.209302 0.860465
3439 26 111 0.209302 0.868217
3440 26 112 0.209302 0.875969
3441 26 113 0.209302 0.883721
3442 26 114 0.209302 0.891473
3443 26 115 0.209302 0.899225
3444 26 116 0.209302 0.906977
3445 26 117 0.209302 0.914729
3446 26 118 0.209302 0.922481
3447 26 119 0.209302 0.930233
3448 26 120 0.209302 0.937984
3449 26 121 0.209302 0.945736
3450 26 122 0.209302 0.953488
3451 26 123 0.209302 0.96124
3452 26 124 0.209302 0.968992
3453 26 125 0.209302 0.976744
3454 26 126 0.209302 0.984496
3455 26 127 0.209302 0.992248
3456 27 0 0.217054 0.00775194
3457 27 1 0.217054 0.0155039
3458 27 2 0.217054 0.0232558
3459 27 3 0.217054 0.0310078
3460 27 4 0.217054 0.0387597
3461 27 5 0.217054 0.0465116
3462 27 6 0.217054 0.0542636
3463 27 7 0.217054 0.0620155
3464 27 8 0.217054 0.0697674
3465 27 9 0.217054 0.0775194
3466 27 10 0.217054 0.0852713
3467 27 11 0.217054 0.0930233
3468 27 12 0.217054 0.100775
3469 27 13 0.217054 0.108527
3470 27 14 0.217054 0.116279
3471 27 15 0.217054 0.124031
3472 27 16 0.217054 0.131783
3473 27 17 0.217054 0.139535
3474 27 18 0.217054 0.147287
3475 27 19 0.217054 0.155039
3476 27 20 0.217054 0.162791
3477 27 21 0.217054 0.170543
3478 27 22 0.217054 0.178295
3479 27 23 0.217054 0.186047
3480 27 24 0.217054 0.193798
3481 27 25 0.217054 0.20155
3482 27 26 0.217054 0.209302
3483 27 27 0.217054 0.217054
3484 27 28 0.217054 0.224806
3485 27 29 0.217054 0.232558
3486 27 30 0.217054 0.24031
3487 27 31 0.217054 0.248062
3488 27 32 0.217054 0.255814
3489 27 33 0.217054 0.263566
3490 27 34 0.217054 0.271318
3491 27 35 0.217054 0.27907
3492 27 36 0.217054 0.286822
3493 27 37 0.217054 0.294574
3494 27 38 0.217054 0.302326
3495 27 39 0.217054 0.310078
3496 27 40 0.217054 0.317829
3497 27 41 0.217054 0.325581
3498 27 42 0.217054 0.333333
3499 27 43 0.217054 0.341085
3500 27 44 0.217054 0.348837
3501 27 45 0.217054 0.356589
3502 27 46 0.217054 0.364341
3503 27 47 0.217054 0.372093
3504 27 48 0.217054 0.379845
3505 27 49 0.217054 0.387597
3506 27 50 0.217054 0.395349
3507 27 51 0.217054 0.403101
3508 27 52 0.217054 0.410853
3509 27 53 0.217054 0.418605
3510 27 54 0.217054 0.426357
3511 27 55 0.217054 0.434109
3512 27 56 0.217054 0.44186
3513 27 57 0.217054 0.449612
3514 27 58 0.217054 0.457364
3515 27 59 0.217054 0.465116
3516 27 60 0.217054 0.472868
3517 27 61 0.217054 0.48062
3518 27 62 0.217054 0.488372
3519 27 63 0.217054 0.496124
3520 27 64 0.217054 0.503876
3521 27 65 0.217054 0.511628
3522 27 66 0.217054 0.51938
3523 27 67 0.217054 0.527132
3524 27 68 0.217054 0.534884
3525 27 69 0.217054 0.542636
3526 27 70 0.217054 0.550388
3527 27 71 0.217054 0.55814
3528 27 72 0.217054 0.565891
3529 27 73 0.217054 0.573643
3530 27 74 0.217054 0.581395
3531 27 75 0.217054 0.589147
3532 27 76 0.217054 0.596899
3533 27 77 0.217054 0.604651
3534 27 78 0.217054 0.612403
3535 27 79 0.217054 0.620155
3536 27 80 0.217054 0.627907
3537 27 81 0.217054 0.635659
3538 27 82 0.217054 0.643411
3539 27 83 0.217054 0.651163
3540 27 84 0.217054 0.658915
3541 27 85 0.217054 0.666667
3542 27 86 0.217054 0.674419
3543 27 87 0.217054 0.682171
3544 27 88 0.217054 0.689922
3545 27 89 0.217054 0.697674
3546 27 90 0.217054 0.705426
3547 27 91 0.217054 0.713178
3548 27 92 0.217054 0.72093
3549 27 93 0.217054 0.728682
3550 27 94 0.217054 0.736434
3551 27 95 0.217054 0.744186
3552 27 96 0.217054 0.751938
3553 27 97 0.217054 0.75969
3554 27 98 0.217054 0.767442
3555 27 99 0.217054 0.775194
3556 27 100 0.217054 0.782946
3557 27 101 0.217054 0.790698
3558 27 102 0.217054 0.79845
3559 27 103 0.217054 0.806202
3560 27 104 0.217054 0.813953
3561 27 105 0.217054 0.821705
3562 27 106 0.217054 0.829457
3563 27 107 0.217054 0.837209
3564 27 108 0.217054 0.844961
3565 27 109 0.217054 0.852713
3566 27 110 0.217054 0.860465
3567 27 111 0.217054 0.868217
3568 27 112 0.217054 0.875969
3569 27 113 0.217054 0.883721
3570 27 114 0.217054 0.891473
3571 27 115 0.217054 0.899225
3572 27 116 0.217054 0.906977
3573 27 117 0.217054 0.914729
3574 27 118 0.217054 0.922481
3575 27 119 0.217054 0.930233
3576 27 120 0.217054 0.937984
3577 27 121 0.217054 0.945736
3578 27 122 0.217054 0.953488
3579 27 123 0.217054 0.96124
3580 27 124 0.217054 0.968992
3581 27 125 0.217054 0.976744
3582 27 126 0.217054 0.984496
3583 27 127 0.217054 0.992248
3584 28 0 0.224806 0.00775194
3585 28 1 0.224806 0.0155039
3586 28 2 0.224806 0.0232558
3587 28 3 0.224806 0.0310078
3588 28 4 0.224806 0.0387597
3589 28 5 0.224806 0.0465116
3590 28 6 0.224806 0.0542636
3591 28 7 0.224806 0.0620155
3592 28 8 0.224806 0.0697674
3593 28 9 0.224806 0.0775194
3594 28 10 0.224806 0.0852713
3595 28 11 0.224806 0.0930233
3596 28 12 0.224806 0.100775
3597 28 13 0.224806 0.108527
3598 28 14 0.224806 0.116279
3599 28 15 0.224806 0.124031
3600 28 16 0.224806 0.131783
3601 28 17 0.224806 0.139535
3602 28 18 0.224806 0.147287
3603 28 19 0.224806 0.155039
3604 28 20 0.224806 0.162791
3605 28 21 0.224806 0.170543
3606 28 22 0.224806 0.178295
3607 28 23 0.224806 0.186047
3608 28 24 0.224806 0.193798
3609 28 25 0.224806 0.20155
3610 28 26 0.224806 0.209302
3611 28 27 0.224806 0.217054
3612 28 28 0.224806 0.224806
3613 28 29 0.224806 0.232558
3614 28 30 0.224806 0.24031
3615 28 31 0.224806 0.248062
3616 28 32 0.224806 0.255814
3617 28 33 0.224806 0.263566
3618 28 34 0.224806 0.271318
3619 28 35 0.224806 0.27907
3620 28 36 0.224806 0.286822
3621 28 37 0.224806 0.294574
3622 28 38 0.224806 0.302326
3623 28 39 0.224806 0.310078
3624 28 40 0.224806 0.317829
3625 28 41 0.224806 0.325581
3626 28 42 0.224806 0.333333
3627 28 43 0.224806 0.341085
3628 28 44 0.224806 0.348837
3629 28 45 0.224806 0.356589
3630 28 46 0.224806 0.364341
3631 28 47 0.224806 0.372093
3632 28 48 0.224806 0.379845
3633 28 49 0.224806 0.387597
3634 28 50 0.224806 0.395349
3635 28 51 0.224806 0.403101
3636 28 52 0.224806 0.410853
3637 28 53 0.224806 0.418605
3638 28 54 0.224806 0.426357
3639 28 55 0.224806 0.434109
3640 28 56 0.224806 0.44186
3641 28 57 0.224806 0.449612
3642 28 58 0.224806 0.457364
3643 28 59 0.224806 0.465116
3644 28 60 0.224806 0.472868
3645 28 61 0.224806 0.48062
3646 28 62 0.224806 0.488372
3647 28 63 0.224806 0.496124
3648 28 64 0.224806 0.503876
3649 28 65 0.224806 0.511628
3650 28 66 0.224806 0.51938
3651 28 67 0.224806 0.527132
3652 28 68 0.224806 0.534884
3653 28 69 0.224806 0.542636
3654 28 70 0.224806 0.550388
3655 28 71 0.224806 0.55814
3656 28 72 0.224806 0.565891
3657 28 73 0.224806 0.573643
3658 28 74 0.224806 0.581395
3659 28 75 0.224806 0.589147
3660 28 76 0.224806 0.596899
3661 28 77 0.224806 0.604651
3662 28 78 0.224806 0.612403
3663 28 79 0.224806 0.620155
3664 28 80 0.224806 0.627907
3665 28 81 0.224806 0.635659
3666 28 82 0.224806 0.643411
3667 28 83 0.224806 0.651163
3668 28 84 0.224806 0.658915
3669 28 85 0.224806 0.666667
3670 28 86 0.224806 0.674419
3671 28 87 0.224806 0.682171
3672 28 88 0.224806 0.689922
3673 28 89 0.224806 0.697674
3674 28 90 0.224806 0.705426
3675 28 91 0.224806 0.713178
3676 28 92 0.224806 0.72093
3677 28 93 0.224806 0.728682
3678 28 94 0.224806 0.736434
3679 28 95 0.224806 0.744186
3680 28 96 0.224806 0.751938
3681 28 97 0.224806 0.75969
3682 28 98 0.224806 0.767442
3683 28 99 0.224806 0.775194
3684 28 100 0.224806 0.782946
3685 28 101 0.224806 0.790698
3686 28 102 0.224806 0.79845
3687 28 103 0.224806 0.806202
3688 28 104 0.224806 0.813953
3689 28 105 0.224806 0.821705
3690 28 106 0.224806 0.829457
3691 28 107 0.224806 0.837209
3692 28 108 0.224806 0.844961
3693 28 109 0.224806 0.852713
3694 28 110 0.224806 0.860465
3695 28 111 0.224806 0.868217
3696 28 112 0.224806 0.875969
3697 28 113 0.224806 0.883721
3698 28 114 0.224806 0.891473
3699 28 115 0.224806 0.899225
3700 28 116 0.224806 0.906977
3701 28 117 0.224806 0.914729
3702 28 118 0.224806 0.922481
3703 28 119 0.224806 0.930233
3704 28 120 0.224806 0.937984
3705 28 121 0.224806 0.945736
3706 28 122 0.224806 0.953488
3707 28 123 0.224806 0.96124
3708 28 124 0.224806 0.968992
3709 28 125 0.224806 0.976744
3710 28 126 0.224806 0.984496
3711 28 127 0.224806 0.992248
3712 29 0 0.232558 0.00775194
3713 29 1 0.232558 0.0155039
3714 29 2 0.232558 0.0232558
3715 29 3 0.232558 0.0310078
3716 29 4 0.232558 0.0387597
3717 29 5 0.232558 0.0465116
3718 29 6 0.232558 0.0542636
3719 29 7 0.232558 0.0620155
3720 29 8 0.232558 0.0697674
3721 29 9 0.232558 0.0775194
3722 29 10 0.232558 0.0852713
3723 29 11 0.232558 0.0930233
3724 29 12 0.232558 0.100775
3725 29 13 0.232558 0.108527
3726 29 14 0.232558 0.116279
3727 29 15 0.232558 0.124031
3728 29 16 0.232558 0.131783
3729 29 17 0.232558 0.139535
3730 29 18 0.232558 0.147287
3731 29 19 0.232558 0.155039
3732 29 20 0.232558 0.162791
3733 29 21 0.232558 0.170543
3734 29 22 0.232558 0.178295
3735 29 23 0.232558 0.186047
3736 29 24 0.232558 0.193798
3737 29 25 0.232558 0.20155
3738 29 26 0.232558 0.209302
3739 29 27 0.232558 0.217054
3740 29 28 0.232558 0.224806
3741 29 29 0.232558 0.232558
3742 29 30 0.232558 0.24031
3743 29 31 0.232558 0.248062
3744 29 32 0.232558 0.255814
3745 29 33 0.232558 0.263566
3746 29 34 0.232558 0.271318
3747 29 35 0.232558 0.27907
3748 29 36 0.232558 0.286822
3749 29 37 0.232558 0.294574
3750 29 38 0.232558 0.302326
3751 29 39 0.232558 0.310078
3752 29 40 0.232558 0.317829
3753 29 41 0.232558 0.325581
3754 29 42 0.232558 0.333333
3755 29 43 0.232558 0.341085
3756 29 44 0.232558 0.348837
3757 29 45 0.232558 0.356589
3758 29 46 0.232558 0.364341
3759 29 47 0.232558 0.372093
3760 29 48 0.232558 0.379845
3761 29 49 0.232558 0.387597
3762 29 50 0.232558 0.395349
3763 29 51 0.232558 0.403101
3764 29 52 0.232558 0.410853
3765 29 53 0.232558 0.418605
3766 29 54 0.232558 0.426357
3767 29 55 0.232558 0.434109
3768 29 56 0.232558 0.44186
3769 29 57 0.232558 0.449612
3770 29 58 0.232558 0.457364
3771 29 59 0.232558 0.465116
3772 29 60 0.232558 0.472868
3773 29 61 0.232558 0.48062
3774 29 62 0.232558 0.488372
3775 29 63 0.232558 0.496124
3776 29 64 0.232558 0.503876
3777 29 65 0.232558 0.511628
3778 29 66 0.232558 0.51938
3779 29 67 0.232558 0.527132
3780 29 68 0.232558 0.534884
3781 29 69 0.232558 0.542636
3782 29 70 0.232558 0.550388
3783 29 71 0.232558 0.55814
3784 29 72 0.232558 0.565891
3785 29 73 0.232558 0.573643
3786 29 74 0.232558 0.581395
3787 29 75 0.232558 0.589147
3788 29 76 0.232558 0.596899
3789 29 77 0.232558 0.604651
3790 29 78 0.232558 0.612403
3791 29 79 0.232558 0.620155
3792 29 80 0.232558 0.627907
3793 29 81 0.232558 0.635659
3794 29 82 0.232558 0.643411
3795 29 83 0.232558 0.651163
3796 29 84 0.232558 0.658915
3797 29 85 0.232558 0.666667
3798 29 86 0.232558 0.674419
3799 29 87 0.232558 0.682171
3800 29 88 0.232558 0.689922
3801 29 89 0.232558 0.697674
3802 29 90 0.232558 0.705426
3803 29 91 0.232558 0.713178
3804 29 92 0.232558 0.72093
3805 29 93 0.232558 0.728682
3806 29 94 0.232558 0.736434
3807 29 95 0.232558 0.744186
3808 29 96 0.232558 0.751938
3809 29 97 0.232558 0.75969
3810 29 98 0.232558 0.767442
3811 29 99 0.232558 0.775194
3812 29 100 0.232558 0.782946
3813 29 101 0.232558 0.790698
3814 29 102 0.232558 0.79845
3815 29 103 0.232558 0.806202
3816 29 104 0.232558 0.813953
3817 29 105 0.232558 0.821705
3818 29 106 0.232558 0.829457
3819 29 107 0.232558 0.837209
3820 29 108 0.232558 0.844961
3821 29 109 0.232558 0.852713
3822 29 110 0.232558 0.860465
3823 29 111 0.232558 0.868217
3824 29 112 0.232558 0.875969
3825 29 113 0.232558 0.883721
3826 29 114 0.232558 0.891473
3827 29 115 0.232558 0.899225
3828 29 116 0.232558 0.906977
3829 29 117 0.232558 0.914729
3830 29 118 0.232558 0.922481
3831 29 119 0.232558 0.930233
3832 29 120 0.232558 0.937984
3833 29 121 0.232558 0.945736
3834 29 122 0.232558 0.953488
3835 29 123 0.232558 0.96124
3836 29 124 0.232558 0.968992
3837 29 125 0.232558 0.976744
3838 29 126 0.232558 0.984496
3839 29 127 0.232558 0.992248
3840 30 0 0.24031 0.00775194
3841 30 1 0.24031 0.0155039
3842 30 2 0.24031 0.0232558
3843 30 3 0.24031 0.0310078
3844 30 4 0.24031 0.0387597
3845 30 5 0.24031 0.0465116
3846 30 6 0.24031 0.0542636
3847 30 7 0.24031 0.0620155
3848 30 8 0.24031 0.0697674
3849 30 9 0.24031 0.0775194
3850 30 10 0.24031 0.0852713
3851 30 11 0.24031 0.0930233
3852 30 12 0.24031 0.100775
3853 30 13 0.24031 0.108527
3854 30 14 0.24031 0.116279
3855 30 15 0.24031 0.124031
3856 30 16 0.24031 0.131783
3857 30 17 0.24031 0.139535
3858 30 18 0.24031 0.147287
3859 30 19 0.24031 0.155039
3860 30 20 0.24031 0.162791
3861 30 21 0.24031 0.170543
3862 30 22 0.24031 0.178295
3863 30 23 0.24031 0.186047
3864 30 24 0.24031 0.193798
3865 30 25 0.24031 0.20155
3866 30 26 0.24031 0.209302
3867 30 27 0.24031 0.217054
3868 30 28 0.24031 0.224806
3869 30 29 0.24031 0.232558
3870 30 30 0.24031 0.24031
3871 30 31 0.24031 0.248062
3872 30 32 0.24031 0.255814
3873 30 33 0.24031 0.263566
3874 30 34 0.24031 0.271318
3875 30 35 0.24031 0.27907
3876 30 36 0.24031 0.286822
3877 30 37 0.24031 0.294574
3878 30 38 0.24031 0.302326
3879 30 39 0.24031 0.310078
3880 30 40 0.24031 0.317829
3881 30 41 0.24031 0.325581
3882 30 42 0.24031 0.333333
3883 30 43 0.24031 0.341085
3884 30 44 0.24031 0.348837
3885 30 45 0.24031 0.356589
3886 30 46 0.24031 0.364341
3887 30 47 0.24031 0.372093
3888 30 48 0.24031 0.379845
3889 30 49 0.24031 0.387597
3890 30 50 0.24031 0.395349
3891 30 51 0.24031 0.403101
3892 30 52 0.24031 0.410853
3893 30 53 0.24031 0.418605
3894 30 54 0.24031 0.426357
3895 30 55 0.24031 0.434109
3896 30 56 0.24031 0.44186
3897 30 57 0.24031 0.449612
3898 30 58 0.24031 0.457364
3899 30 59 0.24031 0.465116
3900 30 60 0.24031 0.472868
3901 30 61 0.24031 0.48062
3902 30 62 0.24031 0.488372
3903 30 63 0.24031 0.496124
3904 30 64 0.24031 0.503876
3905 30 65 0.24031 0.511628
3906 30 66 0.24031 0.51938
3907 30 67 0.24031 0.527132
3908 30 68 0.24031 0.534884
3909 30 69 0.24031 0.542636
3910 30 70 0.24031 0.550388
3911 30 71 0.24031 0.55814
3912 30 72 0.24031 0.565891
3913 30 73 0.24031 0.573643
3914 30 74 0.24031 0.581395
3915 30 75 0.24031 0.589147
3916 30 76 0.24031 0.596899
3917 30 77 0.24031 0.604651
3918 30 78 0.24031 0.612403
3919 30 79 0.24031 0.620155
3920 30 80 0.24031 0.627907
3921 30 81 0.24031 0.635659
3922 30 82 0.24031 0.643411
3923 30 83 0.24031 0.651163
3924 30 84 0.24031 0.658915
3925 30 85 0.24031 0.666667
3926 30 86 0.24031 0.674419
3927 30 87 0.24031 0.682171
3928 30 88 0.24031 0.689922
3929 30 89 0.24031 0.697674
3930 30 90 0.24031 0.705426
3931 30 91 0.24031 0.713178
3932 30 92 0.24031 0.72093
3933 30 93 0.24031 0.728682
3934 30 94 0.24031 0.736434
3935 30 95 0.24031 0.744186
3936 30 96 0.24031 0.751938
3937 30 97 0.24031 0.75969
3938 30 98 0.24031 0.767442
3939 30 99 0.24031 0.775194
3940 30 100 0.24031 0.782946
3941 30 101 0.24031 0.790698
3942 30 102 0.24031 0.79845
3943 30 103 0.24031 0.806202
3944 30 104 0.24031 0.813953
3945 30 105 0.24031 0.821705
3946 30 106 0.24031 0.829457
3947 30 107 0.24031 0.837209
3948 30 108 0.24031 0.844961
3949 30 109 0.24031 0.852713
3950 30 110 0.24031 0.860465
3951 30 111 0.24031 0.868217
3952 30 112 0.24031 0.875969
3953 30 113 0.24031 0.883721
3954 30 114 0.24031 0.891473
3955 30 115 0.24031 0.899225
3956 30 116 0.24031 0.906977
3957 30 117 0.24031 0.914729
3958 30 118 0.24031 0.922481
3959 30 119 0.24031 0.930233
3960 30 120 0.24031 0.937984
3961 30 121 0.24031 0.945736
3962 30 122 0.24031 0.953488
3963 30 123 0.24031 0.96124
3964 30 124 0.24031 0.968992
3965 30 125 0.24031 0.976744
3966 30 126 0.24031 0.984496
3967 30 127 0.24031 0.992248
3968 31 0 0.248062 0.00775194
3969 31 1 0.248062 0.0155039
3970 31 2 0.248062 0.0232558
3971 31 3 0.248062 0.0310078
3972 31 4 0.248062 0.0387597
3973 31 5 0.248062 0.0465116
3974 31 6 0.248062 0.0542636
3975 31 7 0.248062 0.0620155
3976 31 8 0.248062 0.0697674
3977 31 9 0.248062 0.0775194
3978 31 10 0.248062 0.0852713
3979 31 11 0.248062 0.0930233
3980 31 12 0.248062 0.100775
3981 31 13 0.248062 0.108527
3982 31 14 0.248062 0.116279
3983 31 15 0.248062 0.124031
3984 31 16 0.248062 0.131783
3985 31 17 0.248062 0.139535
3986 31 18 0.248062 0.147287
3987 31 19 0.248062 0.155039
3988 31 20 0.248062 0.162791
3989 31 21 0.248062 0.170543
3990 31 22 0.248062 0.178295
3991 31 23 0.248062 0.186047
3992 31 24 0.248062 0.193798
3993 31 25 0.248062 0.20155
3994 31 26 0.248062 0.209302
3995 31 27 0.248062 0.217054
3996 31 28 0.248062 0.224806
3997 31 29 0.248062 0.232558
3998 31 30 0.248062 0.24031
3999 31 31 0.248062 0.248062
4000 31 32 0.248062 0.255814
4001 31 33 0.248062 0.263566
4002 31 34 0.248062 0.271318
4003 31 35 0.248062 0.27907
4004 31 36 0.248062 0.286822
4005 31 37 0.248062 0.294574
4006 31 38 0.248062 0.302326
4007 31 39 0.248062 0.310078
4008 31 40 0.248062 0.317829
4009 31 41 0.248062 0.325581
4010 31 42 0.248062 0.333333
4011 31 43 0.248062 0.341085
4012 31 44 0.248062 0.348837
4013 31 45 0.248062 0.356589
4014 31 46 0.248062 0.364341
4015 31 47 0.248062 0.372093
4016 31 48 0.248062 0.379845
4017 31 49 0.248062 0.387597
4018 31 50 0.248062 0.395349
4019 31 51 0.248062 0.403101
4020 31 52 0.248062 0.410853
4021 31 53 0.248062 0.418605
4022 31 54 0.248062 0.426357
4023 31 55 0.248062 0.434109
4024 31 56 0.248062 0.44186
4025 31 57 0.248062 0.449612
4026 31 58 0.248062 0.457364
4027 31 59 0.248062 0.465116
4028 31 60 0.248062 0.472868
4029 31 61 0.248062 0.48062
4030 31 62 0.248062 0.488372
4031 31 63 0.248062 0.496124
4032 31 64 0.248062 0.503876
4033 31 65 0.248062 0.511628
4034 31 66 0.248062 0.51938
4035 31 67 0.248062 0.527132
4036 31 68 0.248062 0.534884
4037 31 69 0.248062 0.542636
4038 31 70 0.248062 0.550388
4039 31 71 0.248062 0.55814
4040 31 72 0.248062 0.565891
4041 31 73 0.248062 0.573643
4042 31 74 0.248062 0.581395
4043 31 75 0.248062 0.589147
4044 31 76 0.248062 0.596899
4045 31 77 0.248062 0.604651
4046 31 78 0.248062 0.612403
4047 31 79 0.248062 0.620155
4048 31 80 0.248062 0.627907
4049 31 81 0.248062 0.635659
4050 31 82 0.248062 0.643411
4051 31 83 0.248062 0.651163
4052 31 84 0.248062 0.658915
4053 31 85 0.248062 0.666667
4054 31 86 0.248062 0.674419
4055 31 87 0.248062 0.682171
4056 31 88 0.248062 0.689922
4057 31 89 0.248062 0.697674
4058 31 90 0.248062 0.705426
4059 31 91 0.248062 0.713178
4060 31 92 0.248062 0.72093
4061 31 93 0.248062 0.728682
4062 31 94 0.248062 0.736434
4063 31 95 0.248062 0.744186
4064 31 96 0.248062 0.751938
4065 31 97 0.248062 0.75969
4066 31 98 0.248062 0.767442
4067 31 99 0.248062 0.775194
4068 31 100 0.248062 0.782946
4069 31 101 0.248062 0.790698
4070 31 102 0.248062 0.79845
4071 31 103 0.248062 0.806202
4072 31 104 0.248062 0.813953
4073 31 105 0.248062 0.821705
4074 31 106 0.248062 0.829457
4075 31 107 0.248062 0.837209
4076 31 108 0.248062 0.844961
4077 31 109 0.248062 0.852713
4078 31 110 0.248062 0.860465
4079 31 111 0.248062 0.868217
4080 31 112 0.248062 0.875969
4081 31 113 0.248062 0.883721
4082 31 114 0.248062 0.891473
4083 31 115 0.248062 0.899225
4084 31 116 0.248062 0.906977
4085 31 117 0.248062 0.914729
4086 31 118 0.248062 0.922481
4087 31 119 0.248062 0.930233
4088 31 120 0.248062 0.937984
4089 31 121 0.248062 0.945736
4090 31 122 0.248062 0.953488
4091 31 123 0.248062 0.96124
4092 31 124 0.248062 0.968992
4093 31 125 0.248062 0.976744
4094 31 126 0.248062 0.984496
4095 31 127 0.248062 0.992248
4096 32 0 0.255814 0.00775194
4097 32 1 0.255814 0.0155039
4098 32 2 0.255814 0.0232558
4099 32 3 0.255814 0.0310078
4100 32 4 0.255814 0.0387597
4101 32 5 0.255814 0.0465116
4102 32 6 0.255814 0.0542636
4103 32 7 0.255814 0.0620155
4104 32 8 0.255814 0.0697674
4105 32 9 0.255814 0.0775194
4106 32 10 0.255814 0.0852713
4107 32 11 0.255814 0.0930233
4108 32 12 0.255814 0.100775
4109 32 13 0.255814 0.108527
4110 32 14 0.255814 0.116279
4111 32 15 0.255814 0.124031
4112 32 16 0.255814 0.131783
4113 32 17 0.255814 0.139535
4114 32 18 0.255814 0.147287
4115 32 19 0.255814 0.155039
4116 32 20 0.255814 0.162791
4117 32 21 0.255814 0.170543
4118 32 22 0.255814 0.178295
4119 32 23 0.255814 0.186047
4120 32 24 0.255814 0.193798
4121 32 25 0.255814 0.20155
4122 32 26 0.255814 0.209302
4123 32 27 0.255814 0.217054
4124 32 28 0.255814 0.224806
4125 32 29 0.255814 0.232558
4126 32 30 0.255814 0.24031
4127 32 31 0.255814 0.248062
4128 32 32 0.255814 0.255814
4129 32 33 0.255814 0.263566
4130 32 34 0.255814 0.271318
4131 32 35 0.255814 0.27907
4132 32 36 0.255814 0.286822
4133 32 37 0.255814 0.294574
4134 32 38 0.255814 0.302326
4135 32 39 0.255814 0.310078
4136 32 40 0.255814 0.317829
4137 32 41 0.255814 0.325581
4138 32 42 0.255814 0.333333
4139 32 43 0.255814 0.341085
4140 32 44 0.255814 0.348837
4141 32 45 0.255814 0.356589
4142 32 46 0.255814 0.364341
4143 32 47 0.255814 0.372093
4144 32 48 0.255814 0.379845
4145 32 49 0.255814 0.387597
4146 32 50 0.255814 0.395349
4147 32 51 0.255814 0.403101
4148 32 52 0.255814 0.410853
4149 32 53 0.255814 0.418605
4150 32 54 0.255814 0.426357
4151 32 55 0.255814 0.434109
4152 32 56 0.255814 0.44186
4153 32 57 0.255814 0.449612
4154 32 58 0.255814 0.457364
4155 32 59 0.255814 0.465116
4156 32 60 0.255814 0.472868
4157 32 61 0.255814 0.48062
4158 32 62 0.255814 0.488372
4159 32 63 0.255814 0.496124
4160 32 64 0.255814 0.503876
4161 32 65 0.255814 0.511628
4162 32 66 0.255814 0.51938
4163 32 67 0.255814 0.527132
4164 32 68 0.255814 0.534884
4165 32 69 0.255814 0.542636
4166 32 70 0.255814 0.550388
4167 32 71 0.255814 0.55814
4168 32 72 0.255814 0.565891
4169 32 73 0.255814 0.573643
4170 32 74 0.255814 0.581395
4171 32 75 0.255814 0.589147
4172 32 76 0.255814 0.596899
4173 32 77 0.255814 0.604651
4174 32 78 0.255814 0.612403
4175 32 79 0.255814 0.620155
4176 32 80 0.255814 0.627907
4177 32 81 0.255814 0.635659
4178 32 82 0.255814 0.643411
4179 32 83 0.255814 0.651163
4180 32 84 0.255814 0.658915
4181 32 85 0.255814 0.666667
4182 32 86 0.255814 0.674419
4183 32 87 0.255814 0.682171
4184 32 88 0.255814 0.689922
4185 32 89 0.255814 0.697674
4186 32 90 0.255814 0.705426
4187 32 91 0.255814 0.713178
4188 32 92 0.255814 0.72093
4189 32 93 0.255814 0.728682
4190 32 94 0.255814 0.736434
4191 32 95 0.255814 0.744186
4192 32 96 0.255814 0.751938
4193 32 97 0.255814 0.75969
4194 32 98 0.255814 0.767442
4195 32 99 0.255814 0.775194
4196 32 100 0.255814 0.782946
4197 32 101 0.255814 0.790698
4198 32 102 0.255814 0.79845
4199 32 103 0.255814 0.806202
4200 32 104 0.255814 0.813953
4201 32 105 0.255814 0.821705
4202 32 106 0.255814 0.829457
4203 32 107 0.255814 0.837209
4204 32 108 0.255814 0.844961
4205 32 109 0.255814 0.852713
4206 32 110 0.255814 0.860465
4207 32 111 0.255814 0.868217
4208 32 112 0.255814 0.875969
4209 32 113 0.255814 0.883721
4210 32 114 0.255814 0.891473
4211 32 115 0.255814 0.899225
4212 32 116 0.255814 0.906977
4213 32 117 0.255814 0.914729
4214 32 118 0.255814 0.922481
4215 32 119 0.255814 0.930233
4216 32 120 0.255814 0.937984
4217 32 121 0.255814 0.945736
4218 32 122 0.255814 0.953488
4219 32 123 0.255814 0.96124
4220 32 124 0.255814 0.968992
4221 32 125 0.255814 0.976744
4222 32 126 0.255814 0.984496
4223 32 127 0.255814 0.992248
4224 33 0 0.263566 0.00775194
4225 33 1 0.263566 0.0155039
4226 33 2 0.263566 0.0232558
4227 33 3 0.263566 0.0310078
4228 33 4 0.263566 0.0387597
4229 33 5 0.263566 0.0465116
4230 33 6 0.263566 0.0542636
4231 33 7 0.263566 0.0620155
4232 33 8 0.263566 0.0697674
4233 33 9 0.263566 0.0775194
4234 33 10 0.263566 0.0852713
4235 33 11 0.263566 0.0930233
4236 33 12 0.263566 0.100775
4237 33 13 0.263566 0.108527
4238 33 14 0.263566 0.116279
4239 33 15 0.263566 0.124031
4240 33 16 0.263566 0.131783
4241 33 17 0.263566 0.139535
4242 33 18 0.263566 0.147287
4243 33 19 0.263566 0.155039
4244 33 20 0.263566 0.162791
4245 33 21 0.263566 0.170543
4246 33 22 0.263566 0.178295
4247 33 23 0.263566 0.186047
4248 33 24 0.263566 0.193798
4249 33 25 0.263566 0.20155
4250 33 26 0.263566 0.209302
4251 33 27 0.263566 0.217054
4252 33 28 0.263566 0.224806
4253 33 29 0.263566 0.232558
4254 33 30 0.263566 0.24031
4255 33 31 0.263566 0.248062
4256 33 32 0.263566 0.255814
4257 33 33 0.263566 0.263566
4258 33 34 0.263566 0.271318
4259 33 35 0.263566 0.27907
4260 33 36 0.263566 0.286822
4261 33 37 0.263566 0.294574
4262 33 38 0.263566 0.302326
4263 33 39 0.263566 0.310078
4264 33 40 0.263566 0.317829
4265 33 41 0.263566 0.325581
4266 33 42 0.263566 0.333333
4267 33 43 0.263566 0.341085
4268 33 44 0.263566 0.348837
4269 33 45 0.263566 0.356589
4270 33 46 0.263566 0.364341
4271 33 47 0.263566 0.372093
4272 33 48 0.263566 0.379845
4273 33 49 0.263566 0.387597
4274 33 50 0.263566 0.395349
4275 33 51 0.263566 0.403101
4276 33 52 0.263566 0.410853
4277 33 53 0.263566 0.418605
4278 33 54 0.263566 0.426357
4279 33 55 0.263566 0.434109
4280 33 56 0.263566 0.44186
4281 33 57 0.263566 0.449612
4282 33 58 0.263566 0.457364
4283 33 59 0.263566 0.465116
4284 33 60 0.263566 0.472868
4285 33 61 0.263566 0.48062
4286 33 62 0.263566 0.488372
4287 33 63 0.263566 0.496124
4288 33 64 0.263566 0.503876
4289 33 65 0.263566 0.511628
4290 33 66 0.263566 0.51938
4291 33 67 0.263566 0.527132
4292 33 68 0.263566 0.534884
4293 33 69 0.263566 0.542636
4294 33 70 0.263566 0.550388
4295 33 71 0.263566 0.55814
4296 33 72 0.263566 0.565891
4297 33 73 0.263566 0.573643
4298 33 74 0.263566 0.581395
4299 33 75 0.263566 0.589147
4300 33 76 0.263566 0.596899
4301 33 77 0.263566 0.604651
4302 33 78 0.263566 0.612403
4303 33 79 0.263566 0.620155
4304 33 80 0.263566 0.627907
4305 33 81 0.263566 0.635659
4306 33 82 0.263566 0.643411
4307 33 83 0.263566 0.651163
4308 33 84 0.263566 0.658915
4309 33 85 0.263566 0.666667
4310 33 86 0.263566 0.674419
4311 33 87 0.263566 0.682171
4312 33 88 0.263566 0.689922
4313 33 89 0.263566 0.697674
4314 33 90 0.263566 0.705426
4315 33 91 0.263566 0.713178
4316 33 92 0.263566 0.72093
4317 33 93 0.263566 0.728682
4318 33 94 0.263566 0.736434
4319 33 95 0.263566 0.744186
4320 33 96 0.263566 0.751938
4321 33 97 0.263566 0.75969
4322 33 98 0.263566 0.767442
4323 33 99 0.263566 0.775194
4324 33 100 0.263566 0.782946
4325 33 101 0.263566 0.790698
4326 33 102 0.263566 0.79845
4327 33 103 0.263566 0.806202
4328 33 104 0.263566 0.813953
4329 33 105 0.263566 0.821705
4330 33 106 0.263566 0.829457
4331 33 107 0.263566 0.837209
4332 33 108 0.263566 0.844961
4333 33 109 0.263566 0.852713
4334 33 110 0.263566 0.860465
4335 33 111 0.263566 0.868217
4336 33 112 0.263566 0.875969
4337 33 113 0.263566 0.883721
4338 33 114 0.263566 0.891473
4339 33 115 0.263566 0.899225
4340 33 116 0.263566 0.906977
4341 33 117 0.263566 0.914729
4342 33 118 0.263566 0.922481
4343 33 119 0.263566 0.930233
4344 33 120 0.263566 0.937984
4345 33 121 0.263566 0.945736
4346 33 122 0.263566 0.953488
4347 33 123 0.263566 0.96124
4348 33 124 0.263566 0.968992
4349 33 125 0.263566 0.976744
4350 33 126 0.263566 0.984496
4351 33 127 0.263566 0.992248
4352 34 0 0.271318 0.00775194
4353 34 1 0.271318 0.0155039
4354 34 2 0.271318 0.0232558
4355 34 3 0.271318 0.0310078
4356 34 4 0.271318 0.0387597
4357 34 5 0.271318 0.0465116
4358 34 6 0.271318 0.0542636
4359 34 7 0.271318 0.0620155
4360 34 8 0.271318 0.0697674
4361 34 9 0.271318 0.0775194
4362 34 10 0.271318 0.0852713
4363 34 11 0.271318 0.0930233
4364 34 12 0.271318 0.100775
4365 34 13 0.271318 0.108527
4366 34 14 0.271318 0.116279
4367 34 15 0.271318 0.124031
4368 34 16 0.271318 0.131783
4369 34 17 0.271318 0.139535
4370 34 18 0.271318 0.147287
4371 34 19 0.271318 0.155039
4372 34 20 0.271318 0.162791
4373 34 21 0.271318 0.170543
4374 34 22 0.271318 0.178295
4375 34 23 0.271318 0.186047
4376 34 24 0.271318 0.193798
4377 34 25 0.271318 0.20155
4378 34 26 0.271318 0.209302
4379 34 27 0.271318 0.217054
4380 34 28 0.271318 0.224806
4381 34 29 0.271318 0.232558
4382 34 30 0.271318 0.24031
4383 34 31 0.271318 0.248062
4384 34 32 0.271318 0.255814
4385 34 33 0.271318 0.263566
4386 34 34 0.271318 0.271318
4387 34 35 0.271318 0.27907
4388 34 36 0.271318 0.286822
4389 34 37 0.271318 0.294574
4390 34 38 0.271318 0.302326
4391 34 39 0.271318 0.310078
4392 34 40 0.271318 0.317829
4393 34 41 0.271318 0.325581
4394 34 42 0.271318 0.333333
4395 34 43 0.271318 0.341085
4396 34 44 0.271318 0.348837
4397 34 45 0.271318 0.356589
4398 34 46 0.271318 0.364341
4399 34 47 0.271318 0.372093
4400 34 48 0.271318 0.379845
4401 34 49 0.271318 0.387597
4402 34 50 0.271318 0.395349
4403 34 51 0.271318 0.403101
4404 34 52 0.271318 0.410853
4405 34 53 0.271318 0.418605
4406 34 54 0.271318 0.426357
4407 34 55 0.271318 0.434109
4408 34 56 0.271318 0.44186
4409 34 57 0.271318 0.449612
4410 34 58 0.271318 0.457364
4411 34 59 0.271318 0.465116
4412 34 60 0.271318 0.472868
4413 34 61 0.271318 0.48062
4414 34 62 0.271318 0.488372
4415 34 63 0.271318 0.496124
4416 34 64 0.271318 0.503876
4417 34 65 0.271318 0.511628
4418 34 66 0.271318 0.51938
4419 34 67 0.271318 0.527132
4420 34 68 0.271318 0.534884
4421 34 69 0.271318 0.542636
4422 34 70 0.271318 0.550388
4423 34 71 0.271318 0.55814
4424 34 72 0.271318 0.565891
4425 34 73 0.271318 0.573643
4426 34 74 0.271318 0.581395
4427 34 75 0.271318 0.589147
4428 34 76 0.271318 0.596899
4429 34 77 0.271318 0.604651
4430 34 78 0.271318 0.612403
4431 34 79 0.271318 0.620155
4432 34 80 0.271318 0.627907
4433 34 81 0.271318 0.635659
4434 34 82 0.271318 0.643411
4435 34 83 0.271318 0.651163
4436 34 84 0.271318 0.658915
4437 34 85 0.271318 0.666667
4438 34 86 0.271318 0.674419
4439 34 87 0.271318 0.682171
4440 34 88 0.271318 0.689922
4441 34 89 0.271318 0.697674
4442 34 90 0.271318 0.705426
4443 34 91 0.271318 0.713178
4444 34 92 0.271318 0.72093
4445 34 93 0.271318 0.728682
4446 34 94 0.271318 0.736434
4447 34 95 0.271318 0.744186
4448 34 96 0.271318 0.751938
4449 34 97 0.271318 0.75969
4450 34 98 0.271318 0.767442
4451 34 99 0.271318 0.775194
4452 34 100 0.271318 0.782946
4453 34 101 0.271318 0.790698
4454 34 102 0.271318 0.79845
4455 34 103 0.271318 0.806202
4456 34 104 0.271318 0.813953
4457 34 105 0.271318 0.821705
4458 34 106 0.271318 0.829457
4459 34 107 0.271318 0.837209
4460 34 108 0.271318 0.844961
4461 34 109 0.271318 0.852713
4462 34 110 0.271318 0.860465
4463 34 111 0.271318 0.868217
4464 34 112 0.271318 0.875969
4465 34 113 0.271318 0.883721
4466 34 114 0.271318 0.891473
4467 34 115 0.271318 0.899225
4468 34 116 0.271318 0.906977
4469 34 117 0.271318 0.914729
4470 34 118 0.271318 0.922481
4471 34 119 0.271318 0.930233
4472 34 120 0.271318 0.937984
4473 34 121 0.271318 0.945736
4474 34 122 0.271318 0.953488
4475 34 123 0.271318 0.96124
4476 34 124 0.271318 0.968992
4477 34 125 0.271318 0.976744
4478 34 126 0.271318 0.984496
4479 34 127 0.271318 0.992248
4480 35 0 0.27907 0.00775194
4481 35 1 0.27907 0.0155039
4482 35 2 0.27907 0.0232558
4483 35 3 0.27907 0.0310078
4484 35 4 0.27907 0.0387597
4485 35 5 0.27907 0.0465116
4486 35 6 0.27907 0.0542636
4487 35 7 0.27907 0.0620155
4488 35 8 0.27907 0.0697674
4489 35 9 0.27907 0.0775194
4490 35 10 0.27907 0.0852713
4491 35 11 0.27907 0.0930233
4492 35 12 0.27907 0.100775
4493 35 13 0.27907 0.108527
4494 35 14 0.27907 0.116279
4495 35 15 0.27907 0.124031
4496 35 16 0.27907 0.131783
4497 35 17 0.27907 0.139535
4498 35 18 0.27907 0.147287
4499 35 19 0.27907 0.155039
4500 35 20 0.27907 0.162791
4501 35 21 0.27907 0.170543
4502 35 22 0.27907 0.178295
4503 35 23 0.27907 0.186047
4504 35 24 0.27907 0.193798
4505 35 25 0.27907 0.20155
4506 35 26 0.27907 0.209302
4507 35 27 0.27907 0.217054
4508 35 28 0.27907 0.224806
4509 35 29 0.27907 0.232558
4510 35 30 0.27907 0.24031
4511 35 31 0.27907 0.248062
4512 35 32 0.27907 0.255814
4513 35 33 0.27907 0.263566
4514 35 34 0.27907 0.271318
4515 35 35 0.27907 0.27907
4516 35 36 0.27907 0.286822
4517 35 37 0.27907 0.294574
4518 35 38 0.27907 0.302326
4519 35 39 0.27907 0.310078
4520 35 40 0.27907 0.317829
4521 35 41 0.27907 0.325581
4522 35 42 0.27907 0.333333
4523 35 43 0.27907 0.341085
4524 35 44 0.27907 0.348837
4525 35 45 0.27907 0.356589
4526 35 46 0.27907 0.364341
4527 35 47 0.27907 0.372093
4528 35 48 0.27907 0.379845
4529 35 49 0.27907 0.387597
4530 35 50 0.27907 0.395349
4531 35 51 0.27907 0.403101
4532 35 52 0.27907 0.410853
4533 35 53 0.27907 0.418605
4534 35 54 0.27907 0.426357
4535 35 55 0.27907 0.434109
4536 35 56 0.27907 0.44186
4537 35 57 0.27907 0.449612
4538 35 58 0.27907 0.457364
4539 35 59 0.27907 0.465116
4540 35 60 0.27907 0.472868
4541 35 61 0.27907 0.48062
4542 35 62 0.27907 0.488372
4543 35 63 0.27907 0.496124
4544 35 64 0.27907 0.503876
4545 35 65 0.27907 0.511628
4546 35 66 0.27907 0.51938
4547 35 67 0.27907 0.527132
4548 35 68 0.27907 0.534884
4549 35 69 0.27907 0.542636
4550 35 70 0.27907 0.550388
4551 35 71 0.27907 0.55814
4552 35 72 0.27907 0.565891
4553 35 73 0.27907 0.573643
4554 35 74 0.27907 0.581395
4555 35 75 0.27907 0.589147
4556 35 76 0.27907 0.596899
4557 35 77 0.27907 0.604651
4558 35 78 0.27907 0.612403
4559 35 79 0.27907 0.620155
4560 35 80 0.27907 0.627907
4561 35 81 0.27907 0.635659
4562 35 82 0.27907 0.643411
4563 35 83 0.27907 0.651163
4564 35 84 0.27907 0.658915
4565 35 85 0.27907 0.666667
4566 35 86 0.27907 0.674419
4567 35 87 0.27907 0.682171
4568 35 88 0.27907 0.689922
4569 35 89 0.27907 0.697674
4570 35 90 0.27907 0.705426
4571 35 91 0.27907 0.713178
4572 35 92 0.27907 0.72093
4573 35 93 0.27907 0.728682
4574 35 94 0.27907 0.736434
4575 35 95 0.27907 0.744186
4576 35 96 0.27907 0.751938
4577 35 97 0.27907 0.75969
4578 35 98 0.27907 0.767442
4579 35 99 0.27907 0.775194
4580 35 100 0.27907 0.782946
4581 35 101 0.27907 0.790698
4582 35 102 0.27907 0.79845
4583 35 103 0.27907 0.806202
4584 35 104 0.27907 0.813953
4585 35 105 0.27907 0.821705
4586 35 106 0.27907 0.829457
4587 35 107 0.27907 0.837209
4588 35 108 0.27907 0.844961
4589 35 109 0.27907 0.852713
4590 35 110 0.27907 0.860465
4591 35 111 0.27907 0.868217
4592 35 112 0.27907 0.875969
4593 35 113 0.27907 0.883721
4594 35 114 0.27907 0.891473
4595 35 115 0.27907 0.899225
4596 35 116 0.27907 0.906977
4597 35 117 0.27907 0.914729
4598 35 118 0.27907 0.922481
4599 35 119 0.27907 0.930233
4600 35 120 0.27907 0.937984
4601 35 121 0.27907 0.945736
4602 35 122 0.27907 0.953488
4603 35 123 0.27907 0.96124
4604 35 124 0.27907 0.968992
4605 35 125 0.27907 0.976744
4606 35 126 0.27907 0.984496
4607 35 127 0.27907 0.992248
4608 36 0 0.286822 0.00775194
4609 36 1 0.286822 0.0155039
4610 36 2 0.286822 0.0232558
4611 36 3 0.286822 0.0310078
4612 36 4 0.286822 0.0387597
4613 36 5 0.286822 0.0465116
4614 36 6 0.286822 0.0542636
4615 36 7 0.286822 0.0620155
4616 36 8 0.286822 0.0697674
4617 36 9 0.286822 0.0775194
4618 36 10 0.286822 0.0852713
4619 36 11 0.286822 0.0930233
4620 36 12 0.286822 0.100775
4621 36 13 0.286822 0.108527
4622 36 14 0.286822 0.116279
4623 36 15 0.286822 0.124031
4624 36 16 0.286822 0.131783
4625 36 17 0.286822 0.139535
4626 36 18 0.286822 0.147287
4627 36 19 0.286822 0.155039
4628 36 20 0.286822 0.162791
4629 36 21 0.286822 0.170543
4630 36 22 0.286822 0.178295
4631 36 23 0.286822 0.186047
4632 36 24 0.286822 0.193798
4633 36 25 0.286822 0.20155
4634 36 26 0.286822 0.209302
4635 36 27 0.286822 0.217054
4636 36 28 0.286822 0.224806
4637 36 29 0.286822 0.232558
4638 36 30 0.286822 0.24031
4639 36 31 0.286822 0.248062
4640 36 32 0.286822 0.255814
4641 36 33 0.286822 0.263566
4642 36 34 0.286822 0.271318
4643 36 35 0.286822 0.27907
4644 36 36 0.286822 0.286822
4645 36 37 0.286822 0.294574
4646 36 38 0.286822 0.302326
4647 36 39 0.286822 0.310078
4648 36 40 0.286822 0.317829
4649 36 41 0.286822 0.325581
4650 36 42 0.286822 0.333333
4651 36 43 0.286822 0.341085
4652 36 44 0.286822 0.348837
4653 36 45 0.286822 0.356589
4654 36 46 0.286822 0.364341
4655 36 47 0.286822 0.372093
4656 36 48 0.286822 0.379845
4657 36 49 0.286822 0.387597
4658 36 50 0.286822 0.395349
4659 36 51 0.286822 0.403101
4660 36 52 0.286822 0.410853
4661 36 53 0.286822 0.418605
4662 36 54 0.286822 0.426357
4663 36 55 0.286822 0.434109
4664 36 56 0.286822 0.44186
4665 36 57 0.286822 0.449612
4666 36 58 0.286822 0.457364
4667 36 59 0.286822 0.465116
4668 36 60 0.286822 0.472868
4669 36 61 0.286822 0.48062
4670 36 62 0.286822 0.488372
4671 36 63 0.286822 0.496124
4672 36 64 0.286822 0.503876
4673 36 65 0.286822 0.511628
4674 36 66 0.286822 0.51938
4675 36 67 0.286822 0.527132
4676 36 68 0.286822 0.534884
4677 36 69 0.286822 0.542636
4678 36 70 0.286822 0.550388
4679 36 71 0.286822 0.55814
4680 36 72 0.286822 0.565891
4681 36 73 0.286822 0.573643
4682 36 74 0.286822 0.581395
4683 36 75 0.286822 0.589147
4684 36 76 0.286822 0.596899
4685 36 77 0.286822 0.604651
4686 36 78 0.286822 0.612403
4687 36 79 0.286822 0.620155
4688 36 80 0.286822 0.627907
4689 36 81 0.286822 0.635659
4690 36 82 0.286822 0.643411
4691 36 83 0.286822 0.651163
4692 36 84 0.286822 0.658915
4693 36 85 0.286822 0.666667
4694 36 86 0.286822 0.674419
4695 36 87 0.286822 0.682171
4696 36 88 0.286822 0.689922
4697 36 89 0.286822 0.697674
4698 36 90 0.286822 0.705426
4699 36 91 0.286822 0.713178
4700 36 92 0.286822 0.72093
4701 36 93 0.286822 0.728682
4702 36 94 0.286822 0.736434
4703 36 95 0.286822 0.744186
4704 36 96 0.286822 0.751938
4705 36 97 0.286822 0.75969
4706 36 98 0.286822 0.767442
4707 36 99 0.286822 0.775194
4708 36 100 0.286822 0.782946
4709 36 101 0.286822 0.790698
4710 36 102 0.286822 0.79845
4711 36 103 0.286822 0.806202
4712 36 104 0.286822 0.813953
4713 36 105 0.286822 0.821705
4714 36 106 0.286822 0.829457
4715 36 107 0.286822 0.837209
4716 36 108 0.286822 0.844961
4717 36 109 0.286822 0.852713
4718 36 110 0.286822 0.860465
4719 36 111 0.286822 0.868217
4720 36 112 0.286822 0.875969
4721 36 113 0.286822 0.883721
4722 36 114 0.286822 0.891473
4723 36 115 0.286822 0.899225
4724 36 116 0.286822 0.906977
4725 36 117 0.286822 0.914729
4726 36 118 0.286822 0.922481
4727 36 119 0.286822 0.930233
4728 36 120 0.286822 0.937984
4729 36 121 0.286822 0.945736
4730 36 122 0.286822 0.953488
4731 36 123 0.286822 0.96124
4732 36 124 0.286822 0.968992
4733 36 125 0.286822 0.976744
4734 36 126 0.286822 0.984496
4735 36 127 0.286822 0.992248
4736 37 0 0.294574 0.00775194
4737 37 1 0.294574 0.0155039
4738 37 2 0.294574 0.0232558
4739 37 3 0.294574 0.0310078
4740 37 4 0.294574 0.0387597
4741 37 5 0.294574 0.0465116
4742 37 6 0.294574 0.0542636
4743 37 7 0.294574 0.0620155
4744 37 8 0.294574 0.0697674
4745 37 9 0.294574 0.0775194
4746 37 10 0.294574 0.0852713
4747 37 11 0.294574 0.0930233
4748 37 12 0.294574 0.100775
4749 37 13 0.294574 0.108527
4750 37 14 0.294574 0.116279
4751 37 15 0.294574 0.124031
4752 37 16 0.294574 0.131783
4753 37 17 0.294574 0.139535
4754 37 18 0.294574 0.147287
4755 37 19 0.294574 0.155039
4756 37 20 0.294574 0.162791
4757 37 21 0.294574 0.170543
4758 37 22 0.294574 0.178295
4759 37 23 0.294574 0.186047
4760 37 24 0.294574 0.193798
4761 37 25 0.294574 0.20155
4762 37 26 0.294574 0.209302
4763 37 27 0.294574 0.217054
4764 37 28 0.294574 0.224806
4765 37 29 0.294574 0.232558
4766 37 30 0.294574 0.24031
4767 37 31 0.294574 0.248062
4768 37 32 0.294574 0.255814
4769 37 33 0.294574 0.263566
4770 37 34 0.294574 0.271318
4771 37 35 0.294574 0.27907
4772 37 36 0.294574 0.286822
4773 37 37 0.294574 0.294574
4774 37 38 0.294574 0.302326
4775 37 39 0.294574 0.310078
4776 37 40 0.294574 0.317829
4777 37 41 0.294574 0.325581
4778 37 42 0.294574 0.333333
4779 37 43 0.294574 0.341085
4780 37 44 0.294574 0.348837
4781 37 45 0.294574 0.356589
4782 37 46 0.294574 0.364341
4783 37 47 0.294574 0.372093
4784 37 48 0.294574 0.379845
4785 37 49 0.294574 0.387597
4786 37 50 0.294574 0.395349
4787 37 51 0.294574 0.403101
4788 37 52 0.294574 0.410853
4789 37 53 0.294574 0.418605
4790 37 54 0.294574 0.426357
4791 37 55 0.294574 0.434109
4792 37 56 0.294574 0.44186
4793 37 57 0.294574 0.449612
4794 37 58 0.294574 0.457364
4795 37 59 0.294574 0.465116
4796 37 60 0.294574 0.472868
4797 37 61 0.294574 0.48062
4798 37 62 0.294574 0.488372
4799 37 63 0.294574 0.496124
4800 37 64 0.294574 0.503876
4801 37 65 0.294574 0.511628
4802 37 66 0.294574 0.51938
4803 37 67 0.294574 0.527132
4804 37 68 0.294574 0.534884
4805 37 69 0.294574 0.542636
4806 37 70 0.294574 0.550388
4807 37 71 0.294574 0.55814
4808 37 72 0.294574 0.565891
4809 37 73 0.294574 0.573643
4810 37 74 0.294574 0.581395
4811 37 75 0.294574 0.589147
4812 37 76 0.294574 0.596899
4813 37 77 0.294574 0.604651
4814 37 78 0.294574 0.612403
4815 37 79 0.294574 0.620155
4816 37 80 0.294574 0.627907
4817 37 81 0.294574 0.635659
4818 37 82 0.294574 0.643411
4819 37 83 0.294574 0.651163
4820 37 84 0.294574 0.658915
4821 37 85 0.294574 0.666667
4822 37 86 0.294574 0.674419
4823 37 87 0.294574 0.682171
4824 37 88 0.294574 0.689922
4825 37 89 0.294574 0.697674
4826 37 90 0.294574 0.705426
4827 37 91 0.294574 0.713178
4828 37 92 0.294574 0.72093
4829 37 93 0.294574 0.728682
4830 37 94 0.294574 0.736434
4831 37 95 0.294574 0.744186
4832 37 96 0.294574 0.751938
4833 37 97 0.294574 0.75969
4834 37 98 0.294574 0.767442
4835 37 99 0.294574 0.775194
4836 37 100 0.294574 0.782946
4837 37 101 0.294574 0.790698
4838 37 102 0.294574 0.79845
4839 37 103 0.294574 0.806202
4840 37 104 0.294574 0.813953
4841 37 105 0.294574 0.821705
4842 37 106 0.294574 0.829457
4843 37 107 0.294574 0.837209
4844 37 108 0.294574 0.844961
4845 37 109 0.294574 0.852713
4846 37 110 0.294574 0.860465
4847 37 111 0.294574 0.868217
4848 37 112 0.294574 0.875969
4849 37 113 0.294574 0.883721
4850 37 114 0.294574 0.891473
4851 37 115 0.294574 0.899225
4852 37 116 0.294574 0.906977
4853 37 117 0.294574 0.914729
4854 37 118 0.294574 0.922481
4855 37 119 0.294574 0.930233
4856 37 120 0.294574 0.937984
4857 37 121 0.294574 0.945736
4858 37 122 0.294574 0.953488
4859 37 123 0.294574 0.96124
4860 37 124 0.294574 0.968992
4861 37 125 0.294574 0.976744
4862 37 126 0.294574 0.984496
4863 37 127 0.294574 0.992248
4864 38 0 0.302326 0.00775194
4865 38 1 0.302326 0.0155039
4866 38 2 0.302326 0.0232558
4867 38 3 0.302326 0.0310078
4868 38 4 0.302326 0.0387597
4869 38 5 0.302326 0.0465116
4870 38 6 0.302326 0.0542636
4871 38 7 0.302326 0.0620155
4872 38 8 0.302326 0.0697674
4873 38 9 0.302326 0.0775194
4874 38 10 0.302326 0.0852713
4875 38 11 0.302326 0.0930233
4876 38 12 0.302326 0.100775
4877 38 13 0.302326 0.108527
4878 38 14 0.302326 0.116279
4879 38 15 0.302326 0.124031
4880 38 16 0.302326 0.131783
4881 38 17 0.302326 0.139535
4882 38 18 0.302326 0.147287
4883 38 19 0.302326 0.155039
4884 38 20 0.302326 0.162791
4885 38 21 0.302326 0.170543
4886 38 22 0.302326 0.178295
4887 38 23 0.302326 0.186047
4888 38 24 0.302326 0.193798
4889 38 25 0.302326 0.20155
4890 38 26 0.302326 0.209302
4891 38 27 0.302326 0.217054
4892 38 28 0.302326 0.224806
4893 38 29 0.302326 0.232558
4894 38 30 0.302326 0.24031
4895 38 31 0.302326 0.248062
4896 38 32 0.302326 0.255814
4897 38 33 0.302326 0.263566
4898 38 34 0.302326 0.271318
4899 38 35 0.302326 0.27907
4900 38 36 0.302326 0.286822
4901 38 37 0.302326 0.294574
4902 38 38 0.302326 0.302326
4903 38 39 0.302326 0.310078
4904 38 40 0.302326 0.317829
4905 38 41 0.302326 0.325581
4906 38 42 0.302326 0.333333
4907 38 43 0.302326 0.341085
4908 38 44 0.302326 0.348837
4909 38 45 0.302326 0.356589
4910 38 46 0.302326 0.364341
4911 38 47 0.302326 0.372093
4912 38 48 0.302326 0.379845
4913 38 49 0.302326 0.387597
4914 38 50 0.302326 0.395349
4915 38 51 0.302326 0.403101
4916 38 52 0.302326 0.410853
4917 38 53 0.302326 0.418605
4918 38 54 0.302326 0.426357
4919 38 55 0.302326 0.434109
4920 38 56 0.302326 0.44186
4921 38 57 0.302326 0.449612
4922 38 58 0.302326 0.457364
4923 38 59 0.302326 0.465116
4924 38 60 0.302326 0.472868
4925 38 61 0.302326 0.48062
4926 38 62 0.302326 0.488372
4927 38 63 0.302326 0.496124
4928 38 64 0.302326 0.503876
4929 38 65 0.302326 0.511628
4930 38 66 0.302326 0.51938
4931 38 67 0.302326 0.527132
4932 38 68 0.302326 0.534884
4933 38 69 0.302326 0.542636
4934 38 70 0.302326 0.550388
4935 38 71 0.302326 0.55814
4936 38 72 0.302326 0.565891
4937 38 73 0.302326 0.573643
4938 38 74 0.302326 0.581395
4939 38 75 0.302326 0.589147
4940 38 76 0.302326 0.596899
4941 38 77 0.302326 0.604651
4942 38 78 0.302326 0.612403
4943 38 79 0.302326 0.620155
4944 38 80 0.302326 0.627907
4945 38 81 0.302326 0.635659
4946 38 82 0.302326 0.643411
4947 38 83 0.302326 0.651163
4948 38 84 0.302326 0.658915
4949 38 85 0.302326 0.666667
4950 38 86 0.302326 0.674419
4951 38 87 0.302326 0.682171
4952 38 88 0.302326 0.689922
4953 38 89 0.302326 0.697674
4954 38 90 0.302326 0.705426
4955 38 91 0.302326 0.713178
4956 38 92 0.302326 0.72093
4957 38 93 0.302326 0.728682
4958 38 94 0.302326 0.736434
4959 38 95 0.302326 0.744186
4960 38 96 0.302326 0.751938
4961 38 97 0.302326 0.75969
4962 38 98 0.302326 0.767442
4963 38 99 0.302326 0.775194
4964 38 100 0.302326 0.782946
4965 38 101 0.302326 0.790698
4966 38 102 0.302326 0.79845
4967 38 103 0.302326 0.806202
4968 38 104 0.302326 0.813953
4969 38 105 0.302326 0.821705
4970 38 106 0.302326 0.829457
4971 38 107 0.302326 0.837209
4972 38 108 0.302326 0.844961
4973 38 109 0.302326 0.852713
4974 38 110 0.302326 0.860465
4975 38 111 0.302326 0.868217
4976 38 112 0.302326 0.875969
4977 38 113 0.302326 0.883721
4978 38 114 0.302326 0.891473
4979 38 115 0.302326 0.899225
4980 38 116 0.302326 0.906977
4981 38 117 0.302326 0.914729
4982 38 118 0.302326 0.922481
4983 38 119 0.302326 0.930233
4984 38 120 0.302326 0.937984
4985 38 121 0.302326 0.945736
4986 38 122 0.302326 0.953488
4987 38 123 0.302326 0.96124
4988 38 124 0.302326 0.968992
4989 38 125 0.302326 0.976744
4990 38 126 0.302326 0.984496
4991 38 127 0.302326 0.992248
4992 39 0 0.310078 0.00775194
4993 39 1 0.310078 0.0155039
4994 39 2 0.310078 0.0232558
4995 39 3 0.310078 0.0310078
4996 39 4 0.310078 0.0387597
4997 39 5 0.310078 0.0465116
4998 39 6 0.310078 0.0542636
4999 39 7 0.310078 0.0620155
5000 39 8 0.310078 0.0697674
5001 39 9 0.310078 0.0775194
5002 39 10 0.310078 0.0852713
5003 39 11 0.310078 0.0930233
5004 39 12 0.310078 0.100775
5005 39 13 0.310078 0.108527
5006 39 14 0.310078 0.116279
5007 39 15 0.310078 0.124031
5008 39 16 0.310078 0.131783
5009 39 17 0.310078 0.139535
5010 39 18 0.310078 0.147287
5011 39 19 0.310078 0.155039
5012 39 20 0.310078 0.162791
5013 39 21 0.310078 0.170543
5014 39 22 0.310078 0.178295
5015 39 23 0.310078 0.186047
5016 39 24 0.310078 0.193798
5017 39 25 0.310078 0.20155
5018 39 26 0.310078 0.209302
5019 39 27 0.310078 0.217054
5020 39 28 0.310078 0.224806
5021 39 29 0.310078 0.232558
5022 39 30 0.310078 0.24031
5023 39 31 0.310078 0.248062
5024 39 32 0.310078 0.255814
5025 39 33 0.310078 0.263566
5026 39 34 0.310078 0.271318
5027 39 35 0.310078 0.27907
5028 39 36 0.310078 0.286822
5029 39 37 0.310078 0.294574
5030 39 38 0.310078 0.302326
5031 39 39 0.310078 0.310078
5032 39 40 0.310078 0.317829
5033 39 41 0.310078 0.325581
5034 39 42 0.310078 0.333333
5035 39 43 0.310078 0.341085
5036 39 44 0.310078 0.348837
5037 39 45 0.310078 0.356589
5038 39 46 0.310078 0.364341
5039 39 47 0.310078 0.372093
5040 39 48 0.310078 0.379845
5041 39 49 0.310078 0.387597
5042 39 50 0.310078 0.395349
5043 39 51 0.310078 0.403101
5044 39 52 0.310078 0.410853
5045 39 53 0.310078 0.418605
5046 39 54 0.310078 0.426357
5047 39 55 0.310078 0.434109
5048 39 56 0.310078 0.44186
5049 39 57 0.310078 0.449612
5050 39 58 0.310078 0.457364
5051 39 59 0.310078 0.465116
5052 39 60 0.310078 0.472868
5053 39 61 0.310078 0.48062
5054 39 62 0.310078 0.488372
5055 39 63 0.310078 0.496124
5056 39 64 0.310078 0.503876
5057 39 65 0.310078 0.511628
5058 39 66 0.310078 0.51938
5059 39 67 0.310078 0.527132
5060 39 68 0.310078 0.534884
5061 39 69 0.310078 0.542636
5062 39 70 0.310078 0.550388
5063 39 71 0.310078 0.55814
5064 39 72 0.310078 0.565891
5065 39 73 0.310078 0.573643
5066 39 74 0.310078 0.581395
5067 39 75 0.310078 0.589147
5068 39 76 0.310078 0.596899
5069 39 77 0.310078 0.604651
5070 39 78 0.310078 0.612403
5071 39 79 0.310078 0.620155
5072 39 80 0.310078 0.627907
5073 39 81 0.310078 0.635659
5074 39 82 0.310078 0.643411
5075 39 83 0.310078 0.651163
5076 39 84 0.310078 0.658915
5077 39 85 0.310078 0.666667
5078 39 86 0.310078 0.674419
5079 39 87 0.310078 0.682171
5080 39 88 0.310078 0.689922
5081 39 89 0.310078 0.697674
5082 39 90 0.310078 0.705426
5083 39 91 0.310078 0.713178
5084 39 92 0.310078 0.72093
5085 39 93 0.310078 0.728682
5086 39 94 0.310078 0.736434
5087 39 95 0.310078 0.744186
5088 39 96 0.310078 0.751938
5089 39 97 0.310078 0.75969
5090 39 98 0.310078 0.767442
5091 39 99 0.310078 0.775194
5092 39 100 0.310078 0.782946
5093 39 101 0.310078 0.790698
5094 39 102 0.310078 0.79845
5095 39 103 0.310078 0.806202
5096 39 104 0.310078 0.813953
5097 39 105 0.310078 0.821705
5098 39 106 0.310078 0.829457
5099 39 107 0.310078 0.837209
5100 39 108 0.310078 0.844961
5101 39 109 0.310078 0.852713
5102 39 110 0.310078 0.860465
5103 39 111 0.310078 0.868217
5104 39 112 0.310078 0.875969
5105 39 113 0.310078 0.883721
5106 39 114 0.310078 0.891473
5107 39 115 0.310078 0.899225
5108 39 116 0.310078 0.906977
5109 39 117 0.310078 0.914729
5110 39 118 0.310078 0.922481
5111 39 119 0.310078 0.930233
5112 39 120 0.310078 0.937984
5113 39 121 0.310078 0.945736
5114 39 122 0.310078 0.953488
5115 39 123 0.310078 0.96124
5116 39 124 0.310078 0.968992
5117 39 125 0.310078 0.976744
5118 39 126 0.310078 0.984496
5119 39 127 0.310078 0.992248
5120 40 0 0.317829 0.00775194
5121 40 1 0.317829 0.0155039
5122 40 2 0.317829 0.0232558
5123 40 3 0.317829 0.0310078
5124 40 4 0.317829 0.0387597
5125 40 5 0.317829 0.0465116
5126 40 6 0.317829 0.0542636
5127 40 7 0.317829 0.0620155
5128 40 8 0.317829 0.0697674
5129 40 9 0.317829 0.0775194
5130 40 10 0.317829 0.0852713
5131 40 11 0.317829 0.0930233
5132 40 12 0.317829 0.100775
5133 40 13 0.317829 0.108527
5134 40 14 0.317829 0.116279
5135 40 15 0.317829 0.124031
5136 40 16 0.317829 0.131783
5137 40 17 0.317829 0.139535
5138 40 18 0.317829 0.147287
5139 40 19 0.317829 0.155039
5140 40 20 0.317829 0.162791
5141 40 21 0.317829 0.170543
5142 40 22 0.317829 0.178295
5143 40 23 0.317829 0.186047
5144 40 24 0.317829 0.193798
5145 40 25 0.317829 0.20155
5146 40 26 0.317829 0.209302
5147 40 27 0.317829 0.217054
5148 40 28 0.317829 0.224806
5149 40 29 0.317829 0.232558
5150 40 30 0.317829 0.24031
5151 40 31 0.317829 0.248062
5152 40 32 0.317829 0.255814
5153 40 33 0.317829 0.263566
5154 40 34 0.317829 0.271318
5155 40 35 0.317829 0.27907
5156 40 36 0.317829 0.286822
5157 40 37 0.317829 0.294574
5158 40 38 0.317829 0.302326
5159 40 39 0.317829 0.310078
5160 40 40 0.317829 0.317829
5161 40 41 0.317829 0.325581
5162 40 42 0.317829 0.333333
5163 40 43 0.317829 0.341085
5164 40 44 0.317829 0.348837
5165 40 45 0.317829 0.356589
5166 40 46 0.317829 0.364341
5167 40 47 0.317829 0.372093
5168 40 48 0.317829 0.379845
5169 40 49 0.317829 0.387597
5170 40 50 0.317829 0.395349
5171 40 51 0.317829 0.403101
5172 40 52 0.317829 0.410853
5173 40 53 0.317829 0.418605
5174 40 54 0.317829 0.426357
5175 40 55 0.317829 0.434109
5176 40 56 0.317829 0.44186
5177 40 57 0.317829 0.449612
5178 40 58 0.317829 0.457364
5179 40 59 0.317829 0.465116
5180 40 60 0.317829 0.472868
5181 40 61 0.317829 0.48062
5182 40 62 0.317829 0.488372
5183 40 63 0.317829 0.496124
5184 40 64 0.317829 0.503876
5185 40 65 0.317829 0.511628
5186 40 66 0.317829 0.51938
5187 40 67 0.317829 0.527132
5188 40 68 0.317829 0.534884
5189 40 69 0.317829 0.542636
5190 40 70 0.317829 0.550388
5191 40 71 0.317829 0.55814
5192 40 72 0.317829 0.565891
5193 40 73 0.317829 0.573643
5194 40 74 0.317829 0.581395
5195 40 75 0.317829 0.589147
5196 40 76 0.317829 0.596899
5197 40 77 0.317829 0.604651
5198 40 78 0.317829 0.612403
5199 40 79 0.317829 0.620155
5200 40 80 0.317829 0.627907
5201 40 81 0.317829 0.635659
5202 40 82 0.317829 0.643411
5203 40 83 0.317829 0.651163
5204 40 84 0.317829 0.658915
5205 40 85 0.317829 0.666667
5206 40 86 0.317829 0.674419
5207 40 87 0.317829 0.682171
5208 40 88 0.317829 0.689922
5209 40 89 0.317829 0.697674
5210 40 90 0.317829 0.705426
5211 40 91 0.317829 0.713178
5212 40 92 0.317829 0.72093
5213 40 93 0.317829 0.728682
5214 40 94 0.317829 0.736434
5215 40 95 0.317829 0.744186
5216 40 96 0.317829 0.751938
5217 40 97 0.317829 0.75969
5218 40 98 0.317829 0.767442
5219 40 99 0.317829 0.775194
5220 40 100 0.317829 0.782946
5221 40 101 0.317829 0.790698
5222 40 102 0.317829 0.79845
5223 40 103 0.317829 0.806202
5224 40 104 0.317829 0.813953
5225 40 105 0.317829 0.821705
5226 40 106 0.317829 0.829457
5227 40 107 0.317829 0.837209
5228 40 108 0.317829 0.844961
5229 40 109 0.317829 0.852713
5230 40 110 0.317829 0.860465
5231 40 111 0.317829 0.868217
5232 40 112 0.317829 0.875969
5233 40 113 0.317829 0.883721
5234 40 114 0.317829 0.891473
5235 40 115 0.317829 0.899225
5236 40 116 0.317829 0.906977
5237 40 117 0.317829 0.914729
5238 40 118 0.317829 0.922481
5239 40 119 0.317829 0.930233
5240 40 120 0.317829 0.937984
5241 40 121 0.317829 0.945736
5242 40 122 0.317829 0.953488
5243 40 123 0.317829 0.96124
5244 40 124 0.317829 0.968992
5245 40 125 0.317829 0.976744
5246 40 126 0.317829 0.984496
5247 40 127 0.317829 0.992248
5248 41 0 0.325581 0.00775194
5249 41 1 0.325581 0.0155039
5250 41 2 0.325581 0.0232558
5251 41 3 0.325581 0.0310078
5252 41 4 0.325581 0.0387597
5253 41 5 0.325581 0.0465116
5254 41 6 0.325581 0.0542636
5255 41 7 0.325581 0.0620155
5256 41 8 0.325581 0.0697674
5257 41 9 0.325581 0.0775194
5258 41 10 0.325581 0.0852713
5259 41 11 0.325581 0.0930233
5260 41 12 0.325581 0.100775
5261 41 13 0.325581 0.108527
5262 41 14 0.325581 0.116279
5263 41 15 0.325581 0.124031
5264 41 16 0.325581 0.131783
5265 41 17 0.325581 0.139535
5266 41 18 0.325581 0.147287
5267 41 19 0.325581 0.155039
5268 41 20 0.325581 0.162791
5269 41 21 0.325581 0.170543
5270 41 22 0.325581 0.178295
5271 41 23 0.325581 0.186047
5272 41 24 0.325581 0.193798
5273 41 25 0.325581 0.20155
5274 41 26 0.325581 0.209302
5275 41 27 0.325581 0.217054
5276 41 28 0.325581 0.224806
5277 41 29 0.325581 0.232558
5278 41 30 0.325581 0.24031
5279 41 31 0.325581 0.248062
5280 41 32 0.325581 0.255814
5281 41 33 0.325581 0.263566
5282 41 34 0.325581 0.271318
5283 41 35 0.325581 0.27907
5284 41 36 0.325581 0.286822
5285 41 37 0.325581 0.294574
5286 41 38 0.325581 0.302326
5287 41 39 0.325581 0.310078
5288 41 40 0.325581 0.317829
5289 41 41 0.325581 0.325581
5290 41 42 0.325581 0.333333
5291 41 43 0.325581 0.341085
5292 41 44 0.325581 0.348837
5293 41 45 0.325581 0.356589
5294 41 46 0.325581 0.364341
5295 41 47 0.325581 0.372093
5296 41 48 0.325581 0.379845
5297 41 49 0.325581 0.387597
5298 41 50 0.325581 0.395349
5299 41 51 0.325581 0.403101
5300 41 52 0.325581 0.410853
5301 41 53 0.325581 0.418605
5302 41 54 0.325581 0.426357
5303 41 55 0.325581 0.434109
5304 41 56 0.325581 0.44186
5305 41 57 0.325581 0.449612
5306 41 58 0.325581 0.457364
5307 41 59 0.325581 0.465116
5308 41 60 0.325581 0.472868
5309 41 61 0.325581 0.48062
5310 41 62 0.325581 0.488372
5311 41 63 0.325581 0.496124
5312 41 64 0.325581 0.503876
5313 41 65 0.325581 0.511628
5314 41 66 0.325581 0.51938
5315 41 67 0.325581 0.527132
5316 41 68 0.325581 0.534884
5317 41 69 0.325581 0.542636
5318 41 70 0.325581 0.550388
5319 41 71 0.325581 0.55814
5320 41 72 0.325581 0.565891
5321 41 73 0.325581 0.573643
5322 41 74 0.325581 0.581395
5323 41 75 0.325581 0.589147
5324 41 76 0.325581 0.596899
5325 41 77 0.325581 0.604651
5326 41 78 0.325581 0.612403
5327 41 79 0.325581 0.620155
5328 41 80 0.325581 0.627907
5329 41 81 0.325581 0.635659
5330 41 82 0.325581 0.643411
5331 41 83 0.325581 0.651163
5332 41 84 0.325581 0.658915
5333 41 85 0.325581 0.666667
5334 41 86 0.325581 0.674419
5335 41 87 0.325581 0.682171
5336 41 88 0.325581 0.689922
5337 41 89 0.325581 0.697674
5338 41 90 0.325581 0.705426
5339 41 91 0.325581 0.713178
5340 41 92 0.325581 0.72093
5341 41 93 0.325581 0.728682
5342 41 94 0.325581 0.736434
5343 41 95 0.325581 0.744186
5344 41 96 0.325581 0.751938
5345 41 97 0.325581 0.75969
5346 41 98 0.325581 0.767442
5347 41 99 0.325581 0.775194
5348 41 100 0.325581 0.782946
5349 41 101 0.325581 0.790698
5350 41 102 0.325581 0.79845
5351 41 103 0.325581 0.806202
5352 41 104 0.325581 0.813953
5353 41 105 0.325581 0.821705
5354 41 106 0.325581 0.829457
5355 41 107 0.325581 0.837209
5356 41 108 0.325581 0.844961
5357 41 109 0.325581 0.852713
5358 41 110 0.325581 0.860465
5359 41 111 0.325581 0.868217
5360 41 112 0.325581 0.875969
5361 41 113 0.325581 0.883721
5362 41 114 0.325581 0.891473
5363 41 115 0.325581 0.899225
5364 41 116 0.325581 0.906977
5365 41 117 0.325581 0.914729
5366 41 118 0.325581 0.922481
5367 41 119 0.325581 0.930233
5368 41 120 0.325581 0.937984
5369 41 121 0.325581 0.945736
5370 41 122 0.325581 0.953488
5371 41 123 0.325581 0.96124
5372 41 124 0.325581 0.968992
5373 41 125 0.325581 0.976744
5374 41 126 0.325581 0.984496
5375 41 127 0.325581 0.992248
5376 42 0 0.333333 0.00775194
5377 42 1 0.333333 0.0155039
5378 42 2 0.333333 0.0232558
5379 42 3 0.333333 0.0310078
5380 42 4 0.333333 0.0387597
5381 42 5 0.333333 0.0465116
5382 42 6 0.333333 0.0542636
5383 42 7 0.333333 0.0620155
5384 42 8 0.333333 0.0697674
5385 42 9 0.333333 0.0775194
5386 42 10 0.333333 0.0852713
5387 42 11 0.333333 0.0930233
5388 42 12 0.333333 0.100775
5389 42 13 0.333333 0.108527
5390 42 14 0.333333 0.116279
5391 42 15 0.333333 0.124031
5392 42 16 0.333333 0.131783
5393 42 17 0.333333 0.139535
5394 42 18 0.333333 0.147287
5395 42 19 0.333333 0.155039
5396 42 20 0.333333 0.162791
5397 42 21 0.333333 0.170543
5398 42 22 0.333333 0.178295
5399 42 23 0.333333 0.186047
5400 42 24 0.333333 0.193798
5401 42 25 0.333333 0.20155
5402 42 26 0.333333 0.209302
5403 42 27 0.333333 0.217054
5404 42 28 0.333333 0.224806
5405 42 29 0.333333 0.232558
5406 42 30 0.333333 0.24031
5407 42 31 0.333333 0.248062
5408 42 32 0.333333 0.255814
5409 42 33 0.333333 0.263566
5410 42 34 0.333333 0.271318
5411 42 35 0.333333 0.27907
5412 42 36 0.333333 0.286822
5413 42 37 0.333333 0.294574
5414 42 38 0.333333 0.302326
5415 42 39 0.333333 0.310078
5416 42 40 0.333333 0.317829
5417 42 41 0.333333 0.325581
5418 42 42 0.333333 0.333333
5419 42 43 0.333333 0.341085
5420 42 44 0.333333 0.348837
5421 42 45 0.333333 0.356589
5422 42 46 0.333333 0.364341
5423 42 47 0.333333 0.372093
5424 42 48 0.333333 0.379845
5425 42 49 0.333333 0.387597
5426 42 50 0.333333 0.395349
5427 42 51 0.333333 0.403101
5428 42 52 0.333333 0.410853
5429 42 53 0.333333 0.418605
5430 42 54 0.333333 0.426357
5431 42 55 0.333333 0.434109
5432 42 56 0.333333 0.44186
5433 42 57 0.333333 0.449612
5434 42 58 0.333333 0.457364
5435 42 59 0.333333 0.465116
5436 42 60 0.333333 0.472868
5437 42 61 0.333333 0.48062
5438 42 62 0.333333 0.488372
5439 42 63 0.333333 0.496124
5440 42 64 0.333333 0.503876
5441 42 65 0.333333 0.511628
5442 42 66 0.333333 0.51938
5443 42 67 0.333333 0.527132
5444 42 68 0.333333 0.534884
5445 42 69 0.333333 0.542636
5446 42 70 0.333333 0.550388
5447 42 71 0.333333 0.55814
5448 42 72 0.333333 0.565891
5449 42 73 0.333333 0.573643
5450 42 74 0.333333 0.581395
5451 42 75 0.333333 0.589147
5452 42 76 0.333333 0.596899
5453 42 77 0.333333 0.604651
5454 42 78 0.333333 0.612403
5455 42 79 0.333333 0.620155
5456 42 80 0.333333 0.627907
5457 42 81 0.333333 0.635659
5458 42 82 0.333333 0.643411
5459 42 83 0.333333 0.651163
5460 42 84 0.333333 0.658915
5461 42 85 0.333333 0.666667
5462 42 86 0.333333 0.674419
5463 42 87 0.333333 0.682171
5464 42 88 0.333333 0.689922
5465 42 89 0.333333 0.697674
5466 42 90 0.333333 0.705426
5467 42 91 0.333333 0.713178
5468 42 92 0.333333 0.72093
5469 42 93 0.333333 0.728682
5470 42 94 0.333333 0.736434
5471 42 95 0.333333 0.744186
5472 42 96 0.333333 0.751938
5473 42 97 0.333333 0.75969
5474 42 98 0.333333 0.767442
5475 42 99 0.333333 0.775194
5476 42 100 0.333333 0.782946
5477 42 101 0.333333 0.790698
5478 42 102 0.333333 0.79845
5479 42 103 0.333333 0.806202
5480 42 104 0.333333 0.813953
5481 42 105 0.333333 0.821705
5482 42 106 0.333333 0.829457
5483 42 107 0.333333 0.837209
5484 42 108 0.333333 0.844961
5485 42 109 0.333333 0.852713
5486 42 110 0.333333 0.860465
5487 42 111 0.333333 0.868217
5488 42 112 0.333333 0.875969
5489 42 113 0.333333 0.883721
5490 42 114 0.333333 0.891473
5491 42 115 0.333333 0.899225
5492 42 116 0.333333 0.906977
5493 42 117 0.333333 0.914729
5494 42 118 0.333333 0.922481
5495 42 119 0.333333 0.930233
5496 42 120 0.333333 0.937984
5497 42 121 0.333333 0.945736
5498 42 122 0.333333 0.953488
5499 42 123 0.333333 0.96124
5500 42 124 0.333333 0.968992
5501 42 125 0.333333 0.976744
5502 42 126 0.333333 0.984496
5503 42 127 0.333333 0.992248
5504 43 0 0.341085 0.00775194
5505 43 1 0.341085 0.0155039
5506 43 2 0.341085 0.0232558
5507 43 3 0.341085 0.0310078
5508 43 4 0.341085 0.0387597
5509 43 5 0.341085 0.0465116
5510 43 6 0.341085 0.0542636
5511 43 7 0.341085 0.0620155
5512 43 8 0.341085 0.0697674
5513 43 9 0.341085 0.0775194
5514 43 10 0.341085 0.0852713
5515 43 11 0.341085 0.0930233
5516 43 12 0.341085 0.100775
5517 43 13 0.341085 0.108527
5518 43 14 0.341085 0.116279
5519 43 15 0.341085 0.124031
5520 43 16 0.341085 0.131783
5521 43 17 0.341085 0.139535
5522 43 18 0.341085 0.147287
5523 43 19 0.341085 0.155039
5524 43 20 0.341085 0.162791
5525 43 21 0.341085 0.170543
5526 43 22 0.341085 0.178295
5527 43 23 0.341085 0.186047
5528 43 24 0.341085 0.193798
5529 43 25 0.341085 0.20155
5530 43 26 0.341085 0.209302
5531 43 27 0.341085 0.217054
5532 43 28 0.341085 0.224806
5533 43 29 0.341085 0.232558
5534 43 30 0.341085 0.24031
5535 43 31 0.341085 0.248062
5536 43 32 0.341085 0.255814
5537 43 33 0.341085 0.263566
5538 43 34 0.341085 0.271318
5539 43 35 0.341085 0.27907
5540 43 36 0.341085 0.286822
5541 43 37 0.341085 0.294574
5542 43 38 0.341085 0.302326
5543 43 39 0.341085 0.310078
5544 43 40 0.341085 0.317829
5545 43 41 0.341085 0.325581
5546 43 42 0.341085 0.333333
5547 43 43 0.341085 0.341085
5548 43 44 0.341085 0.348837
5549 43 45 0.341085 0.356589
5550 43 46 0.341085 0.364341
5551 43 47 0.341085 0.372093
5552 43 48 0.341085 0.379845
5553 43 49 0.341085 0.387597
5554 43 50 0.341085 0.395349
5555 43 51 0.341085 0.403101
5556 43 52 0.341085 0.410853
5557 43 53 0.341085 0.418605
5558 43 54 0.341085 0.426357
5559 43 55 0.341085 0.434109
5560 43 56 0.341085 0.44186
5561 43 57 0.341085 0.449612
5562 43 58 0.341085 0.457364
5563 43 59 0.341085 0.465116
5564 43 60 0.341085 0.472868
5565 43 61 0.341085 0.48062
5566 43 62 0.341085 0.488372
5567 43 63 0.341085 0.496124
5568 43 64 0.341085 0.503876
5569 43 65 0.341085 0.511628
5570 43 66 0.341085 0.51938
5571 43 67 0.341085 0.527132
5572 43 68 0.341085 0.534884
5573 43 69 0.341085 0.542636
5574 43 70 0.341085 0.550388
5575 43 71 0.341085 0.55814
5576 43 72 0.341085 0.565891
5577 43 73 0.341085 0.573643
5578 43 74 0.341085 0.581395
5579 43 75 0.341085 0.589147
5580 43 76 0.341085 0.596899
5581 43 77 0.341085 0.604651
5582 43 78 0.341085 0.612403
5583 43 79 0.341085 0.620155
5584 43 80 0.341085 0.627907
5585 43 81 0.341085 0.635659
5586 43 82 0.341085 0.643411
5587 43 83 0.341085 0.651163
5588 43 84 0.341085 0.658915
5589 43 85 0.341085 0.666667
5590 43 86 0.341085 0.674419
5591 43 87 0.341085 0.682171
5592 43 88 0.341085 0.689922
5593 43 89 0.341085 0.697674
5594 43 90 0.341085 0.705426
5595 43 91 0.341085 0.713178
5596 43 92 0.341085 0.72093
5597 43 93 0.341085 0.728682
5598 43 94 0.341085 0.736434
5599 43 95 0.341085 0.744186
5600 43 96 0.341085 0.751938
5601 43 97 0.341085 0.75969
5602 43 98 0.341085 0.767442
5603 43 99 0.341085 0.775194
5604 43 100 0.341085 0.782946
5605 43 101 0.341085 0.790698
5606 43 102 0.341085 0.79845
5607 43 103 0.341085 0.806202
5608 43 104 0.341085 0.813953
5609 43 105 0.341085 0.821705
5610 43 106 0.341085 0.829457
5611 43 107 0.341085 0.837209
5612 43 108 0.341085 0.844961
5613 43 109 0.341085 0.852713
5614 43 110 0.341085 0.860465
5615 43 111 0.341085 0.868217
5616 43 112 0.341085 0.875969
5617 43 113 0.341085 0.883721
5618 43 114 0.341085 0.891473
5619 43 115 0.341085 0.899225
5620 43 116 0.341085 0.906977
5621 43 117 0.341085 0.914729
5622 43 118 0.341085 0.922481
5623 43 119 0.341085 0.930233
5624 43 120 0.341085 0.937984
5625 43 121 0.341085 0.945736
5626 43 122 0.341085 0.953488
5627 43 123 0.341085 0.96124
5628 43 124 0.341085 0.968992
5629 43 125 0.341085 0.976744
5630 43 126 0.341085 0.984496
5631 43 127 0.341085 0.992248
5632 44 0 0.348837 0.00775194
5633 44 1 0.348837 0.0155039
5634 44 2 0.348837 0.0232558
5635 44 3 0.348837 0.0310078
5636 44 4 0.348837 0.0387597
5637 44 5 0.348837 0.0465116
5638 44 6 0.348837 0.0542636
5639 44 7 0.348837 0.0620155
5640 44 8 0.348837 0.0697674
5641 44 9 0.348837 0.0775194
5642 44 10 0.348837 0.0852713
5643 44 11 0.348837 0.0930233
5644 44 12 0.348837 0.100775
5645 44 13 0.348837 0.108527
5646 44 14 0.348837 0.116279
5647 44 15 0.348837 0.124031
5648 44 16 0.348837 0.131783
5649 44 17 0.348837 0.139535
5650 44 18 0.348837 0.147287
5651 44 19 0.348837 0.155039
5652 44 20 0.348837 0.162791
5653 44 21 0.348837 0.170543
5654 44 22 0.348837 0.178295
5655 44 23 0.348837 0.186047
5656 44 24 0.348837 0.193798
5657 44 25 0.348837 0.20155
5658 44 26 0.348837 0.209302
5659 44 27 0.348837 0.217054
5660 44 28 0.348837 0.224806
5661 44 29 0.348837 0.232558
5662 44 30 0.348837 0.24031
5663 44 31 0.348837 0.248062
5664 44 32 0.348837 0.255814
5665 44 33 0.348837 0.263566
5666 44 34 0.348837 0.271318
5667 44 35 0.348837 0.27907
5668 44 36 0.348837 0.286822
5669 44 37 0.348837 0.294574
5670 44 38 0.348837 0.302326
5671 44 39 0.348837 0.310078
5672 44 40 0.348837 0.317829
5673 44 41 0.348837 0.325581
5674 44 42 0.348837 0.333333
5675 44 43 0.348837 0.341085
5676 44 44 0.348837 0.348837
5677 44 45 0.348837 0.356589
5678 44 46 0.348837 0.364341
5679 44 47 0.348837 0.372093
5680 44 48 0.348837 0.379845
5681 44 49 0.348837 0.387597
5682 44 50 0.348837 0.395349
5683 44 51 0.348837 0.403101
5684 44 52 0.348837 0.410853
5685 44 53 0.348837 0.418605
5686 44 54 0.348837 0.426357
5687 44 55 0.348837 0.434109
5688 44 56 0.348837 0.44186
5689 44 57 0.348837 0.449612
5690 44 58 0.348837 0.457364
5691 44 59 0.348837 0.465116
5692 44 60 0.348837 0.472868
5693 44 61 0.348837 0.48062
5694 44 62 0.348837 0.488372
5695 44 63 0.348837 0.496124
5696 44 64 0.348837 0.503876
5697 44 65 0.348837 0.511628
5698 44 66 0.348837 0.51938
5699 44 67 0.348837 0.527132
5700 44 68 0.348837 0.534884
5701 44 69 0.348837 0.542636
5702 44 70 0.348837 0.550388
5703 44 71 0.348837 0.55814
5704 44 72 0.348837 0.565891
5705 44 73 0.348837 0.573643
5706 44 74 0.348837 0.581395
5707 44 75 0.348837 0.589147
5708 44 76 0.348837 0.596899
5709 44 77 0.348837 0.604651
5710 44 78 0.348837 0.612403
5711 44 79 0.348837 0.620155
5712 44 80 0.348837 0.627907
5713 44 81 0.348837 0.635659
5714 44 82 0.348837 0.643411
5715 44 83 0.348837 0.651163
5716 44 84 0.348837 0.658915
5717 44 85 0.348837 0.666667
5718 44 86 0.348837 0.674419
5719 44 87 0.348837 0.682171
5720 44 88 0.348837 0.689922
5721 44 89 0.348837 0.697674
5722 44 90 0.348837 0.705426
5723 44 91 0.348837 0.713178
5724 44 92 0.348837 0.72093
5725 44 93 0.348837 0.728682
5726 44 94 0.348837 0.736434
5727 44 95 0.348837 0.744186
5728 44 96 0.348837 0.751938
5729 44 97 0.348837 0.75969
5730 44 98 0.348837 0.767442
5731 44 99 0.348837 0.775194
5732 44 100 0.348837 0.782946
5733 44 101 0.348837 0.790698
5734 44 102 0.348837 0.79845
5735 44 103 0.348837 0.806202
5736 44 104 0.348837 0.813953
5737 44 105 0.348837 0.821705
5738 44 106 0.348837 0.829457
5739 44 107 0.348837 0.837209
5740 44 108 0.348837 0.844961
5741 44 109 0.348837 0.852713
5742 44 110 0.348837 0.860465
5743 44 111 0.348837 0.868217
5744 44 112 0.348837 0.875969
5745 44 113 0.348837 0.883721
5746 44 114 0.348837 0.891473
5747 44 115 0.348837 0.899225
5748 44 116 0.348837 0.906977
5749 44 117 0.348837 0.914729
5750 44 118 0.348837 0.922481
5751 44 119 0.348837 0.930233
5752 44 120 0.348837 0.937984
5753 44 121 0.348837 0.945736
5754 44 122 0.348837 0.953488
5755 44 123 0.348837 0.96124
5756 44 124 0.348837 0.968992
5757 44 125 0.348837 0.976744
5758 44 126 0.348837 0.984496
5759 44 127 0.348837 0.992248
5760 45 0 0.356589 0.00775194
5761 45 1 0.356589 0.0155039
5762 45 2 0.356589 0.0232558
5763 45 3 0.356589 0.0310078
5764 45 4 0.356589 0.0387597
5765 45 5 0.356589 0.0465116
5766 45 6 0.356589 0.0542636
5767 45 7 0.356589 0.0620155
5768 45 8 0.356589 0.0697674
5769 45 9 0.356589 0.0775194
5770 45 10 0.356589 0.0852713
5771 45 11 0.356589 0.0930233
5772 45 12 0.356589 0.100775
5773 45 13 0.356589 0.108527
5774 45 14 0.356589 0.116279
5775 45 15 0.356589 0.124031
5776 45 16 0.356589 0.131783
5777 45 17 0.356589 0.139535
5778 45 18 0.356589 0.147287
5779 45 19 0.356589 0.155039
5780 45 20 0.356589 0.162791
5781 45 21 0.356589 0.170543
5782 45 22 0.356589 0.178295
5783 45 23 0.356589 0.186047
5784 45 24 0.356589 0.193798
5785 45 25 0.356589 0.20155
5786 45 26 0.356589 0.209302
5787 45 27 0.356589 0.217054
5788 45 28 0.356589 0.224806
5789 45 29 0.356589 0.232558
5790 45 30 0.356589 0.24031
5791 45 31 0.356589 0.248062
5792 45 32 0.356589 0.255814
5793 45 33 0.356589 0.263566
5794 45 34 0.356589 0.271318
5795 45 35 0.356589 0.27907
5796 45 36 0.356589 0.286822
5797 45 37 0.356589 0.294574
5798 45 38 0.356589 0.302326
5799 45 39 0.356589 0.310078
5800 45 40 0.356589 0.317829
5801 45 41 0.356589 0.325581
5802 45 42 0.356589 0.333333
5803 45 43 0.356589 0.341085
5804 45 44 0.356589 0.348837
5805 45 45 0.356589 0.356589
5806 45 46 0.356589 0.364341
5807 45 47 0.356589 0.372093
5808 45 48 0.356589 0.379845
5809 45 49 0.356589 0.387597
5810 45 50 0.356589 0.395349
5811 45 51 0.356589 0.403101
5812 45 52 0.356589 0.410853
5813 45 53 0.356589 0.418605
5814 45 54 0.356589 0.426357
5815 45 55 0.356589 0.434109
5816 45 56 0.356589 0.44186
5817 45 57 0.356589 0.449612
5818 45 58 0.356589 0.457364
5819 45 59 0.356589 0.465116
5820 45 60 0.356589 0.472868
5821 45 61 0.356589 0.48062
5822 45 62 0.356589 0.488372
5823 45 63 0.356589 0.496124
5824 45 64 0.356589 0.503876
5825 45 65 0.356589 0.511628
5826 45 66 0.356589 0.51938
5827 45 67 0.356589 0.527132
5828 45 68 0.356589 0.534884
5829 45 69 0.356589 0.542636
5830 45 70 0.356589 0.550388
5831 45 71 0.356589 0.55814
5832 45 72 0.356589 0.565891
5833 45 73 0.356589 0.573643
5834 45 74 0.356589 0.581395
5835 45 75 0.356589 0.589147
5836 45 76 0.356589 0.596899
5837 45 77 0.356589 0.604651
5838 45 78 0.356589 0.612403
5839 45 79 0.356589 0.620155
5840 45 80 0.356589 0.627907
5841 45 81 0.356589 0.635659
5842 45 82 0.356589 0.643411
5843 45 83 0.356589 0.651163
5844 45 84 0.356589 0.658915
5845 45 85 0.356589 0.666667
5846 45 86 0.356589 0.674419
5847 45 87 0.356589 0.682171
5848 45 88 0.356589 0.689922
5849 45 89 0.356589 0.697674
5850 45 90 0.356589 0.705426
5851 45 91 0.356589 0.713178
5852 45 92 0.356589 0.72093
5853 45 93 0.356589 0.728682
5854 45 94 0.356589 0.736434
5855 45 95 0.356589 0.744186
5856 45 96 0.356589 0.751938
5857 45 97 0.356589 0.75969
5858 45 98 0.356589 0.767442
5859 45 99 0.356589 0.775194
5860 45 100 0.356589 0.782946
5861 45 101 0.356589 0.790698
5862 45 102 0.356589 0.79845
5863 45 103 0.356589 0.806202
5864 45 104 0.356589 0.813953
5865 45 105 0.356589 0.821705
5866 45 106 0.356589 0.829457
5867 45 107 0.356589 0.837209
5868 45 108 0.356589 0.844961
5869 45 109 0.356589 0.852713
5870 45 110 0.356589 0.860465
5871 45 111 0.356589 0.868217
5872 45 112 0.356589 0.875969
5873 45 113 0.356589 0.883721
5874 45 114 0.356589 0.891473
5875 45 115 0.356589 0.899225
5876 45 116 0.356589 0.906977
5877 45 117 0.356589 0.914729
5878 45 118 0.356589 0.922481
5879 45 119 0.356589 0.930233
5880 45 120 0.356589 0.937984
5881 45 121 0.356589 0.945736
5882 45 122 0.356589 0.953488
5883 45 123 0.356589 0.96124
5884 45 124 0.356589 0.968992
5885 45 125 0.356589 0.976744
5886 45 126 0.356589 0.984496
5887 45 127 0.356589 0.992248
5888 46 0 0.364341 0.00775194
5889 46 1 0.364341 0.0155039
5890 46 2 0.364341 0.0232558
5891 46 3 0.364341 0.0310078
5892 46 4 0.364341 0.0387597
5893 46 5 0.364341 0.0465116
5894 46 6 0.364341 0.0542636
5895 46 7 0.364341 0.0620155
5896 46 8 0.364341 0.0697674
5897 46 9 0.364341 0.0775194
5898 46 10 0.364341 0.0852713
5899 46 11 0.364341 0.0930233
5900 46 12 0.364341 0.100775
5901 46 13 0.364341 0.108527
5902 46 14 0.364341 0.116279
5903 46 15 0.364341 0.124031
5904 46 16 0.364341 0.131783
5905 46 17 0.364341 0.139535
5906 46 18 0.364341 0.147287
5907 46 19 0.364341 0.155039
5908 46 20 0.364341 0.162791
5909 46 21 0.364341 0.170543
5910 46 22 0.364341 0.178295
5911 46 23 0.364341 0.186047
5912 46 24 0.364341 0.193798
5913 46 25 0.364341 0.20155
5914 46 26 0.364341 0.209302
5915 46 27 0.364341 0.217054
5916 46 28 0.364341 0.224806
5917 46 29 0.364341 0.232558
5918 46 30 0.364341 0.24031
5919 46 31 0.364341 0.248062
5920 46 32 0.364341 0.255814
5921 46 33 0.364341 0.263566
5922 46 34 0.364341 0.271318
5923 46 35 0.364341 0.27907
5924 46 36 0.364341 0.286822
5925 46 37 0.364341 0.294574
5926 46 38 0.364341 0.302326
5927 46 39 0.364341 0.310078
5928 46 40 0.364341 0.317829
5929 46 41 0.364341 0.325581
5930 46 42 0.364341 0.333333
5931 46 43 0.364341 0.341085
5932 46 44 0.364341 0.348837
5933 46 45 0.364341 0.356589
5934 46 46 0.364341 0.364341
5935 46 47 0.364341 0.372093
5936 46 48 0.364341 0.379845
5937 46 49 0.364341 0.387597
5938 46 50 0.364341 0.395349
5939 46 51 0.364341 0.403101
5940 46 52 0.364341 0.410853
5941 46 53 0.364341 0.418605
5942 46 54 0.364341 0.426357
5943 46 55 0.364341 0.434109
5944 46 56 0.364341 0.44186
5945 46 57 0.364341 0.449612
5946 46 58 0.364341 0.457364
5947 46 59 0.364341 0.465116
5948 46 60 0.364341 0.472868
5949 46 61 0.364341 0.48062
5950 46 62 0.364341 0.488372
5951 46 63 0.364341 0.496124
5952 46 64 0.364341 0.503876
5953 46 65 0.364341 0.511628
5954 46 66 0.364341 0.51938
5955 46 67 0.364341 0.527132
5956 46 68 0.364341 0.534884
5957 46 69 0.364341 0.542636
5958 46 70 0.364341 0.550388
5959 46 71 0.364341 0.55814
5960 46 72 0.364341 0.565891
5961 46 73 0.364341 0.573643
5962 46 74 0.364341 0.581395
5963 46 75 0.364341 0.589147
5964 46 76 0.364341 0.596899
5965 46 77 0.364341 0.604651
5966 46 78 0.364341 0.612403
5967 46 79 0.364341 0.620155
5968 46 80 0.364341 0.627907
5969 46 81 0.364341 0.635659
5970 46 82 0.364341 0.643411
5971 46 83 0.364341 0.651163
5972 46 84 0.364341 0.658915
5973 46 85 0.364341 0.666667
5974 46 86 0.364341 0.674419
5975 46 87 0.364341 0.682171
5976 46 88 0.364341 0.689922
5977 46 89 0.364341 0.697674
5978 46 90 0.364341 0.705426
5979 46 91 0.364341 0.713178
5980 46 92 0.364341 0.72093
5981 46 93 0.364341 0.728682
5982 46 94 0.364341 0.736434
5983 46 95 0.364341 0.744186
5984 46 96 0.364341 0.751938
5985 46 97 0.364341 0.75969
5986 46 98 0.364341 0.767442
5987 46 99 0.364341 0.775194
5988 46 100 0.364341 0.782946
5989 46 101 0.364341 0.790698
5990 46 102 0.364341 0.79845
5991 46 103 0.364341 0.806202
5992 46 104 0.364341 0.813953
5993 46 105 0.364341 0.821705
5994 46 106 0.364341 0.829457
5995 46 107 0.364341 0.837209
5996 46 108 0.364341 0.844961
5997 46 109 0.364341 0.852713
5998 46 110 0.364341 0.860465
5999 46 111 0.364341 0.868217
6000 46 112 0.364341 0.875969
6001 46 113 0.364341 0.883721
6002 46 114 0.364341 0.891473
6003 46 115 0.364341 0.899225
6004 46 116 0.364341 0.906977
6005 46 117 0.364341 0.914729
6006 46 118 0.364341 0.922481
6007 46 119 0.364341 0.930233
6008 46 120 0.364341 0.937984
6009 46 121 0.364341 0.945736
6010 46 122 0.364341 0.953488
6011 46 123 0.364341 0.96124
6012 46 124 0.364341 0.968992
6013 46 125 0.364341 0.976744
6014 46 126 0.364341 0.984496
6015 46 127 0.364341 0.992248
6016 47 0 0.372093 0.00775194
6017 47 1 0.372093 0.0155039
6018 47 2 0.372093 0.0232558
6019 47 3 0.372093 0.0310078
6020 47 4 0.372093 0.0387597
6021 47 5 0.372093 0.0465116
6022 47 6 0.372093 0.0542636
6023 47 7 0.372093 0.0620155
6024 47 8 0.372093 0.0697674
6025 47 9 0.372093 0.0775194
6026 47 10 0.372093 0.0852713
6027 47 11 0.372093 0.0930233
6028 47 12 0.372093 0.100775
6029 47 13 0.372093 0.108527
6030 47 14 0.372093 0.116279
6031 47 15 0.372093 0.124031
6032 47 16 0.372093 0.131783
6033 47 17 0.372093 0.139535
6034 47 18 0.372093 0.147287
6035 47 19 0.372093 0.155039
6036 47 20 0.372093 0.162791
6037 47 21 0.372093 0.170543
6038 47 22 0.372093 0.178295
6039 47 23 0.372093 0.186047
6040 47 24 0.372093 0.193798
6041 47 25 0.372093 0.20155
6042 47 26 0.372093 0.209302
6043 47 27 0.372093 0.217054
6044 47 28 0.372093 0.224806
6045 47 29 0.372093 0.232558
6046 47 30 0.372093 0.24031
6047 47 31 0.372093 0.248062
6048 47 32 0.372093 0.255814
6049 47 33 0.372093 0.263566
6050 47 34 0.372093 0.271318
6051 47 35 0.372093 0.27907
6052 47 36 0.372093 0.286822
6053 47 37 0.372093 0.294574
6054 47 38 0.372093 0.302326
6055 47 39 0.372093 0.310078
6056 47 40 0.372093 0.317829
6057 47 41 0.372093 0.325581
6058 47 42 0.372093 0.333333
6059 47 43 0.372093 0.341085
6060 47 44 0.372093 0.348837
6061 47 45 0.372093 0.356589
6062 47 46 0.372093 0.364341
6063 47 47 0.372093 0.372093
6064 47 48 0.372093 0.379845
6065 47 49 0.372093 0.387597
6066 47 50 0.372093 0.395349
6067 47 51 0.372093 0.403101
6068 47 52 0.372093 0.410853
6069 47 53 0.372093 0.418605
6070 47 54 0.372093 0.426357
6071 47 55 0.372093 0.434109
6072 47 56 0.372093 0.44186
6073 47 57 0.372093 0.449612
6074 47 58 0.372093 0.457364
6075 47 59 0.372093 0.465116
6076 47 60 0.372093 0.472868
6077 47 61 0.372093 0.48062
6078 47 62 0.372093 0.488372
6079 47 63 0.372093 0.496124
6080 47 64 0.372093 0.503876
6081 47 65 0.372093 0.511628
6082 47 66 0.372093 0.51938
6083 47 67 0.372093 0.527132
6084 47 68 0.372093 0.534884
6085 47 69 0.372093 0.542636
6086 47 70 0.372093 0.550388
6087 47 71 0.372093 0.55814
6088 47 72 0.372093 0.565891
6089 47 73 0.372093 0.573643
6090 47 74 0.372093 0.581395
6091 47 75 0.372093 0.589147
6092 47 76 0.372093 0.596899
6093 47 77 0.372093 0.604651
6094 47 78 0.372093 0.612403
6095 47 79 0.372093 0.620155
6096 47 80 0.372093 0.627907
6097 47 81 0.372093 0.635659
6098 47 82 0.372093 0.643411
6099 47 83 0.372093 0.651163
6100 47 84 0.372093 0.658915
6101 47 85 0.372093 0.666667
6102 47 86 0.372093 0.674419
6103 47 87 0.372093 0.682171
6104 47 88 0.372093 0.689922
6105 47 89 0.372093 0.697674
6106 47 90 0.372093 0.705426
6107 47 91 0.372093 0.713178
6108 47 92 0.372093 0.72093
6109 47 93 0.372093 0.728682
6110 47 94 0.372093 0.736434
6111 47 95 0.372093 0.744186
6112 47 96 0.372093 0.751938
6113 47 97 0.372093 0.75969
6114 47 98 0.372093 0.767442
6115 47 99 0.372093 0.775194
6116 47 100 0.372093 0.782946
6117 47 101 0.372093 0.790698
6118 47 102 0.372093 0.79845
6119 47 103 0.372093 0.806202
6120 47 104 0.372093 0.813953
6121 47 105 0.372093 0.821705
6122 47 106 0.372093 0.829457
6123 47 107 0.372093 0.837209
6124 47 108 0.372093 0.844961
6125 47 109 0.372093 0.852713
6126 47 110 0.372093 0.860465
6127 47 111 0.372093 0.868217
6128 47 112 0.372093 0.875969
6129 47 113 0.372093 0.883721
6130 47 114 0.372093 0.891473
6131 47 115 0.372093 0.899225
6132 47 116 0.372093 0.906977
6133 47 117 0.372093 0.914729
6134 47 118 0.372093 0.922481
6135 47 119 0.372093 0.930233
6136 47 120 0.372093 0.937984
6137 47 121 0.372093 0.945736
6138 47 122 0.372093 0.953488
6139 47 123 0.372093 0.96124
6140 47 124 0.372093 0.968992
6141 47 125 0.372093 0.976744
6142 47 126 0.372093 0.984496
6143 47 127 0.372093 0.992248
6144 48 0 0.379845 0.00775194
6145 48 1 0.379845 0.0155039
6146 48 2 0.379845 0.0232558
6147 48 3 0.379845 0.0310078
6148 48 4 0.379845 0.0387597
6149 48 5 0.379845 0.0465116
6150 48 6 0.379845 0.0542636
6151 48 7 0.379845 0.0620155
6152 48 8 0.379845 0.0697674
6153 48 9 0.379845 0.0775194
6154 48 10 0.379845 0.0852713
6155 48 11 0.379845 0.0930233
6156 48 12 0.379845 0.100775
6157 48 13 0.379845 0.108527
6158 48 14 0.379845 0.116279
6159 48 15 0.379845 0.124031
6160 48 16 0.379845 0.131783
6161 48 17 0.379845 0.139535
6162 48 18 0.379845 0.147287
6163 48 19 0.379845 0.155039
6164 48 20 0.379845 0.162791
6165 48 21 0.379845 0.170543
6166 48 22 0.379845 0.178295
6167 48 23 0.379845 0.186047
6168 48 24 0.379845 0.193798
6169 48 25 0.379845 0.20155
6170 48 26 0.379845 0.209302
6171 48 27 0.379845 0.217054
6172 48 28 0.379845 0.224806
6173 48 29 0.379845 0.232558
6174 48 30 0.379845 0.24031
6175 48 31 0.379845 0.248062
6176 48 32 0.379845 0.255814
6177 48 33 0.379845 0.263566
6178 48 34 0.379845 0.271318
6179 48 35 0.379845 0.27907
6180 48 36 0.379845 0.286822
6181 48 37 0.379845 0.294574
6182 48 38 0.379845 0.302326
6183 48 39 0.379845 0.310078
6184 48 40 0.379845 0.317829
6185 48 41 0.379845 0.325581
6186 48 42 0.379845 0.333333
6187 48 43 0.379845 0.341085
6188 48 44 0.379845 0.348837
6189 48 45 0.379845 0.356589
6190 48 46 0.379845 0.364341
6191 48 47 0.379845 0.372093
6192 48 48 0.379845 0.379845
6193 48 49 0.379845 0.387597
6194 48 50 0.379845 0.395349
6195 48 51 0.379845 0.403101
6196 48 52 0.379845 0.410853
6197 48 53 0.379845 0.418605
6198 48 54 0.379845 0.426357
6199 48 55 0.379845 0.434109
6200 48 56 0.379845 0.44186
6201 48 57 0.379845 0.449612
6202 48 58 0.379845 0.457364
6203 48 59 0.379845 0.465116
6204 48 60 0.379845 0.472868
6205 48 61 0.379845 0.48062
6206 48 62 0.379845 0.488372
6207 48 63 0.379845 0.496124
6208 48 64 0.379845 0.503876
6209 48 65 0.379845 0.511628
6210 48 66 0.379845 0.51938
6211 48 67 0.379845 0.527132
6212 48 68 0.379845 0.534884
6213 48 69 0.379845 0.542636
6214 48 70 0.379845 0.550388
6215 48 71 0.379845 0.55814
6216 48 72 0.379845 0.565891
6217 48 73 0.379845 0.573643
6218 48 74 0.379845 0.581395
6219 48 75 0.379845 0.589147
6220 48 76 0.379845 0.596899
6221 48 77 0.379845 0.604651
6222 48 78 0.379845 0.612403
6223 48 79 0.379845 0.620155
6224 48 80 0.379845 0.627907
6225 48 81 0.379845 0.635659
6226 48 82 0.379845 0.643411
6227 48 83 0.379845 0.651163
6228 48 84 0.379845 0.658915
6229 48 85 0.379845 0.666667
6230 48 86 0.379845 0.674419
6231 48 87 0.379845 0.682171
6232 48 88 0.379845 0.689922
6233 48 89 0.379845 0.697674
6234 48 90 0.379845 0.705426
6235 48 91 0.379845 0.713178
6236 48 92 0.379845 0.72093
6237 48 93 0.379845 0.728682
6238 48 94 0.379845 0.736434
6239 48 95 0.379845 0.744186
6240 48 96 0.379845 0.751938
6241 48 97 0.379845 0.75969
6242 48 98 0.379845 0.767442
6243 48 99 0.379845 0.775194
6244 48 100 0.379845 0.782946
6245 48 101 0.379845 0.790698
6246 48 102 0.379845 0.79845
6247 48 103 0.379845 0.806202
6248 48 104 0.379845 0.813953
6249 48 105 0.379845 0.821705
6250 48 106 0.379845 0.829457
6251 48 107 0.379845 0.837209
6252 48 108 0.379845 0.844961
6253 48 109 0.379845 0.852713
6254 48 110 0.379845 0.860465
6255 48 111 0.379845 0.868217
6256 48 112 0.379845 0.875969
6257 48 113 0.379845 0.883721
6258 48 114 0.379845 0.891473
6259 48 115 0.379845 0.899225
6260 48 116 0.379845 0.906977
6261 48 117 0.379845 0.914729
6262 48 118 0.379845 0.922481
6263 48 119 0.379845 0.930233
6264 48 120 0.379845 0.937984
6265 48 121 0.379845 0.945736
6266 48 122 0.379845 0.953488
6267 48 123 0.379845 0.96124
6268 48 124 0.379845 0.968992
6269 48 125 0.379845 0.976744
6270 48 126 0.379845 0.984496
6271 48 127 0.379845 0.992248
6272 49 0 0.387597 0.00775194
6273 49 1 0.387597 0.0155039
6274 49 2 0.387597 0.0232558
6275 49 3 0.387597 0.0310078
6276 49 4 0.387597 0.0387597
6277 49 5 0.387597 0.0465116
6278 49 6 0.387597 0.0542636
6279 49 7 0.387597 0.0620155
6280 49 8 0.387597 0.0697674
6281 49 9 0.387597 0.0775194
6282 49 10 0.387597 0.0852713
6283 49 11 0.387597 0.0930233
6284 49 12 0.387597 0.100775
6285 49 13 0.387597 0.108527
6286 49 14 0.387597 0.116279
6287 49 15 0.387597 0.124031
6288 49 16 0.387597 0.131783
6289 49 17 0.387597 0.139535
6290 49 18 0.387597 0.147287
6291 49 19 0.387597 0.155039
6292 49 20 0.387597 0.162791
6293 49 21 0.387597 0.170543
6294 49 22 0.387597 0.178295
6295 49 23 0.387597 0.186047
6296 49 24 0.387597 0.193798
6297 49 25 0.387597 0.20155
6298 49 26 0.387597 0.209302
6299 49 27 0.387597 0.217054
6300 49 28 0.387597 0.224806
6301 49 29 0.387597 0.232558
6302 49 30 0.387597 0.24031
6303 49 31 0.387597 0.248062
6304 49 32 0.387597 0.255814
6305 49 33 0.387597 0.263566
6306 49 34 0.387597 0.271318
6307 49 35 0.387597 0.27907
6308 49 36 0.387597 0.286822
6309 49 37 0.387597 0.294574
6310 49 38 0.387597 0.302326
6311 49 39 0.387597 0.310078
6312 49 40 0.387597 0.317829
6313 49 41 0.387597 0.325581
6314 49 42 0.387597 0.333333
6315 49 43 0.387597 0.341085
6316 49 44 0.387597 0.348837
6317 49 45 0.387597 0.356589
6318 49 46 0.387597 0.364341
6319 49 47 0.387597 0.372093
6320 49 48 0.387597 0.379845
6321 49 49 0.387597 0.387597
6322 49 50 0.387597 0.395349
6323 49 51 0.387597 0.403101
6324 49 52 0.387597 0.410853
6325 49 53 0.387597 0.418605
6326 49 54 0.387597 0.426357
6327 49 55 0.387597 0.434109
6328 49 56 0.387597 0.44186
6329 49 57 0.387597 0.449612
6330 49 58 0.387597 0.457364
6331 49 59 0.387597 0.465116
6332 49 60 0.387597 0.472868
6333 49 61 0.387597 0.48062
6334 49 62 0.387597 0.488372
6335 49 63 0.387597 0.496124
6336 49 64 0.387597 0.503876
6337 49 65 0.387597 0.511628
6338 49 66 0.387597 0.51938
6339 49 67 0.387597 0.527132
6340 49 68 0.387597 0.534884
6341 49 69 0.387597 0.542636
6342 49 70 0.387597 0.550388
6343 49 71 0.387597 0.55814
6344 49 72 0.387597 0.565891
6345 49 73 0.387597 0.573643
6346 49 74 0.387597 0.581395
6347 49 75 0.387597 0.589147
6348 49 76 0.387597 0.596899
6349 49 77 0.387597 0.604651
6350 49 78 0.387597 0.612403
6351 49 79 0.387597 0.620155
6352 49 80 0.387597 0.627907
6353 49 81 0.387597 0.635659
6354 49 82 0.387597 0.643411
6355 49 83 0.387597 0.651163
6356 49 84 0.387597 0.658915
6357 49 85 0.387597 0.666667
6358 49 86 0.387597 0.674419
6359 49 87 0.387597 0.682171
6360 49 88 0.387597 0.689922
6361 49 89 0.387597 0.697674
6362 49 90 0.387597 0.705426
6363 49 91 0.387597 0.713178
6364 49 92 0.387597 0.72093
6365 49 93 0.387597 0.728682
6366 49 94 0.387597 0.736434
6367 49 95 0.387597 0.744186
6368 49 96 0.387597 0.751938
6369 49 97 0.387597 0.75969
6370 49 98 0.387597 0.767442
6371 49 99 0.387597 0.775194
6372 49 100 0.387597 0.782946
6373 49 101 0.387597 0.790698
6374 49 102 0.387597 0.79845
6375 49 103 0.387597 0.806202
6376 49 104 0.387597 0.813953
6377 49 105 0.387597 0.821705
6378 49 106 0.387597 0.829457
6379 49 107 0.387597 0.837209
6380 49 108 0.387597 0.844961
6381 49 109 0.387597 0.852713
6382 49 110 0.387597 0.860465
6383 49 111 0.387597 0.868217
6384 49 112 0.387597 0.875969
6385 49 113 0.387597 0.883721
6386 49 114 0.387597 0.891473
6387 49 115 0.387597 0.899225
6388 49 116 0.387597 0.906977
6389 49 117 0.387597 0.914729
6390 49 118 0.387597 0.922481
6391 49 119 0.387597 0.930233
6392 49 120 0.387597 0.937984
6393 49 121 0.387597 0.945736
6394 49 122 0.387597 0.953488
6395 49 123 0.387597 0.96124
6396 49 124 0.387597 0.968992
6397 49 125 0.387597 0.976744
6398 49 126 0.387597 0.984496
6399 49 127 0.387597 0.992248
6400 50 0 0.395349 0.00775194
6401 50 1 0.395349 0.0155039
6402 50 2 0.395349 0.0232558
6403 50 3 0.395349 0.0310078
6404 50 4 0.395349 0.0387597
6405 50 5 0.395349 0.0465116
6406 50 6 0.395349 0.0542636
6407 50 7 0.395349 0.0620155
6408 50 8 0.395349 0.0697674
6409 50 9 0.395349 0.0775194
6410 50 10 0.395349 0.0852713
6411 50 11 0.395349 0.0930233
6412 50 12 0.395349 0.100775
6413 50 13 0.395349 0.108527
6414 50 14 0.395349 0.116279
6415 50 15 0.395349 0.124031
6416 50 16 0.395349 0.131783
6417 50 17 0.395349 0.139535
6418 50 18 0.395349 0.147287
6419 50 19 0.395349 0.155039
6420 50 20 0.395349 0.162791
6421 50 21 0.395349 0.170543
6422 50 22 0.395349 0.178295
6423 50 23 0.395349 0.186047
6424 50 24 0.395349 0.193798
6425 50 25 0.395349 0.20155
6426 50 26 0.395349 0.209302
6427 50 27 0.395349 0.217054
6428 50 28 0.395349 0.224806
6429 50 29 0.395349 0.232558
6430 50 30 0.395349 0.24031
6431 50 31 0.395349 0.248062
6432 50 32 0.395349 0.255814
6433 50 33 0.395349 0.263566
6434 50 34 0.395349 0.271318
6435 50 35 0.395349 0.27907
6436 50 36 0.395349 0.286822
6437 50 37 0.395349 0.294574
6438 50 38 0.395349 0.302326
6439 50 39 0.395349 0.310078
6440 50 40 0.395349 0.317829
6441 50 41 0.395349 0.325581
6442 50 42 0.395349 0.333333
6443 50 43 0.395349 0.341085
6444 50 44 0.395349 0.348837
6445 50 45 0.395349 0.356589
6446 50 46 0.395349 0.364341
6447 50 47 0.395349 0.372093
6448 50 48 0.395349 0.379845
6449 50 49 0.395349 0.387597
6450 50 50 0.395349 0.395349
6451 50 51 0.395349 0.403101
6452 50 52 0.395349 0.410853
6453 50 53 0.395349 0.418605
6454 50 54 0.395349 0.426357
6455 50 55 0.395349 0.434109
6456 50 56 0.395349 0.44186
6457 50 57 0.395349 0.449612
6458 50 58 0.395349 0.457364
6459 50 59 0.395349 0.465116
6460 50 60 0.395349 0.472868
6461 50 61 0.395349 0.48062
6462 50 62 0.395349 0.488372
6463 50 63 0.395349 0.496124
6464 50 64 0.395349 0.503876
6465 50 65 0.395349 0.511628
6466 50 66 0.395349 0.51938
6467 50 67 0.395349 0.527132
6468 50 68 0.395349 0.534884
6469 50 69 0.395349 0.542636
6470 50 70 0.395349 0.550388
6471 50 71 0.395349 0.55814
6472 50 72 0.395349 0.565891
6473 50 73 0.395349 0.573643
6474 50 74 0.395349 0.581395
6475 50 75 0.395349 0.589147
6476 50 76 0.395349 0.596899
6477 50 77 0.395349 0.604651
6478 50 78 0.395349 0.612403
6479 50 79 0.395349 0.620155
6480 50 80 0.395349 0.627907
6481 50 81 0.395349 0.635659
6482 50 82 0.395349 0.643411
6483 50 83 0.395349 0.651163
6484 50 84 0.395349 0.658915
6485 50 85 0.395349 0.666667
6486 50 86 0.395349 0.674419
6487 50 87 0.395349 0.682171
6488 50 88 0.395349 0.689922
6489 50 89 0.395349 0.697674
6490 50 90 0.395349 0.705426
6491 50 91 0.395349 0.713178
6492 50 92 0.395349 0.72093
6493 50 93 0.395349 0.728682
6494 50 94 0.395349 0.736434
6495 50 95 0.395349 0.744186
6496 50 96 0.395349 0.751938
6497 50 97 0.395349 0.75969
6498 50 98 0.395349 0.767442
6499 50 99 0.395349 0.775194
6500 50 100 0.395349 0.782946
6501 50 101 0.395349 0.790698
6502 50 102 0.395349 0.79845
6503 50 103 0.395349 0.806202
6504 50 104 0.395349 0.813953
6505 50 105 0.395349 0.821705
6506 50 106 0.395349 0.829457
6507 50 107 0.395349 0.837209
6508 50 108 0.395349 0.844961
6509 50 109 0.395349 0.852713
6510 50 110 0.395349 0.860465
6511 50 111 0.395349 0.868217
6512 50 112 0.395349 0.875969
6513 50 113 0.395349 0.883721
6514 50 114 0.395349 0.891473
6515 50 115 0.395349 0.899225
6516 50 116 0.395349 0.906977
6517 50 117 0.395349 0.914729
6518 50 118 0.395349 0.922481
6519 50 119 0.395349 0.930233
6520 50 120 0.395349 0.937984
6521 50 121 0.395349 0.945736
6522 50 122 0.395349 0.953488
6523 50 123 0.395349 0.96124
6524 50 124 0.395349 0.968992
6525 50 125 0.395349 0.976744
6526 50 126 0.395349 0.984496
6527 50 127 0.395349 0.992248
6528 51 0 0.403101 0.00775194
6529 51 1 0.403101 0.0155039
6530 51 2 0.403101 0.0232558
6531 51 3 0.403101 0.0310078
6532 51 4 0.403101 0.0387597
6533 51 5 0.403101 0.0465116
6534 51 6 0.403101 0.0542636
6535 51 7 0.403101 0.0620155
6536 51 8 0.403101 0.0697674
6537 51 9 0.403101 0.0775194
6538 51 10 0.403101 0.0852713
6539 51 11 0.403101 0.0930233
6540 51 12 0.403101 0.100775
6541 51 13 0.403101 0.108527
6542 51 14 0.403101 0.116279
6543 51 15 0.403101 0.124031
6544 51 16 0.403101 0.131783
6545 51 17 0.403101 0.139535
6546 51 18 0.403101 0.147287
6547 51 19 0.403101 0.155039
6548 51 20 0.403101 0.162791
6549 51 21 0.403101 0.170543
6550 51 22 0.403101 0.178295
6551 51 23 0.403101 0.186047
6552 51 24 0.403101 0.193798
6553 51 25 0.403101 0.20155
6554 51 26 0.403101 0.209302
6555 51 27 0.403101 0.217054
6556 51 28 0.403101 0.224806
6557 51 29 0.403101 0.232558
6558 51 30 0.403101 0.24031
6559 51 31 0.403101 0.248062
6560 51 32 0.403101 0.255814
6561 51 33 0.403101 0.263566
6562 51 34 0.403101 0.271318
6563 51 35 0.403101 0.27907
6564 51 36 0.403101 0.286822
6565 51 37 0.403101 0.294574
6566 51 38 0.403101 0.302326
6567 51 39 0.403101 0.310078
6568 51 40 0.403101 0.317829
6569 51 41 0.403101 0.325581
6570 51 42 0.403101 0.333333
6571 51 43 0.403101 0.341085
6572 51 44 0.403101 0.348837
6573 51 45 0.403101 0.356589
6574 51 46 0.403101 0.364341
6575 51 47 0.403101 0.372093
6576 51 48 0.403101 0.379845
6577 51 49 0.403101 0.387597
6578 51 50 0.403101 0.395349
6579 51 51 0.403101 0.403101
6580 51 52 0.403101 0.410853
6581 51 53 0.403101 0.418605
6582 51 54 0.403101 0.426357
6583 51 55 0.403101 0.434109
6584 51 56 0.403101 0.44186
6585 51 57 0.403101 0.449612
6586 51 58 0.403101 0.457364
6587 51 59 0.403101 0.465116
6588 51 60 0.403101 0.472868
6589 51 61 0.403101 0.48062
6590 51 62 0.403101 0.488372
6591 51 63 0.403101 0.496124
6592 51 64 0.403101 0.503876
6593 51 65 0.403101 0.511628
6594 51 66 0.403101 0.51938
6595 51 67 0.403101 0.527132
6596 51 68 0.403101 0.534884
6597 51 69 0.403101 0.542636
6598 51 70 0.403101 0.550388
6599 51 71 0.403101 0.55814
6600 51 72 0.403101 0.565891
6601 51 73 0.403101 0.573643
6602 51 74 0.403101 0.581395
6603 51 75 0.403101 0.589147
6604 51 76 0.403101 0.596899
6605 51 77 0.403101 0.604651
6606 51 78 0.403101 0.612403
6607 51 79 0.403101 0.620155
6608 51 80 0.403101 0.627907
6609 51 81 0.403101 0.635659
6610 51 82 0.403101 0.643411
6611 51 83 0.403101 0.651163
6612 51 84 0.403101 0.658915
6613 51 85 0.403101 0.666667
6614 51 86 0.403101 0.674419
6615 51 87 0.403101 0.682171
6616 51 88 0.403101 0.689922
6617 51 89 0.403101 0.697674
6618 51 90 0.403101 0.705426
6619 51 91 0.403101 0.713178
6620 51 92 0.403101 0.72093
6621 51 93 0.403101 0.728682
6622 51 94 0.403101 0.736434
6623 51 95 0.403101 0.744186
6624 51 96 0.403101 0.751938
6625 51 97 0.403101 0.75969
6626 51 98 0.403101 0.767442
6627 51 99 0.403101 0.775194
6628 51 100 0.403101 0.782946
6629 51 101 0.403101 0.790698
6630 51 102 0.403101 0.79845
6631 51 103 0.403101 0.806202
6632 51 104 0.403101 0.813953
6633 51 105 0.403101 0.821705
6634 51 106 0.403101 0.829457
6635 51 107 0.403101 0.837209
6636 51 108 0.403101 0.844961
6637 51 109 0.403101 0.852713
6638 51 110 0.403101 0.860465
6639 51 111 0.403101 0.868217
6640 51 112 0.403101 0.875969
6641 51 113 0.403101 0.883721
6642 51 114 0.403101 0.891473
6643 51 115 0.403101 0.899225
6644 51 116 0.403101 0.906977
6645 51 117 0.403101 0.914729
6646 51 118 0.403101 0.922481
6647 51 119 0.403101 0.930233
6648 51 120 0.403101 0.937984
6649 51 121 0.403101 0.945736
6650 51 122 0.403101 0.953488
6651 51 123 0.403101 0.96124
6652 51 124 0.403101 0.968992
6653 51 125 0.403101 0.976744
6654 51 126 0.403101 0.984496
6655 51 127 0.403101 0.992248
6656 52 0 0.410853 0.00775194
6657 52 1 0.410853 0.0155039
6658 52 2 0.410853 0.0232558
6659 52 3 0.410853 0.0310078
6660 52 4 0.410853 0.0387597
6661 52 5 0.410853 0.0465116
6662 52 6 0.410853 0.0542636
6663 52 7 0.410853 0.0620155
6664 52 8 0.410853 0.0697674
6665 52 9 0.410853 0.0775194
6666 52 10 0.410853 0.0852713
6667 52 11 0.410853 0.0930233
6668 52 12 0.410853 0.100775
6669 52 13 0.410853 0.108527
6670 52 14 0.410853 0.116279
6671 52 15 0.410853 0.124031
6672 52 16 0.410853 0.131783
6673 52 17 0.410853 0.139535
6674 52 18 0.410853 0.147287
6675 52 19 0.410853 0.155039
6676 52 20 0.410853 0.162791
6677 52 21 0.410853 0.170543
6678 52 22 0.410853 0.178295
6679 52 23 0.410853 0.186047
6680 52 24 0.410853 0.193798
6681 52 25 0.410853 0.20155
6682 52 26 0.410853 0.209302
6683 52 27 0.410853 0.217054
6684 52 28 0.410853 0.224806
6685 52 29 0.410853 0.232558
6686 52 30 0.410853 0.24031
6687 52 31 0.410853 0.248062
6688 52 32 0.410853 0.255814
6689 52 33 0.410853 0.263566
6690 52 34 0.410853 0.271318
6691 52 35 0.410853 0.27907
6692 52 36 0.410853 0.286822
6693 52 37 0.410853 0.294574
6694 52 38 0.410853 0.302326
6695 52 39 0.410853 0.310078
6696 52 40 0.410853 0.317829
6697 52 41 0.410853 0.325581
6698 52 42 0.410853 0.333333
6699 52 43 0.410853 0.341085
6700 52 44 0.410853 0.348837
6701 52 45 0.410853 0.356589
6702 52 46 0.410853 0.364341
6703 52 47 0.410853 0.372093
6704 52 48 0.410853 0.379845
6705 52 49 0.410853 0.387597
6706 52 50 0.410853 0.395349
6707 52 51 0.410853 0.403101
6708 52 52 0.410853 0.410853
6709 52 53 0.410853 0.418605
6710 52 54 0.410853 0.426357
6711 52 55 0.410853 0.434109
6712 52 56 0.410853 0.44186
6713 52 57 0.410853 0.449612
6714 52 58 0.410853 0.457364
6715 52 59 0.410853 0.465116
6716 52 60 0.410853 0.472868
6717 52 61 0.410853 0.48062
6718 52 62 0.410853 0.488372
6719 52 63 0.410853 0.496124
6720 52 64 0.410853 0.503876
6721 52 65 0.410853 0.511628
6722 52 66 0.410853 0.51938
6723 52 67 0.410853 0.527132
6724 52 68 0.410853 0.534884
6725 52 69 0.410853 0.542636
6726 52 70 0.410853 0.550388
6727 52 71 0.410853 0.55814
6728 52 72 0.410853 0.565891
6729 52 73 0.410853 0.573643
6730 52 74 0.410853 0.581395
6731 52 75 0.410853 0.589147
6732 52 76 0.410853 0.596899
6733 52 77 0.410853 0.604651
6734 52 78 0.410853 0.612403
6735 52 79 0.410853 0.620155
6736 52 80 0.410853 0.627907
6737 52 81 0.410853 0.635659
6738 52 82 0.410853 0.643411
6739 52 83 0.410853 0.651163
6740 52 84 0.410853 0.658915
6741 52 85 0.410853 0.666667
6742 52 86 0.410853 0.674419
6743 52 87 0.410853 0.682171
6744 52 88 0.410853 0.689922
6745 52 89 0.410853 0.697674
6746 52 90 0.410853 0.705426
6747 52 91 0.410853 0.713178
6748 52 92 0.410853 0.72093
6749 52 93 0.410853 0.728682
6750 52 94 0.410853 0.736434
6751 52 95 0.410853 0.744186
6752 52 96 0.410853 0.751938
6753 52 97 0.410853 0.75969
6754 52 98 0.410853 0.767442
6755 52 99 0.410853 0.775194
6756 52 100 0.410853 0.782946
6757 52 101 0.410853 0.790698
6758 52 102 0.410853 0.79845
6759 52 103 0.410853 0.806202
6760 52 104 0.410853 0.813953
6761 52 105 0.410853 0.821705
6762 52 106 0.410853 0.829457
6763 52 107 0.410853 0.837209
6764 52 108 0.410853 0.844961
6765 52 109 0.410853 0.852713
6766 52 110 0.410853 0.860465
6767 52 111 0.410853 0.868217
6768 52 112 0.410853 0.875969
6769 52 113 0.410853 0.883721
6770 52 114 0.410853 0.891473
6771 52 115 0.410853 0.899225
6772 52 116 0.410853 0.906977
6773 52 117 0.410853 0.914729
6774 52 118 0.410853 0.922481
6775 52 119 0.410853 0.930233
6776 52 120 0.410853 0.937984
6777 52 121 0.410853 0.945736
6778 52 122 0.410853 0.953488
6779 52 123 0.410853 0.96124
6780 52 124 0.410853 0.968992
6781 52 125 0.410853 0.976744
6782 52 126 0.410853 0.984496
6783 52 127 0.410853 0.992248
6784 53 0 0.418605 0.00775194
6785 53 1 0.418605 0.0155039
6786 53 2 0.418605 0.0232558
6787 53 3 0.418605 0.0310078
6788 53 4 0.418605 0.0387597
6789 53 5 0.418605 0.0465116
6790 53 6 0.418605 0.0542636
6791 53 7 0.418605 0.0620155
6792 53 8 0.418605 0.0697674
6793 53 9 0.418605 0.0775194
6794 53 10 0.418605 0.0852713
6795 53 11 0.418605 0.0930233
6796 53 12 0.418605 0.100775
6797 53 13 0.418605 0.108527
6798 53 14 0.418605 0.116279
6799 53 15 0.418605 0.124031
6800 53 16 0.418605 0.131783
6801 53 17 0.418605 0.139535
6802 53 18 0.418605 0.147287
6803 53 19 0.418605 0.155039
6804 53 20 0.418605 0.162791
6805 53 21 0.418605 0.170543
6806 53 22 0.418605 0.178295
6807 53 23 0.418605 0.186047
6808 53 24 0.418605 0.193798
6809 53 25 0.418605 0.20155
6810 53 26 0.418605 0.209302
6811 53 27 0.418605 0.217054
6812 53 28 0.418605 0.224806
6813 53 29 0.418605 0.232558
6814 53 30 0.418605 0.24031
6815 53 31 0.418605 0.248062
6816 53 32 0.418605 0.255814
6817 53 33 0.418605 0.263566
6818 53 34 0.418605 0.271318
6819 53 35 0.418605 0.27907
6820 53 36 0.418605 0.286822
6821 53 37 0.418605 0.294574
6822 53 38 0.418605 0.302326
6823 53 39 0.418605 0.310078
6824 53 40 0.418605 0.317829
6825 53 41 0.418605 0.325581
6826 53 42 0.418605 0.333333
6827 53 43 0.418605 0.341085
6828 53 44 0.418605 0.348837
6829 53 45 0.418605 0.356589
6830 53 46 0.418605 0.364341
6831 53 47 0.418605 0.372093
6832 53 48 0.418605 0.379845
6833 53 49 0.418605 0.387597
6834 53 50 0.418605 0.395349
6835 53 51 0.418605 0.403101
6836 53 52 0.418605 0.410853
6837 53 53 0.418605 0.418605
6838 53 54 0.418605 0.426357
6839 53 55 0.418605 0.434109
6840 53 56 0.418605 0.44186
6841 53 57 0.418605 0.449612
6842 53 58 0.418605 0.457364
6843 53 59 0.418605 0.465116
6844 53 60 0.418605 0.472868
6845 53 61 0.418605 0.48062
6846 53 62 0.418605 0.488372
6847 53 63 0.418605 0.496124
6848 53 64 0.418605 0.503876
6849 53 65 0.418605 0.511628
6850 53 66 0.418605 0.51938
6851 53 67 0.418605 0.527132
6852 53 68 0.418605 0.534884
6853 53 69 0.418605 0.542636
6854 53 70 0.418605 0.550388
6855 53 71 0.418605 0.55814
6856 53 72 0.418605 0.565891
6857 53 73 0.418605 0.573643
6858 53 74 0.418605 0.581395
6859 53 75 0.418605 0.589147
6860 53 76 0.418605 0.596899
6861 53 77 0.418605 0.604651
6862 53 78 0.418605 0.612403
6863 53 79 0.418605 0.620155
6864 53 80 0.418605 0.627907
6865 53 81 0.418605 0.635659
6866 53 82 0.418605 0.643411
6867 53 83 0.418605 0.651163
6868 53 84 0.418605 0.658915
6869 53 85 0.418605 0.666667
6870 53 86 0.418605 0.674419
6871 53 87 0.418605 0.682171
6872 53 88 0.418605 0.689922
6873 53 89 0.418605 0.697674
6874 53 90 0.418605 0.705426
6875 53 91 0.418605 0.713178
6876 53 92 0.418605 0.72093
6877 53 93 0.418605 0.728682
6878 53 94 0.418605 0.736434
6879 53 95 0.418605 0.744186
6880 53 96 0.418605 0.751938
6881 53 97 0.418605 0.75969
6882 53 98 0.418605 0.767442
6883 53 99 0.418605 0.775194
6884 53 100 0.418605 0.782946
6885 53 101 0.418605 0.790698
6886 53 102 0.418605 0.79845
6887 53 103 0.418605 0.806202
6888 53 104 0.418605 0.813953
6889 53 105 0.418605 0.821705
6890 53 106 0.418605 0.829457
6891 53 107 0.418605 0.837209
6892 53 108 0.418605 0.844961
6893 53 109 0.418605 0.852713
6894 53 110 0.418605 0.860465
6895 53 111 0.418605 0.868217
6896 53 112 0.418605 0.875969
6897 53 113 0.418605 0.883721
6898 53 114 0.418605 0.891473
6899 53 115 0.418605 0.899225
6900 53 116 0.418605 0.906977
6901 53 117 0.418605 0.914729
6902 53 118 0.418605 0.922481
6903 53 119 0.418605 0.930233
6904 53 120 0.418605 0.937984
6905 53 121 0.418605 0.945736
6906 53 122 0.418605 0.953488
6907 53 123 0.418605 0.96124
6908 53 124 0.418605 0.968992
6909 53 125 0.418605 0.976744
6910 53 126 0.418605 0.984496
6911 53 127 0.418605 0.992248
6912 54 0 0.426357 0.00775194
6913 54 1 0.426357 0.0155039
6914 54 2 0.426357 0.0232558
6915 54 3 0.426357 0.0310078
6916 54 4 0.426357 0.0387597
6917 54 5 0.426357 0.0465116
6918 54 6 0.426357 0.0542636
6919 54 7 0.426357 0.0620155
6920 54 8 0.426357 0.0697674
6921 54 9 0.426357 0.0775194
6922 54 10 0.426357 0.0852713
6923 54 11 0.426357 0.0930233
6924 54 12 0.426357 0.100775
6925 54 13 0.426357 0.108527
6926 54 14 0.426357 0.116279
6927 54 15 0.426357 0.124031
6928 54 16 0.426357 0.131783
6929 54 17 0.426357 0.139535
6930 54 18 0.426357 0.147287
6931 54 19 0.426357 0.155039
6932 54 20 0.426357 0.162791
6933 54 21 0.426357 0.170543
6934 54 22 0.426357 0.178295
6935 54 23 0.426357 0.186047
6936 54 24 0.426357 0.193798
6937 54 25 0.426357 0.20155
6938 54 26 0.426357 0.209302
6939 54 27 0.426357 0.217054
6940 54 28 0.426357 0.224806
6941 54 29 0.426357 0.232558
6942 54 30 0.426357 0.24031
6943 54 31 0.426357 0.248062
6944 54 32 0.426357 0.255814
6945 54 33 0.426357 0.263566
6946 54 34 0.426357 0.271318
6947 54 35 0.426357 0.27907
6948 54 36 0.426357 0.286822
6949 54 37 0.426357 0.294574
6950 54 38 0.426357 0.302326
6951 54 39 0.426357 0.310078
6952 54 40 0.426357 0.317829
6953 54 41 0.426357 0.325581
6954 54 42 0.426357 0.333333
6955 54 43 0.426357 0.341085
6956 54 44 0.426357 0.348837
6957 54 45 0.426357 0.356589
6958 54 46 0.426357 0.364341
6959 54 47 0.426357 0.372093
6960 54 48 0.426357 0.379845
6961 54 49 0.426357 0.387597
6962 54 50 0.426357 0.395349
6963 54 51 0.426357 0.403101
6964 54 52 0.426357 0.410853
6965 54 53 0.426357 0.418605
6966 54 54 0.426357 0.426357
6967 54 55 0.426357 0.434109
6968 54 56 0.426357 0.44186
6969 54 57 0.426357 0.449612
6970 54 58 0.426357 0.457364
6971 54 59 0.426357 0.465116
6972 54 60 0.426357 0.472868
6973 54 61 0.426357 0.48062
6974 54 62 0.426357 0.488372
6975 54 63 0.426357 0.496124
6976 54 64 0.426357 0.503876
6977 54 65 0.426357 0.511628
6978 54 66 0.426357 0.51938
6979 54 67 0.426357 0.527132
6980 54 68 0.426357 0.534884
6981 54 69 0.426357 0.542636
6982 54 70 0.426357 0.550388
6983 54 71 0.426357 0.55814
6984 54 72 0.426357 0.565891
6985 54 73 0.426357 0.573643
6986 54 74 0.426357 0.581395
6987 54 75 0.426357 0.589147
6988 54 76 0.426357 0.596899
6989 54 77 0.426357 0.604651
6990 54 78 0.426357 0.612403
6991 54 79 0.426357 0.620155
6992 54 80 0.426357 0.627907
6993 54 81 0.426357 0.635659
6994 54 82 0.426357 0.643411
6995 54 83 0.426357 0.651163
6996 54 84 0.426357 0.658915
6997 54 85 0.426357 0.666667
6998 54 86 0.426357 0.674419
6999 54 87 0.426357 0.682171
7000 54 88 0.426357 0.689922
7001 54 89 0.426357 0.697674
7002 54 90 0.426357 0.705426
7003 54 91 0.426357 0.713178
7004 54 92 0.426357 0.72093
7005 54 93 0.426357 0.728682
7006 54 94 0.426357 0.736434
7007 54 95 0.426357 0.744186
7008 54 96 0.426357 0.751938
7009 54 97 0.426357 0.75969
7010 54 98 0.426357 0.767442
7011 54 99 0.426357 0.775194
7012 54 100 0.426357 0.782946
7013 54 101 0.426357 0.790698
7014 54 102 0.426357 0.79845
7015 54 103 0.426357 0.806202
7016 54 104 0.426357 0.813953
7017 54 105 0.426357 0.821705
7018 54 106 0.426357 0.829457
7019 54 107 0.426357 0.837209
7020 54 108 0.426357 0.844961
7021 54 109 0.426357 0.852713
7022 54 110 0.426357 0.860465
7023 54 111 0.426357 0.868217
7024 54 112 0.426357 0.875969
7025 54 113 0.426357 0.883721
7026 54 114 0.426357 0.891473
7027 54 115 0.426357 0.899225
7028 54 116 0.426357 0.906977
7029 54 117 0.426357 0.914729
7030 54 118 0.426357 0.922481
7031 54 119 0.426357 0.930233
7032 54 120 0.426357 0.937984
7033 54 121 0.426357 0.945736
7034 54 122 0.426357 0.953488
7035 54 123 0.426357 0.96124
7036 54 124 0.426357 0.968992
7037 54 125 0.426357 0.976744
7038 54 126 0.426357 0.984496
7039 54 127 0.426357 0.992248
7040 55 0 0.434109 0.00775194
7041 55 1 0.434109 0.0155039
7042 55 2 0.434109 0.0232558
7043 55 3 0.434109 0.0310078
7044 55 4 0.434109 0.0387597
7045 55 5 0.434109 0.0465116
7046 55 6 0.434109 0.0542636
7047 55 7 0.434109 0.0620155
7048 55 8 0.434109 0.0697674
7049 55 9 0.434109 0.0775194
7050 55 10 0.434109 0.0852713
7051 55 11 0.434109 0.0930233
7052 55 12 0.434109 0.100775
7053 55 13 0.434109 0.108527
7054 55 14 0.434109 0.116279
7055 55 15 0.434109 0.124031
7056 55 16 0.434109 0.131783
7057 55 17 0.434109 0.139535
7058 55 18 0.434109 0.147287
7059 55 19 0.434109 0.155039
7060 55 20 0.434109 0.162791
7061 55 21 0.434109 0.170543
7062 55 22 0.434109 0.178295
7063 55 23 0.434109 0.186047
7064 55 24 0.434109 0.193798
7065 55 25 0.434109 0.20155
7066 55 26 0.434109 0.209302
7067 55 27 0.434109 0.217054
7068 55 28 0.434109 0.224806
7069 55 29 0.434109 0.232558
7070 55 30 0.434109 0.24031
7071 55 31 0.434109 0.248062
7072 55 32 0.434109 0.255814
7073 55 33 0.434109 0.263566
7074 55 34 0.434109 0.271318
7075 55 35 0.434109 0.27907
7076 55 36 0.434109 0.286822
7077 55 37 0.434109 0.294574
7078 55 38 0.434109 0.302326
7079 55 39 0.434109 0.310078
7080 55 40 0.434109 0.317829
7081 55 41 0.434109 0.325581
7082 55 42 0.434109 0.333333
7083 55 43 0.434109 0.341085
7084 55 44 0.434109 0.348837
7085 55 45 0.434109 0.356589
7086 55 46 0.434109 0.364341
7087 55 47 0.434109 0.372093
7088 55 48 0.434109 0.379845
7089 55 49 0.434109 0.387597
7090 55 50 0.434109 0.395349
7091 55 51 0.434109 0.403101
7092 55 52 0.434109 0.410853
7093 55 53 0.434109 0.418605
7094 55 54 0.434109 0.426357
7095 55 55 0.434109 0.434109
7096 55 56 0.434109 0.44186
7097 55 57 0.434109 0.449612
7098 55 58 0.434109 0.457364
7099 55 59 0.434109 0.465116
7100 55 60 0.434109 0.472868
7101 55 61 0.434109 0.48062
7102 55 62 0.434109 0.488372
7103 55 63 0.434109 0.496124
7104 55 64 0.434109 0.503876
7105 55 65 0.434109 0.511628
7106 55 66 0.434109 0.51938
7107 55 67 0.434109 0.527132
7108 55 68 0.434109 0.534884
7109 55 69 0.434109 0.542636
7110 55 70 0.434109 0.550388
7111 55 71 0.434109 0.55814
7112 55 72 0.434109 0.565891
7113 55 73 0.434109 0.573643
7114 55 74 0.434109 0.581395
7115 55 75 0.434109 0.589147
7116 55 76 0.434109 0.596899
7117 55 77 0.434109 0.604651
7118 55 78 0.434109 0.612403
7119 55 79 0.434109 0.620155
7120 55 80 0.434109 0.627907
7121 55 81 0.434109 0.635659
7122 55 82 0.434109 0.643411
7123 55 83 0.434109 0.651163
7124 55 84 0.434109 0.658915
7125 55 85 0.434109 0.666667
7126 55 86 0.434109 0.674419
7127 55 87 0.434109 0.682171
7128 55 88 0.434109 0.689922
7129 55 89 0.434109 0.697674
7130 55 90 0.434109 0.705426
7131 55 91 0.434109 0.713178
7132 55 92 0.434109 0.72093
7133 55 93 0.434109 0.728682
7134 55 94 0.434109 0.736434
7135 55 95 0.434109 0.744186
7136 55 96 0.434109 0.751938
7137 55 97 0.434109 0.75969
7138 55 98 0.434109 0.767442
7139 55 99 0.434109 0.775194
7140 55 100 0.434109 0.782946
7141 55 101 0.434109 0.790698
7142 55 102 0.434109 0.79845
7143 55 103 0.434109 0.806202
7144 55 104 0.434109 0.813953
7145 55 105 0.434109 0.821705
7146 55 106 0.434109 0.829457
7147 55 107 0.434109 0.837209
7148 55 108 0.434109 0.844961
7149 55 109 0.434109 0.852713
7150 55 110 0.434109 0.860465
7151 55 111 0.434109 0.868217
7152 55 112 0.434109 0.875969
7153 55 113 0.434109 0.883721
7154 55 114 0.434109 0.891473
7155 55 115 0.434109 0.899225
7156 55 116 0.434109 0.906977
7157 55 117 0.434109 0.914729
7158 55 118 0.434109 0.922481
7159 55 119 0.434109 0.930233
7160 55 120 0.434109 0.937984
7161 55 121 0.434109 0.945736
7162 55 122 0.434109 0.953488
7163 55 123 0.434109 0.96124
7164 55 124 0.434109 0.968992
7165 55 125 0.434109 0.976744
7166 55 126 0.434109 0.984496
7167 55 127 0.434109 0.992248
7168 56 0 0.44186 0.00775194
7169 56 1 0.44186 0.0155039
7170 56 2 0.44186 0.0232558
7171 56 3 0.44186 0.0310078
7172 56 4 0.44186 0.0387597
7173 56 5 0.44186 0.0465116
7174 56 6 0.44186 0.0542636
7175 56 7 0.44186 0.0620155
7176 56 8 0.44186 0.0697674
7177 56 9 0.44186 0.0775194
7178 56 10 0.44186 0.0852713
7179 56 11 0.44186 0.0930233
7180 56 12 0.44186 0.100775
7181 56 13 0.44186 0.108527
7182 56 14 0.44186 0.116279
7183 56 15 0.44186 0.124031
7184 56 16 0.44186 0.131783
7185 56 17 0.44186 0.139535
7186 56 18 0.44186 0.147287
7187 56 19 0.44186 0.155039
7188 56 20 0.44186 0.162791
7189 56 21 0.44186 0.170543
7190 56 22 0.44186 0.178295
7191 56 23 0.44186 0.186047
7192 56 24 0.44186 0.193798
7193 56 25 0.44186 0.20155
7194 56 26 0.44186 0.209302
7195 56 27 0.44186 0.217054
7196 56 28 0.44186 0.224806
7197 56 29 0.44186 0.232558
7198 56 30 0.44186 0.24031
7199 56 31 0.44186 0.248062
7200 56 32 0.44186 0.255814
7201 56 33 0.44186 0.263566
7202 56 34 0.44186 0.271318
7203 56 35 0.44186 0.27907
7204 56 36 0.44186 0.286822
7205 56 37 0.44186 0.294574
7206 56 38 0.44186 0.302326
7207 56 39 0.44186 0.310078
7208 56 40 0.44186 0.317829
7209 56 41 0.44186 0.325581
7210 56 42 0.44186 0.333333
7211 56 43 0.44186 0.341085
7212 56 44 0.44186 0.348837
7213 56 45 0.44186 0.356589
7214 56 46 0.44186 0.364341
7215 56 47 0.44186 0.372093
7216 56 48 0.44186 0.379845
7217 56 49 0.44186 0.387597
7218 56 50 0.44186 0.395349
7219 56 51 0.44186 0.403101
7220 56 52 0.44186 0.410853
7221 56 53 0.44186 0.418605
7222 56 54 0.44186 0.426357
7223 56 55 0.44186 0.434109
7224 56 56 0.44186 0.44186
7225 56 57 0.44186 0.449612
7226 56 58 0.44186 0.457364
7227 56 59 0.44186 0.465116
7228 56 60 0.44186 0.472868
7229 56 61 0.44186 0.48062
7230 56 62 0.44186 0.488372
7231 56 63 0.44186 0.496124
7232 56 64 0.44186 0.503876
7233 56 65 0.44186 0.511628
7234 56 66 0.44186 0.51938
7235 56 67 0.44186 0.527132
7236 56 68 0.44186 0.534884
7237 56 69 0.44186 0.542636
7238 56 70 0.44186 0.550388
7239 56 71 0.44186 0.55814
7240 56 72 0.44186 0.565891
7241 56 73 0.44186 0.573643
7242 56 74 0.44186 0.581395
7243 56 75 0.44186 0.589147
7244 56 76 0.44186 0.596899
7245 56 77 0.44186 0.604651
7246 56 78 0.44186 0.612403
7247 56 79 0.44186 0.620155
7248 56 80 0.44186 0.627907
7249 56 81 0.44186 0.635659
7250 56 82 0.44186 0.643411
7251 56 83 0.44186 0.651163
7252 56 84 0.44186 0.658915
7253 56 85 0.44186 0.666667
7254 56 86 0.44186 0.674419
7255 56 87 0.44186 0.682171
7256 56 88 0.44186 0.689922
7257 56 89 0.44186 0.697674
7258 56 90 0.44186 0.705426
7259 56 91 0.44186 0.713178
7260 56 92 0.44186 0.72093
7261 56 93 0.44186 0.728682
7262 56 94 0.44186 0.736434
7263 56 95 0.44186 0.744186
7264 56 96 0.44186 0.751938
7265 56 97 0.44186 0.75969
7266 56 98 0.44186 0.767442
7267 56 99 0.44186 0.775194
7268 56 100 0.44186 0.782946
7269 56 101 0.44186 0.790698
7270 56 102 0.44186 0.79845
7271 56 103 0.44186 0.806202
7272 56 104 0.44186 0.813953
7273 56 105 0.44186 0.821705
7274 56 106 0.44186 0.829457
7275 56 107 0.44186 0.837209
7276 56 108 0.44186 0.844961
7277 56 109 0.44186 0.852713
7278 56 110 0.44186 0.860465
7279 56 111 0.44186 0.868217
7280 56 112 0.44186 0.875969
7281 56 113 0.44186 0.883721
7282 56 114 0.44186 0.891473
7283 56 115 0.44186 0.899225
7284 56 116 0.44186 0.906977
7285 56 117 0.44186 0.914729
7286 56 118 0.44186 0.922481
7287 56 119 0.44186 0.930233
7288 56 120 0.44186 0.937984
7289 56 121 0.44186 0.945736
7290 56 122 0.44186 0.953488
7291 56 123 0.44186 0.96124
7292 56 124 0.44186 0.968992
7293 56 125 0.44186 0.976744
7294 56 126 0.44186 0.984496
7295 56 127 0.44186 0.992248
7296 57 0 0.449612 0.00775194
7297 57 1 0.449612 0.0155039
7298 57 2 0.449612 0.0232558
7299 57 3 0.449612 0.0310078
7300 57 4 0.449612 0.0387597
7301 57 5 0.449612 0.0465116
7302 57 6 0.449612 0.0542636
7303 57 7 0.449612 0.0620155
7304 57 8 0.449612 0.0697674
7305 57 9 0.449612 0.0775194
7306 57 10 0.449612 0.0852713
7307 57 11 0.449612 0.0930233
7308 57 12 0.449612 0.100775
7309 57 13 0.449612 0.108527
7310 57 14 0.449612 0.116279
7311 57 15 0.449612 0.124031
7312 57 16 0.449612 0.131783
7313 57 17 0.449612 0.139535
7314 57 18 0.449612 0.147287
7315 57 19 0.449612 0.155039
7316 57 20 0.449612 0.162791
7317 57 21 0.449612 0.170543
7318 57 22 0.449612 0.178295
7319 57 23 0.449612 0.186047
7320 57 24 0.449612 0.193798
7321 57 25 0.449612 0.20155
7322 57 26 0.449612 0.209302
7323 57 27 0.449612 0.217054
7324 57 28 0.449612 0.224806
7325 57 29 0.449612 0.232558
7326 57 30 0.449612 0.24031
7327 57 31 0.449612 0.248062
7328 57 32 0.449612 0.255814
7329 57 33 0.449612 0.263566
7330 57 34 0.449612 0.271318
7331 57 35 0.449612 0.27907
7332 57 36 0.449612 0.286822
7333 57 37 0.449612 0.294574
7334 57 38 0.449612 0.302326
7335 57 39 0.449612 0.310078
7336 57 40 0.449612 0.317829
7337 57 41 0.449612 0.325581
7338 57 42 0.449612 0.333333
7339 57 43 0.449612 0.341085
7340 57 44 0.449612 0.348837
7341 57 45 0.449612 0.356589
7342 57 46 0.449612 0.364341
7343 57 47 0.449612 0.372093
7344 57 48 0.449612 0.379845
7345 57 49 0.449612 0.387597
7346 57 50 0.449612 0.395349
7347 57 51 0.449612 0.403101
7348 57 52 0.449612 0.410853
7349 57 53 0.449612 0.418605
7350 57 54 0.449612 0.426357
7351 57 55 0.449612 0.434109
7352 57 56 0.449612 0.44186
7353 57 57 0.449612 0.449612
7354 57 58 0.449612 0.457364
7355 57 59 0.449612 0.465116
7356 57 60 0.449612 0.472868
7357 57 61 0.449612 0.48062
7358 57 62 0.449612 0.488372
7359 57 63 0.449612 0.496124
7360 57 64 0.449612 0.503876
7361 57 65 0.449612 0.511628
7362 57 66 0.449612 0.51938
7363 57 67 0.449612 0.527132
7364 57 68 0.449612 0.534884
7365 57 69 0.449612 0.542636
7366 57 70 0.449612 0.550388
7367 57 71 0.449612 0.55814
7368 57 72 0.449612 0.565891
7369 57 73 0.449612 0.573643
7370 57 74 0.449612 0.581395
7371 57 75 0.449612 0.589147
7372 57 76 0.449612 0.596899
7373 57 77 0.449612 0.604651
7374 57 78 0.449612 0.612403
7375 57 79 0.449612 0.620155
7376 57 80 0.449612 0.627907
7377 57 81 0.449612 0.635659
7378 57 82 0.449612 0.643411
7379 57 83 0.449612 0.651163
7380 57 84 0.449612 0.658915
7381 57 85 0.449612 0.666667
7382 57 86 0.449612 0.674419
7383 57 87 0.449612 0.682171
7384 57 88 0.449612 0.689922
7385 57 89 0.449612 0.697674
7386 57 90 0.449612 0.705426
7387 57 91 0.449612 0.713178
7388 57 92 0.449612 0.72093
7389 57 93 0.449612 0.728682
7390 57 94 0.449612 0.736434
7391 57 95 0.449612 0.744186
7392 57 96 0.449612 0.751938
7393 57 97 0.449612 0.75969
7394 57 98 0.449612 0.767442
7395 57 99 0.449612 0.775194
7396 57 100 0.449612 0.782946
7397 57 101 0.449612 0.790698
7398 57 102 0.449612 0.79845
7399 57 103 0.449612 0.806202
7400 57 104 0.449612 0.813953
7401 57 105 0.449612 0.821705
7402 57 106 0.449612 0.829457
7403 57 107 0.449612 0.837209
7404 57 108 0.449612 0.844961
7405 57 109 0.449612 0.852713
7406 57 110 0.449612 0.860465
7407 57 111 0.449612 0.868217
7408 57 112 0.449612 0.875969
7409 57 113 0.449612 0.883721
7410 57 114 0.449612 0.891473
7411 57 115 0.449612 0.899225
7412 57 116 0.449612 0.906977
7413 57 117 0.449612 0.914729
7414 57 118 0.449612 0.922481
7415 57 119 0.449612 0.930233
7416 57 120 0.449612 0.937984
7417 57 121 0.449612 0.945736
7418 57 122 0.449612 0.953488
7419 57 123 0.449612 0.96124
7420 57 124 0.449612 0.968992
7421 57 125 0.449612 0.976744
7422 57 126 0.449612 0.984496
7423 57 127 0.449612 0.992248
7424 58 0 0.457364 0.00775194
7425 58 1 0.457364 0.0155039
7426 58 2 0.457364 0.0232558
7427 58 3 0.457364 0.0310078
7428 58 4 0.457364 0.0387597
7429 58 5 0.457364 0.0465116
7430 58 6 0.457364 0.0542636
7431 58 7 0.457364 0.0620155
7432 58 8 0.457364 0.0697674
7433 58 9 0.457364 0.0775194
7434 58 10 0.457364 0.0852713
7435 58 11 0.457364 0.0930233
7436 58 12 0.457364 0.100775
7437 58 13 0.457364 0.108527
7438 58 14 0.457364 0.116279
7439 58 15 0.457364 0.124031
7440 58 16 0.457364 0.131783
7441 58 17 0.457364 0.139535
7442 58 18 0.457364 0.147287
7443 58 19 0.457364 0.155039
7444 58 20 0.457364 0.162791
7445 58 21 0.457364 0.170543
7446 58 22 0.457364 0.178295
7447 58 23 0.457364 0.186047
7448 58 24 0.457364 0.193798
7449 58 25 0.457364 0.20155
7450 58 26 0.457364 0.209302
7451 58 27 0.457364 0.217054
7452 58 28 0.457364 0.224806
7453 58 29 0.457364 0.232558
7454 58 30 0.457364 0.24031
7455 58 31 0.457364 0.248062
7456 58 32 0.457364 0.255814
7457 58 33 0.457364 0.263566
7458 58 34 0.457364 0.271318
7459 58 35 0.457364 0.27907
7460 58 36 0.457364 0.286822
7461 58 37 0.457364 0.294574
7462 58 38 0.457364 0.302326
7463 58 39 0.457364 0.310078
7464 58 40 0.457364 0.317829
7465 58 41 0.457364 0.325581
7466 58 42 0.457364 0.333333
7467 58 43 0.457364 0.341085
7468 58 44 0.457364 0.348837
7469 58 45 0.457364 0.356589
7470 58 46 0.457364 0.364341
7471 58 47 0.457364 0.372093
7472 58 48 0.457364 0.379845
7473 58 49 0.457364 0.387597
7474 58 50 0.457364 0.395349
7475 58 51 0.457364 0.403101
7476 58 52 0.457364 0.410853
7477 58 53 0.457364 0.418605
7478 58 54 0.457364 0.426357
7479 58 55 0.457364 0.434109
7480 58 56 0.457364 0.44186
7481 58 57 0.457364 0.449612
7482 58 58 0.457364 0.457364
7483 58 59 0.457364 0.465116
7484 58 60 0.457364 0.472868
7485 58 61 0.457364 0.48062
7486 58 62 0.457364 0.488372
7487 58 63 0.457364 0.496124
7488 58 64 0.457364 0.503876
7489 58 65 0.457364 0.511628
7490 58 66 0.457364 0.51938
7491 58 67 0.457364 0.527132
7492 58 68 0.457364 0.534884
7493 58 69 0.457364 0.542636
7494 58 70 0.457364 0.550388
7495 58 71 0.457364 0.55814
7496 58 72 0.457364 0.565891
7497 58 73 0.457364 0.573643
7498 58 74 0.457364 0.581395
7499 58 75 0.457364 0.589147
7500 58 76 0.457364 0.596899
7501 58 77 0.457364 0.604651
7502 58 78 0.457364 0.612403
7503 58 79 0.457364 0.620155
7504 58 80 0.457364 0.627907
7505 58 81 0.457364 0.635659
7506 58 82 0.457364 0.643411
7507 58 83 0.457364 0.651163
7508 58 84 0.457364 0.658915
7509 58 85 0.457364 0.666667
7510 58 86 0.457364 0.674419
7511 58 87 0.457364 0.682171
7512 58 88 0.457364 0.689922
7513 58 89 0.457364 0.697674
7514 58 90 0.457364 0.705426
7515 58 91 0.457364 0.713178
7516 58 92 0.457364 0.72093
7517 58 93 0.457364 0.728682
7518 58 94 0.457364 0.736434
7519 58 95 0.457364 0.744186
7520 58 96 0.457364 0.751938
7521 58 97 0.457364 0.75969
7522 58 98 0.457364 0.767442
7523 58 99 0.457364 0.775194
7524 58 100 0.457364 0.782946
7525 58 101 0.457364 0.790698
7526 58 102 0.457364 0.79845
7527 58 103 0.457364 0.806202
7528 58 104 0.457364 0.813953
7529 58 105 0.457364 0.821705
7530 58 106 0.457364 0.829457
7531 58 107 0.457364 0.837209
7532 58 108 0.457364 0.844961
7533 58 109 0.457364 0.852713
7534 58 110 0.457364 0.860465
7535 58 111 0.457364 0.868217
7536 58 112 0.457364 0.875969
7537 58 113 0.457364 0.883721
7538 58 114 0.457364 0.891473
7539 58 115 0.457364 0.899225
7540 58 116 0.457364 0.906977
7541 58 117 0.457364 0.914729
7542 58 118 0.457364 0.922481
7543 58 119 0.457364 0.930233
7544 58 120 0.457364 0.937984
7545 58 121 0.457364 0.945736
7546 58 122 0.457364 0.953488
7547 58 123 0.457364 0.96124
7548 58 124 0.457364 0.968992
7549 58 125 0.457364 0.976744
7550 58 126 0.457364 0.984496
7551 58 127 0.457364 0.992248
7552 59 0 0.465116 0.00775194
7553 59 1 0.465116 0.0155039
7554 59 2 0.465116 0.0232558
7555 59 3 0.465116 0.0310078
7556 59 4 0.465116 0.0387597
7557 59 5 0.465116 0.0465116
7558 59 6 0.465116 0.0542636
7559 59 7 0.465116 0.0620155
7560 59 8 0.465116 0.0697674
7561 59 9 0.465116 0.0775194
7562 59 10 0.465116 0.0852713
7563 59 11 0.465116 0.0930233
7564 59 12 0.465116 0.100775
7565 59 13 0.465116 0.108527
7566 59 14 0.465116 0.116279
7567 59 15 0.465116 0.124031
7568 59 16 0.465116 0.131783
7569 59 17 0.465116 0.139535
7570 59 18 0.465116 0.147287
7571 59 19 0.465116 0.155039
7572 59 20 0.465116 0.162791
7573 59 21 0.465116 0.170543
7574 59 22 0.465116 0.178295
7575 59 23 0.465116 0.186047
7576 59 24 0.465116 0.193798
7577 59 25 0.465116 0.20155
7578 59 26 0.465116 0.209302
7579 59 27 0.465116 0.217054
7580 59 28 0.465116 0.224806
7581 59 29 0.465116 0.232558
7582 59 30 0.465116 0.24031
7583 59 31 0.465116 0.248062
7584 59 32 0.465116 0.255814
7585 59 33 0.465116 0.263566
7586 59 34 0.465116 0.271318
7587 59 35 0.465116 0.27907
7588 59 36 0.465116 0.286822
7589 59 37 0.465116 0.294574
7590 59 38 0.465116 0.302326
7591 59 39 0.465116 0.310078
7592 59 40 0.465116 0.317829
7593 59 41 0.465116 0.325581
7594 59 42 0.465116 0.333333
7595 59 43 0.465116 0.341085
7596 59 44 0.465116 0.348837
7597 59 45 0.465116 0.356589
7598 59 46 0.465116 0.364341
7599 59 47 0.465116 0.372093
7600 59 48 0.465116 0.379845
7601 59 49 0.465116 0.387597
7602 59 50 0.465116 0.395349
7603 59 51 0.465116 0.403101
7604 59 52 0.465116 0.410853
7605 59 53 0.465116 0.418605
7606 59 54 0.465116 0.426357
7607 59 55 0.465116 0.434109
7608 59 56 0.465116 0.44186
7609 59 57 0.465116 0.449612
7610 59 58 0.465116 0.457364
7611 59 59 0.465116 0.465116
7612 59 60 0.465116 0.472868
7613 59 61 0.465116 0.48062
7614 59 62 0.465116 0.488372
7615 59 63 0.465116 0.496124
7616 59 64 0.465116 0.503876
7617 59 65 0.465116 0.511628
7618 59 66 0.465116 0.51938
7619 59 67 0.465116 0.527132
7620 59 68 0.465116 0.534884
7621 59 69 0.465116 0.542636
7622 59 70 0.465116 0.550388
7623 59 71 0.465116 0.55814
7624 59 72 0.465116 0.565891
7625 59 73 0.465116 0.573643
7626 59 74 0.465116 0.581395
7627 59 75 0.465116 0.589147
7628 59 76 0.465116 0.596899
7629 59 77 0.465116 0.604651
7630 59 78 0.465116 0.612403
7631 59 79 0.465116 0.620155
7632 59 80 0.465116 0.627907
7633 59 81 0.465116 0.635659
7634 59 82 0.465116 0.643411
7635 59 83 0.465116 0.651163
7636 59 84 0.465116 0.658915
7637 59 85 0.465116 0.666667
7638 59 86 0.465116 0.674419
7639 59 87 0.465116 0.682171
7640 59 88 0.465116 0.689922
7641 59 89 0.465116 0.697674
7642 59 90 0.465116 0.705426
7643 59 91 0.465116 0.713178
7644 59 92 0.465116 0.72093
7645 59 93 0.465116 0.728682
7646 59 94 0.465116 0.736434
7647 59 95 0.465116 0.744186
7648 59 96 0.465116 0.751938
7649 59 97 0.465116 0.75969
7650 59 98 0.465116 0.767442
7651 59 99 0.465116 0.775194
7652 59 100 0.465116 0.782946
7653 59 101 0.465116 0.790698
7654 59 102 0.465116 0.79845
7655 59 103 0.465116 0.806202
7656 59 104 0.465116 0.813953
7657 59 105 0.465116 0.821705
7658 59 106 0.465116 0.829457
7659 59 107 0.465116 0.837209
7660 59 108 0.465116 0.844961
7661 59 109 0.465116 0.852713
7662 59 110 0.465116 0.860465
7663 59 111 0.465116 0.868217
7664 59 112 0.465116 0.875969
7665 59 113 0.465116 0.883721
7666 59 114 0.465116 0.891473
7667 59 115 0.465116 0.899225
7668 59 116 0.465116 0.906977
7669 59 117 0.465116 0.914729
7670 59 118 0.465116 0.922481
7671 59 119 0.465116 0.930233
7672 59 120 0.465116 0.937984
7673 59 121 0.465116 0.945736
7674 59 122 0.465116 0.953488
7675 59 123 0.465116 0.96124
7676 59 124 0.465116 0.968992
7677 59 125 0.465116 0.976744
7678 59 126 0.465116 0.984496
7679 59 127 0.465116 0.992248
7680 60 0 0.472868 0.00775194
7681 60 1 0.472868 0.0155039
7682 60 2 0.472868 0.0232558
7683 60 3 0.472868 0.0310078
7684 60 4 0.472868 0.0387597
7685 60 5 0.472868 0.0465116
7686 60 6 0.472868 0.0542636
7687 60 7 0.472868 0.0620155
7688 60 8 0.472868 0.0697674
7689 60 9 0.472868 0.0775194
7690 60 10 0.472868 0.0852713
7691 60 11 0.472868 0.0930233
7692 60 12 0.472868 0.100775
7693 60 13 0.472868 0.108527
7694 60 14 0.472868 0.116279
7695 60 15 0.472868 0.124031
7696 60 16 0.472868 0.131783
7697 60 17 0.472868 0.139535
7698 60 18 0.472868 0.147287
7699 60 19 0.472868 0.155039
7700 60 20 0.472868 0.162791
7701 60 21 0.472868 0.170543
7702 60 22 0.472868 0.178295
7703 60 23 0.472868 0.186047
7704 60 24 0.472868 0.193798
7705 60 25 0.472868 0.20155
7706 60 26 0.472868 0.209302
7707 60 27 0.472868 0.217054
7708 60 28 0.472868 0.224806
7709 60 29 0.472868 0.232558
7710 60 30 0.472868 0.24031
7711 60 31 0.472868 0.248062
7712 60 32 0.472868 0.255814
7713 60 33 0.472868 0.263566
7714 60 34 0.472868 0.271318
7715 60 35 0.472868 0.27907
7716 60 36 0.472868 0.286822
7717 60 37 0.472868 0.294574
7718 60 38 0.472868 0.302326
7719 60 39 0.472868 0.310078
7720 60 40 0.472868 0.317829
7721 60 41 0.472868 0.325581
7722 60 42 0.472868 0.333333
7723 60 43 0.472868 0.341085
7724 60 44 0.472868 0.348837
7725 60 45 0.472868 0.356589
7726 60 46 0.472868 0.364341
7727 60 47 0.472868 0.372093
7728 60 48 0.472868 0.379845
7729 60 49 0.472868 0.387597
7730 60 50 0.472868 0.395349
7731 60 51 0.472868 0.403101
7732 60 52 0.472868 0.410853
7733 60 53 0.472868 0.418605
7734 60 54 0.472868 0.426357
7735 60 55 0.472868 0.434109
7736 60 56 0.472868 0.44186
7737 60 57 0.472868 0.449612
7738 60 58 0.472868 0.457364
7739 60 59 0.472868 0.465116
7740 60 60 0.472868 0.472868
7741 60 61 0.472868 0.48062
7742 60 62 0.472868 0.488372
7743 60 63 0.472868 0.496124
7744 60 64 0.472868 0.503876
7745 60 65 0.472868 0.511628
7746 60 66 0.472868 0.51938
7747 60 67 0.472868 0.527132
7748 60 68 0.472868 0.534884
7749 60 69 0.472868 0.542636
7750 60 70 0.472868 0.550388
7751 60 71 0.472868 0.55814
7752 60 72 0.472868 0.565891
7753 60 73 0.472868 0.573643
7754 60 74 0.472868 0.581395
7755 60 75 0.472868 0.589147
7756 60 76 0.472868 0.596899
7757 60 77 0.472868 0.604651
7758 60 78 0.472868 0.612403
7759 60 79 0.472868 0.620155
7760 60 80 0.472868 0.627907
7761 60 81 0.472868 0.635659
7762 60 82 0.472868 0.643411
7763 60 83 0.472868 0.651163
7764 60 84 0.472868 0.658915
7765 60 85 0.472868 0.666667
7766 60 86 0.472868 0.674419
7767 60 87 0.472868 0.682171
7768 60 88 0.472868 0.689922
7769 60 89 0.472868 0.697674
7770 60 90 0.472868 0.705426
7771 60 91 0.472868 0.713178
7772 60 92 0.472868 0.72093
7773 60 93 0.472868 0.728682
7774 60 94 0.472868 0.736434
7775 60 95 0.472868 0.744186
7776 60 96 0.472868 0.751938
7777 60 97 0.472868 0.75969
7778 60 98 0.472868 0.767442
7779 60 99 0.472868 0.775194
7780 60 100 0.472868 0.782946
7781 60 101 0.472868 0.790698
7782 60 102 0.472868 0.79845
7783 60 103 0.472868 0.806202
7784 60 104 0.472868 0.813953
7785 60 105 0.472868 0.821705
7786 60 106 0.472868 0.829457
7787 60 107 0.472868 0.837209
7788 60 108 0.472868 0.844961
7789 60 109 0.472868 0.852713
7790 60 110 0.472868 0.860465
7791 60 111 0.472868 0.868217
7792 60 112 0.472868 0.875969
7793 60 113 0.472868 0.883721
7794 60 114 0.472868 0.891473
7795 60 115 0.472868 0.899225
7796 60 116 0.472868 0.906977
7797 60 117 0.472868 0.914729
7798 60 118 0.472868 0.922481
7799 60 119 0.472868 0.930233
7800 60 120 0.472868 0.937984
7801 60 121 0.472868 0.945736
7802 60 122 0.472868 0.953488
7803 60 123 0.472868 0.96124
7804 60 124 0.472868 0.968992
7805 60 125 0.472868 0.976744
7806 60 126 0.472868 0.984496
7807 60 127 0.472868 0.992248
7808 61 0 0.48062 0.00775194
7809 61 1 0.48062 0.0155039
7810 61 2 0.48062 0.0232558
7811 61 3 0.48062 0.0310078
7812 61 4 0.48062 0.0387597
7813 61 5 0.48062 0.0465116
7814 61 6 0.48062 0.0542636
7815 61 7 0.48062 0.0620155
7816 61 8 0.48062 0.0697674
7817 61 9 0.48062 0.0775194
7818 61 10 0.48062 0.0852713
7819 61 11 0.48062 0.0930233
7820 61 12 0.48062 0.100775
7821 61 13 0.48062 0.108527
7822 61 14 0.48062 0.116279
7823 61 15 0.48062 0.124031
7824 61 16 0.48062 0.131783
7825 61 17 0.48062 0.139535
7826 61 18 0.48062 0.147287
7827 61 19 0.48062 0.155039
7828 61 20 0.48062 0.162791
7829 61 21 0.48062 0.170543
7830 61 22 0.48062 0.178295
7831 61 23 0.48062 0.186047
7832 61 24 0.48062 0.193798
7833 61 25 0.48062 0.20155
7834 61 26 0.48062 0.209302
7835 61 27 0.48062 0.217054
7836 61 28 0.48062 0.224806
7837 61 29 0.48062 0.232558
7838 61 30 0.48062 0.24031
7839 61 31 0.48062 0.248062
7840 61 32 0.48062 0.255814
7841 61 33 0.48062 0.263566
7842 61 34 0.48062 0.271318
7843 61 35 0.48062 0.27907
7844 61 36 0.48062 0.286822
7845 61 37 0.48062 0.294574
7846 61 38 0.48062 0.302326
7847 61 39 0.48062 0.310078
7848 61 40 0.48062 0.317829
7849 61 41 0.48062 0.325581
7850 61 42 0.48062 0.333333
7851 61 43 0.48062 0.341085
7852 61 44 0.48062 0.348837
7853 61 45 0.48062 0.356589
7854 61 46 0.48062 0.364341
7855 61 47 0.48062 0.372093
7856 61 48 0.48062 0.379845
7857 61 49 0.48062 0.387597
7858 61 50 0.48062 0.395349
7859 61 51 0.48062 0.403101
7860 61 52 0.48062 0.410853
7861 61 53 0.48062 0.418605
7862 61 54 0.48062 0.426357
7863 61 55 0.48062 0.434109
7864 61 56 0.48062 0.44186
7865 61 57 0.48062 0.449612
7866 61 58 0.48062 0.457364
7867 61 59 0.48062 0.465116
7868 61 60 0.48062 0.472868
7869 61 61 0.48062 0.48062
7870 61 62 0.48062 0.488372
7871 61 63 0.48062 0.496124
7872 61 64 0.48062 0.503876
7873 61 65 0.48062 0.511628
7874 61 66 0.48062 0.51938
7875 61 67 0.48062 0.527132
7876 61 68 0.48062 0.534884
7877 61 69 0.48062 0.542636
7878 61 70 0.48062 0.550388
7879 61 71 0.48062 0.55814
7880 61 72 0.48062 0.565891
7881 61 73 0.48062 0.573643
7882 61 74 0.48062 0.581395
7883 61 75 0.48062 0.589147
7884 61 76 0.48062 0.596899
7885 61 77 0.48062 0.604651
7886 61 78 0.48062 0.612403
7887 61 79 0.48062 0.620155
7888 61 80 0.48062 0.627907
7889 61 81 0.48062 0.635659
7890 61 82 0.48062 0.643411
7891 61 83 0.48062 0.651163
7892 61 84 0.48062 0.658915
7893 61 85 0.48062 0.666667
7894 61 86 0.48062 0.674419
7895 61 87 0.48062 0.682171
7896 61 88 0.48062 0.689922
7897 61 89 0.48062 0.697674
7898 61 90 0.48062 0.705426
7899 61 91 0.48062 0.713178
7900 61 92 0.48062 0.72093
7901 61 93 0.48062 0.728682
7902 61 94 0.48062 0.736434
7903 61 95 0.48062 0.744186
7904 61 96 0.48062 0.751938
7905 61 97 0.48062 0.75969
7906 61 98 0.48062 0.767442
7907 61 99 0.48062 0.775194
7908 61 100 0.48062 0.782946
7909 61 101 0.48062 0.790698
7910 61 102 0.48062 0.79845
7911 61 103 0.48062 0.806202
7912 61 104 0.48062 0.813953
7913 61 105 0.48062 0.821705
7914 61 106 0.48062 0.829457
7915 61 107 0.48062 0.837209
7916 61 108 0.48062 0.844961
7917 61 109 0.48062 0.852713
7918 61 110 0.48062 0.860465
7919 61 111 0.48062 0.868217
7920 61 112 0.48062 0.875969
7921 61 113 0.48062 0.883721
7922 61 114 0.48062 0.891473
7923 61 115 0.48062 0.899225
7924 61 116 0.48062 0.906977
7925 61 117 0.48062 0.914729
7926 61 118 0.48062 0.922481
7927 61 119 0.48062 0.930233
7928 61 120 0.48062 0.937984
7929 61 121 0.48062 0.945736
7930 61 122 0.48062 0.953488
7931 61 123 0.48062 0.96124
7932 61 124 0.48062 0.968992
7933 61 125 0.48062 0.976744
7934 61 126 0.48062 0.984496
7935 61 127 0.48062 0.992248
7936 62 0 0.488372 0.00775194
7937 62 1 0.488372 0.0155039
7938 62 2 0.488372 0.0232558
7939 62 3 0.488372 0.0310078
7940 62 4 0.488372 0.0387597
7941 62 5 0.488372 0.0465116
7942 62 6 0.488372 0.0542636
7943 62 7 0.488372 0.0620155
7944 62 8 0.488372 0.0697674
7945 62 9 0.488372 0.0775194
7946 62 10 0.488372 0.0852713
7947 62 11 0.488372 0.0930233
7948 62 12 0.488372 0.100775
7949 62 13 0.488372 0.108527
7950 62 14 0.488372 0.116279
7951 62 15 0.488372 0.124031
7952 62 16 0.488372 0.131783
7953 62 17 0.488372 0.139535
7954 62 18 0.488372 0.147287
7955 62 19 0.488372 0.155039
7956 62 20 0.488372 0.162791
7957 62 21 0.488372 0.170543
7958 62 22 0.488372 0.178295
7959 62 23 0.488372 0.186047
7960 62 24 0.488372 0.193798
7961 62 25 0.488372 0.20155
7962 62 26 0.488372 0.209302
7963 62 27 0.488372 0.217054
7964 62 28 0.488372 0.224806
7965 62 29 0.488372 0.232558
7966 62 30 0.488372 0.24031
7967 62 31 0.488372 0.248062
7968 62 32 0.488372 0.255814
7969 62 33 0.488372 0.263566
7970 62 34 0.488372 0.271318
7971 62 35 0.488372 0.27907
7972 62 36 0.488372 0.286822
7973 62 37 0.488372 0.294574
7974 62 38 0.488372 0.302326
7975 62 39 0.488372 0.310078
7976 62 40 0.488372 0.317829
7977 62 41 0.488372 0.325581
7978 62 42 0.488372 0.333333
7979 62 43 0.488372 0.341085
7980 62 44 0.488372 0.348837
7981 62 45 0.488372 0.356589
7982 62 46 0.488372 0.364341
7983 62 47 0.488372 0.372093
7984 62 48 0.488372 0.379845
7985 62 49 0.488372 0.387597
7986 62 50 0.488372 0.395349
7987 62 51 0.488372 0.403101
7988 62 52 0.488372 0.410853
7989 62 53 0.488372 0.418605
7990 62 54 0.488372 0.426357
7991 62 55 0.488372 0.434109
7992 62 56 0.488372 0.44186
7993 62 57 0.488372 0.449612
7994 62 58 0.488372 0.457364
7995 62 59 0.488372 0.465116
7996 62 60 0.488372 0.472868
7997 62 61 0.488372 0.48062
7998 62 62 0.488372 0.488372
7999 62 63 0.488372 0.496124
8000 62 64 0.488372 0.503876
8001 62 65 0.488372 0.511628
8002 62 66 0.488372 0.51938
8003 62 67 0.488372 0.527132
8004 62 68 0.488372 0.534884
8005 62 69 0.488372 0.542636
8006 62 70 0.488372 0.550388
8007 62 71 0.488372 0.55814
8008 62 72 0.488372 0.565891
8009 62 73 0.488372 0.573643
8010 62 74 0.488372 0.581395
8011 62 75 0.488372 0.589147
8012 62 76 0.488372 0.596899
8013 62 77 0.488372 0.604651
8014 62 78 0.488372 0.612403
8015 62 79 0.488372 0.620155
8016 62 80 0.488372 0.627907
8017 62 81 0.488372 0.635659
8018 62 82 0.488372 0.643411
8019 62 83 0.488372 0.651163
8020 62 84 0.488372 0.658915
8021 62 85 0.488372 0.666667
8022 62 86 0.488372 0.674419
8023 62 87 0.488372 0.682171
8024 62 88 0.488372 0.689922
8025 62 89 0.488372 0.697674
8026 62 90 0.488372 0.705426
8027 62 91 0.488372 0.713178
8028 62 92 0.488372 0.72093
8029 62 93 0.488372 0.728682
8030 62 94 0.488372 0.736434
8031 62 95 0.488372 0.744186
8032 62 96 0.488372 0.751938
8033 62 97 0.488372 0.75969
8034 62 98 0.488372 0.767442
8035 62 99 0.488372 0.775194
8036 62 100 0.488372 0.782946
8037 62 101 0.488372 0.790698
8038 62 102 0.488372 0.79845
8039 62 103 0.488372 0.806202
8040 62 104 0.488372 0.813953
8041 62 105 0.488372 0.821705
8042 62 106 0.488372 0.829457
8043 62 107 0.488372 0.837209
8044 62 108 0.488372 0.844961
8045 62 109 0.488372 0.852713
8046 62 110 0.488372 0.860465
8047 62 111 0.488372 0.868217
8048 62 112 0.488372 0.875969
8049 62 113 0.488372 0.883721
8050 62 114 0.488372 0.891473
8051 62 115 0.488372 0.899225
8052 62 116 0.488372 0.906977
8053 62 117 0.488372 0.914729
8054 62 118 0.488372 0.922481
8055 62 119 0.488372 0.930233
8056 62 120 0.488372 0.937984
8057 62 121 0.488372 0.945736
8058 62 122 0.488372 0.953488
8059 62 123 0.488372 0.96124
8060 62 124 0.488372 0.968992
8061 62 125 0.488372 0.976744
8062 62 126 0.488372 0.984496
8063 62 127 0.488372 0.992248
8064 63 0 0.496124 0.00775194
8065 63 1 0.496124 0.0155039
8066 63 2 0.496124 0.0232558
8067 63 3 0.496124 0.0310078
8068 63 4 0.496124 0.0387597
8069 63 5 0.496124 0.0465116
8070 63 6 0.496124 0.0542636
8071 63 7 0.496124 0.0620155
8072 63 8 0.496124 0.0697674
8073 63 9 0.496124 0.0775194
8074 63 10 0.496124 0.0852713
8075 63 11 0.496124 0.0930233
8076 63 12 0.496124 0.100775
8077 63 13 0.496124 0.108527
8078 63 14 0.496124 0.116279
8079 63 15 0.496124 0.124031
8080 63 16 0.496124 0.131783
8081 63 17 0.496124 0.139535
8082 63 18 0.496124 0.147287
8083 63 19 0.496124 0.155039
8084 63 20 0.496124 0.162791
8085 63 21 0.496124 0.170543
8086 63 22 0.496124 0.178295
8087 63 23 0.496124 0.186047
8088 63 24 0.496124 0.193798
8089 63 25 0.496124 0.20155
8090 63 26 0.496124 0.209302
8091 63 27 0.496124 0.217054
8092 63 28 0.496124 0.224806
8093 63 29 0.496124 0.232558
8094 63 30 0.496124 0.24031
8095 63 31 0.496124 0.248062
8096 63 32 0.496124 0.255814
8097 63 33 0.496124 0.263566
8098 63 34 0.496124 0.271318
8099 63 35 0.496124 0.27907
8100 63 36 0.496124 0.286822
8101 63 37 0.496124 0.294574
8102 63 38 0.496124 0.302326
8103 63 39 0.496124 0.310078
8104 63 40 0.496124 0.317829
8105 63 41 0.496124 0.325581
8106 63 42 0.496124 0.333333
8107 63 43 0.496124 0.341085
8108 63 44 0.496124 0.348837
8109 63 45 0.496124 0.356589
8110 63 46 0.496124 0.364341
8111 63 47 0.496124 0.372093
8112 63 48 0.496124 0.379845
8113 63 49 0.496124 0.387597
8114 63 50 0.496124 0.395349
8115 63 51 0.496124 0.403101
8116 63 52 0.496124 0.410853
8117 63 53 0.496124 0.418605
8118 63 54 0.496124 0.426357
8119 63 55 0.496124 0.434109
8120 63 56 0.496124 0.44186
8121 63 57 0.496124 0.449612
8122 63 58 0.496124 0.457364
8123 63 59 0.496124 0.465116
8124 63 60 0.496124 0.472868
8125 63 61 0.496124 0.48062
8126 63 62 0.496124 0.488372
8127 63 63 0.496124 0.496124
8128 63 64 0.496124 0.503876
8129 63 65 0.496124 0.511628
8130 63 66 0.496124 0.51938
8131 63 67 0.496124 0.527132
8132 63 68 0.496124 0.534884
8133 63 69 0.496124 0.542636
8134 63 70 0.496124 0.550388
8135 63 71 0.496124 0.55814
8136 63 72 0.496124 0.565891
8137 63 73 0.496124 0.573643
8138 63 74 0.496124 0.581395
8139 63 75 0.496124 0.589147
8140 63 76 0.496124 0.596899
8141 63 77 0.496124 0.604651
8142 63 78 0.496124 0.612403
8143 63 79 0.496124 0.620155
8144 63 80 0.496124 0.627907
8145 63 81 0.496124 0.635659
8146 63 82 0.496124 0.643411
8147 63 83 0.496124 0.651163
8148 63 84 0.496124 0.658915
8149 63 85 0.496124 0.666667
8150 63 86 0.496124 0.674419
8151 63 87 0.496124 0.682171
8152 63 88 0.496124 0.689922
8153 63 89 0.496124 0.697674
8154 63 90 0.496124 0.705426
8155 63 91 0.496124 0.713178
8156 63 92 0.496124 0.72093
8157 63 93 0.496124 0.728682
8158 63 94 0.496124 0.736434
8159 63 95 0.496124 0.744186
8160 63 96 0.496124 0.751938
8161 63 97 0.496124 0.75969
8162 63 98 0.496124 0.767442
8163 63 99 0.496124 0.775194
8164 63 100 0.496124 0.782946
8165 63 101 0.496124 0.790698
8166 63 102 0.496124 0.79845
8167 63 103 0.496124 0.806202
8168 63 104 0.496124 0.813953
8169 63 105 0.496124 0.821705
8170 63 106 0.496124 0.829457
8171 63 107 0.496124 0.837209
8172 63 108 0.496124 0.844961
8173 63 109 0.496124 0.852713
8174 63 110 0.496124 0.860465
8175 63 111 0.496124 0.868217
8176 63 112 0.496124 0.875969
8177 63 113 0.496124 0.883721
8178 63 114 0.496124 0.891473
8179 63 115 0.496124 0.899225
8180 63 116 0.496124 0.906977
8181 63 117 0.496124 0.914729
8182 63 118 0.496124 0.922481
8183 63 119 0.496124 0.930233
8184 63 120 0.496124 0.937984
8185 63 121 0.496124 0.945736
8186 63 122 0.496124 0.953488
8187 63 123 0.496124 0.96124
8188 63 124 0.496124 0.968992
8189 63 125 0.496124 0.976744
8190 63 126 0.496124 0.984496
8191 63 127 0.496124 0.992248
8192 64 0 0.503876 0.00775194
8193 64 1 0.503876 0.0155039
8194 64 2 0.503876 0.0232558
8195 64 3 0.503876 0.0310078
8196 64 4 0.503876 0.0387597
8197 64 5 0.503876 0.0465116
8198 64 6 0.503876 0.0542636
8199 64 7 0.503876 0.0620155
8200 64 8 0.503876 0.0697674
8201 64 9 0.503876 0.0775194
8202 64 10 0.503876 0.0852713
8203 64 11 0.503876 0.0930233
8204 64 12 0.503876 0.100775
8205 64 13 0.503876 0.108527
8206 64 14 0.503876 0.116279
8207 64 15 0.503876 0.124031
8208 64 16 0.503876 0.131783
8209 64 17 0.503876 0.139535
8210 64 18 0.503876 0.147287
8211 64 19 0.503876 0.155039
8212 64 20 0.503876 0.162791
8213 64 21 0.503876 0.170543
8214 64 22 0.503876 0.178295
8215 64 23 0.503876 0.186047
8216 64 24 0.503876 0.193798
8217 64 25 0.503876 0.20155
8218 64 26 0.503876 0.209302
8219 64 27 0.503876 0.217054
8220 64 28 0.503876 0.224806
8221 64 29 0.503876 0.232558
8222 64 30 0.503876 0.24031
8223 64 31 0.503876 0.248062
8224 64 32 0.503876 0.255814
8225 64 33 0.503876 0.263566
8226 64 34 0.503876 0.271318
8227 64 35 0.503876 0.27907
8228 64 36 0.503876 0.286822
8229 64 37 0.503876 0.294574
8230 64 38 0.503876 0.302326
8231 64 39 0.503876 0.310078
8232 64 40 0.503876 0.317829
8233 64 41 0.503876 0.325581
8234 64 42 0.503876 0.333333
8235 64 43 0.503876 0.341085
8236 64 44 0.503876 0.348837
8237 64 45 0.503876 0.356589
8238 64 46 0.503876 0.364341
8239 64 47 0.503876 0.372093
8240 64 48 0.503876 0.379845
8241 64 49 0.503876 0.387597
8242 64 50 0.503876 0.395349
8243 64 51 0.503876 0.403101
8244 64 52 0.503876 0.410853
8245 64 53 0.503876 0.418605
8246 64 54 0.503876 0.426357
8247 64 55 0.503876 0.434109
8248 64 56 0.503876 0.44186
8249 64 57 0.503876 0.449612
8250 64 58 0.503876 0.457364
8251 64 59 0.503876 0.465116
8252 64 60 0.503876 0.472868
8253 64 61 0.503876 0.48062
8254 64 62 0.503876 0.488372
8255 64 63 0.503876 0.496124
8256 64 64 0.503876 0.503876
8257 64 65 0.503876 0.511628
8258 64 66 0.503876 0.51938
8259 64 67 0.503876 0.527132
8260 64 68 0.503876 0.534884
8261 64 69 0.503876 0.542636
8262 64 70 0.503876 0.550388
8263 64 71 0.503876 0.55814
8264 64 72 0.503876 0.565891
8265 64 73 0.503876 0.573643
8266 64 74 0.503876 0.581395
8267 64 75 0.503876 0.589147
8268 64 76 0.503876 0.596899
8269 64 77 0.503876 0.604651
8270 64 78 0.503876 0.612403
8271 64 79 0.503876 0.620155
8272 64 80 0.503876 0.627907
8273 64 81 0.503876 0.635659
8274 64 82 0.503876 0.643411
8275 64 83 0.503876 0.651163
8276 64 84 0.503876 0.658915
8277 64 85 0.503876 0.666667
8278 64 86 0.503876 0.674419
8279 64 87 0.503876 0.682171
8280 64 88 0.503876 0.689922
8281 64 89 0.503876 0.697674
8282 64 90 0.503876 0.705426
8283 64 91 0.503876 0.713178
8284 64 92 0.503876 0.72093
8285 64 93 0.503876 0.728682
8286 64 94 0.503876 0.736434
8287 64 95 0.503876 0.744186
8288 64 96 0.503876 0.751938
8289 64 97 0.503876 0.75969
8290 64 98 0.503876 0.767442
8291 64 99 0.503876 0.775194
8292 64 100 0.503876 0.782946
8293 64 101 0.503876 0.790698
8294 64 102 0.503876 0.79845
8295 64 103 0.503876 0.806202
8296 64 104 0.503876 0.813953
8297 64 105 0.503876 0.821705
8298 64 106 0.503876 0.829457
8299 64 107 0.503876 0.837209
8300 64 108 0.503876 0.844961
8301 64 109 0.503876 0.852713
8302 64 110 0.503876 0.860465
8303 64 111 0.503876 0.868217
8304 64 112 0.503876 0.875969
8305 64 113 0.503876 0.883721
8306 64 114 0.503876 0.891473
8307 64 115 0.503876 0.899225
8308 64 116 0.503876 0.906977
8309 64 117 0.503876 0.914729
8310 64 118 0.503876 0.922481
8311 64 119 0.503876 0.930233
8312 64 120 0.503876 0.937984
8313 64 121 0.503876 0.945736
8314 64 122 0.503876 0.953488
8315 64 123 0.503876 0.96124
8316 64 124 0.503876 0.968992
8317 64 125 0.503876 0.976744
8318 64 126 0.503876 0.984496
8319 64 127 0.503876 0.992248
8320 65 0 0.511628 0.00775194
8321 65 1 0.511628 0.0155039
8322 65 2 0.511628 0.0232558
8323 65 3 0.511628 0.0310078
8324 65 4 0.511628 0.0387597
8325 65 5 0.511628 0.0465116
8326 65 6 0.511628 0.0542636
8327 65 7 0.511628 0.0620155
8328 65 8 0.511628 0.0697674
8329 65 9 0.511628 0.0775194
8330 65 10 0.511628 0.0852713
8331 65 11 0.511628 0.0930233
8332 65 12 0.511628 0.100775
8333 65 13 0.511628 0.108527
8334 65 14 0.511628 0.116279
8335 65 15 0.511628 0.124031
8336 65 16 0.511628 0.131783
8337 65 17 0.511628 0.139535
8338 65 18 0.511628 0.147287
8339 65 19 0.511628 0.155039
8340 65 20 0.511628 0.162791
8341 65 21 0.511628 0.170543
8342 65 22 0.511628 0.178295
8343 65 23 0.511628 0.186047
8344 65 24 0.511628 0.193798
8345 65 25 0.511628 0.20155
8346 65 26 0.511628 0.209302
8347 65 27 0.511628 0.217054
8348 65 28 0.511628 0.224806
8349 65 29 0.511628 0.232558
8350 65 30 0.511628 0.24031
8351 65 31 0.511628 0.248062
8352 65 32 0.511628 0.255814
8353 65 33 0.511628 0.263566
8354 65 34 0.511628 0.271318
8355 65 35 0.511628 0.27907
8356 65 36 0.511628 0.286822
8357 65 37 0.511628 0.294574
8358 65 38 0.511628 0.302326
8359 65 39 0.511628 0.310078
8360 65 40 0.511628 0.317829
8361 65 41 0.511628 0.325581
8362 65 42 0.511628 0.333333
8363 65 43 0.511628 0.341085
8364 65 44 0.511628 0.348837
8365 65 45 0.511628 0.356589
8366 65 46 0.511628 0.364341
8367 65 47 0.511628 0.372093
8368 65 48 0.511628 0.379845
8369 65 49 0.511628 0.387597
8370 65 50 0.511628 0.395349
8371 65 51 0.511628 0.403101
8372 65 52 0.511628 0.410853
8373 65 53 0.511628 0.418605
8374 65 54 0.511628 0.426357
8375 65 55 0.511628 0.434109
8376 65 56 0.511628 0.44186
8377 65 57 0.511628 0.449612
8378 65 58 0.511628 0.457364
8379 65 59 0.511628 0.465116
8380 65 60 0.511628 0.472868
8381 65 61 0.511628 0.48062
8382 65 62 0.511628 0.488372
8383 65 63 0.511628 0.496124
8384 65 64 0.511628 0.503876
8385 65 65 0.511628 0.511628
8386 65 66 0.511628 0.51938
8387 65 67 0.511628 0.527132
8388 65 68 0.511628 0.534884
8389 65 69 0.511628 0.542636
8390 65 70 0.511628 0.550388
8391 65 71 0.511628 0.55814
8392 65 72 0.511628 0.565891
8393 65 73 0.511628 0.573643
8394 65 74 0.511628 0.581395
8395 65 75 0.511628 0.589147
8396 65 76 0.511628 0.596899
8397 65 77 0.511628 0.604651
8398 65 78 0.511628 0.612403
8399 65 79 0.511628 0.620155
8400 65 80 0.511628 0.627907
8401 65 81 0.511628 0.635659
8402 65 82 0.511628 0.643411
8403 65 83 0.511628 0.651163
8404 65 84 0.511628 0.658915
8405 65 85 0.511628 0.666667
8406 65 86 0.511628 0.674419
8407 65 87 0.511628 0.682171
8408 65 88 0.511628 0.689922
8409 65 89 0.511628 0.697674
8410 65 90 0.511628 0.705426
8411 65 91 0.511628 0.713178
8412 65 92 0.511628 0.72093
8413 65 93 0.511628 0.728682
8414 65 94 0.511628 0.736434
8415 65 95 0.511628 0.744186
8416 65 96 0.511628 0.751938
8417 65 97 0.511628 0.75969
8418 65 98 0.511628 0.767442
8419 65 99 0.511628 0.775194
8420 65 100 0.511628 0.782946
8421 65 101 0.511628 0.790698
8422 65 102 0.511628 0.79845
8423 65 103 0.511628 0.806202
8424 65 104 0.511628 0.813953
8425 65 105 0.511628 0.821705
8426 65 106 0.511628 0.829457
8427 65 107 0.511628 0.837209
8428 65 108 0.511628 0.844961
8429 65 109 0.511628 0.852713
8430 65 110 0.511628 0.860465
8431 65 111 0.511628 0.868217
8432 65 112 0.511628 0.875969
8433 65 113 0.511628 0.883721
8434 65 114 0.511628 0.891473
8435 65 115 0.511628 0.899225
8436 65 116 0.511628 0.906977
8437 65 117 0.511628 0.914729
8438 65 118 0.511628 0.922481
8439 65 119 0.511628 0.930233
8440 65 120 0.511628 0.937984
8441 65 121 0.511628 0.945736
8442 65 122 0.511628 0.953488
8443 65 123 0.511628 0.96124
8444 65 124 0.511628 0.968992
8445 65 125 0.511628 0.976744
8446 65 126 0.511628 0.984496
8447 65 127 0.511628 0.992248
8448 66 0 0.51938 0.00775194
8449 66 1 0.51938 0.0155039
8450 66 2 0.51938 0.0232558
8451 66 3 0.51938 0.0310078
8452 66 4 0.51938 0.0387597
8453 66 5 0.51938 0.0465116
8454 66 6 0.51938 0.0542636
8455 66 7 0.51938 0.0620155
8456 66 8 0.51938 0.0697674
8457 66 9 0.51938 0.0775194
8458 66 10 0.51938 0.0852713
8459 66 11 0.51938 0.0930233
8460 66 12 0.51938 0.100775
8461 66 13 0.51938 0.108527
8462 66 14 0.51938 0.116279
8463 66 15 0.51938 0.124031
8464 66 16 0.51938 0.131783
8465 66 17 0.51938 0.139535
8466 66 18 0.51938 0.147287
8467 66 19 0.51938 0.155039
8468 66 20 0.51938 0.162791
8469 66 21 0.51938 0.170543
8470 66 22 0.51938 0.178295
8471 66 23 0.51938 0.186047
8472 66 24 0.51938 0.193798
8473 66 25 0.51938 0.20155
8474 66 26 0.51938 0.209302
8475 66 27 0.51938 0.217054
8476 66 28 0.51938 0.224806
8477 66 29 0.51938 0.232558
8478 66 30 0.51938 0.24031
8479 66 31 0.51938 0.248062
8480 66 32 0.51938 0.255814
8481 66 33 0.51938 0.263566
8482 66 34 0.51938 0.271318
8483 66 35 0.51938 0.27907
8484 66 36 0.51938 0.286822
8485 66 37 0.51938 0.294574
8486 66 38 0.51938 0.302326
8487 66 39 0.51938 0.310078
8488 66 40 0.51938 0.317829
8489 66 41 0.51938 0.325581
8490 66 42 0.51938 0.333333
8491 66 43 0.51938 0.341085
8492 66 44 0.51938 0.348837
8493 66 45 0.51938 0.356589
8494 66 46 0.51938 0.364341
8495 66 47 0.51938 0.372093
8496 66 48 0.51938 0.379845
8497 66 49 0.51938 0.387597
8498 66 50 0.51938 0.395349
8499 66 51 0.51938 0.403101
8500 66 52 0.51938 0.410853
8501 66 53 0.51938 0.418605
8502 66 54 0.51938 0.426357
8503 66 55 0.51938 0.434109
8504 66 56 0.51938 0.44186
8505 66 57 0.51938 0.449612
8506 66 58 0.51938 0.457364
8507 66 59 0.51938 0.465116
8508 66 60 0.51938 0.472868
8509 66 61 0.51938 0.48062
8510 66 62 0.51938 0.488372
8511 66 63 0.51938 0.496124
8512 66 64 0.51938 0.503876
8513 66 65 0.51938 0.511628
8514 66 66 0.51938 0.51938
8515 66 67 0.51938 0.527132
8516 66 68 0.51938 0.534884
8517 66 69 0.51938 0.542636
8518 66 70 0.51938 0.550388
8519 66 71 0.51938 0.55814
8520 66 72 0.51938 0.565891
8521 66 73 0.51938 0.573643
8522 66 74 0.51938 0.581395
8523 66 75 0.51938 0.589147
8524 66 76 0.51938 0.596899
8525 66 77 0.51938 0.604651
8526 66 78 0.51938 0.612403
8527 66 79 0.51938 0.620155
8528 66 80 0.51938 0.627907
8529 66 81 0.51938 0.635659
8530 66 82 0.51938 0.643411
8531 66 83 0.51938 0.651163
8532 66 84 0.51938 0.658915
8533 66 85 0.51938 0.666667
8534 66 86 0.51938 0.674419
8535 66 87 0.51938 0.682171
8536 66 88 0.51938 0.689922
8537 66 89 0.51938 0.697674
8538 66 90 0.51938 0.705426
8539 66 91 0.51938 0.713178
8540 66 92 0.51938 0.72093
8541 66 93 0.51938 0.728682
8542 66 94 0.51938 0.736434
8543 66 95 0.51938 0.744186
8544 66 96 0.51938 0.751938
8545 66 97 0.51938 0.75969
8546 66 98 0.51938 0.767442
8547 66 99 0.51938 0.775194
8548 66 100 0.51938 0.782946
8549 66 101 0.51938 0.790698
8550 66 102 0.51938 0.79845
8551 66 103 0.51938 0.806202
8552 66 104 0.51938 0.813953
8553 66 105 0.51938 0.821705
8554 66 106 0.51938 0.829457
8555 66 107 0.51938 0.837209
8556 66 108 0.51938 0.844961
8557 66 109 0.51938 0.852713
8558 66 110 0.51938 0.860465
8559 66 111 0.51938 0.868217
8560 66 112 0.51938 0.875969
8561 66 113 0.51938 0.883721
8562 66 114 0.51938 0.891473
8563 66 115 0.51938 0.899225
8564 66 116 0.51938 0.906977
8565 66 117 0.51938 0.914729
8566 66 118 0.51938 0.922481
8567 66 119 0.51938 0.930233
8568 66 120 0.51938 0.937984
8569 66 121 0.51938 0.945736
8570 66 122 0.51938 0.953488
8571 66 123 0.51938 0.96124
8572 66 124 0.51938 0.968992
8573 66 125 0.51938 0.976744
8574 66 126 0.51938 0.984496
8575 66 127 0.51938 0.992248
8576 67 0 0.527132 0.00775194
8577 67 1 0.527132 0.0155039
8578 67 2 0.527132 0.0232558
8579 67 3 0.527132 0.0310078
8580 67 4 0.527132 0.0387597
8581 67 5 0.527132 0.0465116
8582 67 6 0.527132 0.0542636
8583 67 7 0.527132 0.0620155
8584 67 8 0.527132 0.0697674
8585 67 9 0.527132 0.0775194
8586 67 10 0.527132 0.0852713
8587 67 11 0.527132 0.0930233
8588 67 12 0.527132 0.100775
8589 67 13 0.527132 0.108527
8590 67 14 0.527132 0.116279
8591 67 15 0.527132 0.124031
8592 67 16 0.527132 0.131783
8593 67 17 0.527132 0.139535
8594 67 18 0.527132 0.147287
8595 67 19 0.527132 0.155039
8596 67 20 0.527132 0.162791
8597 67 21 0.527132 0.170543
8598 67 22 0.527132 0.178295
8599 67 23 0.527132 0.186047
8600 67 24 0.527132 0.193798
8601 67 25 0.527132 0.20155
8602 67 26 0.527132 0.209302
8603 67 27 0.527132 0.217054
8604 67 28 0.527132 0.224806
8605 67 29 0.527132 0.232558
8606 67 30 0.527132 0.24031
8607 67 31 0.527132 0.248062
8608 67 32 0.527132 0.255814
8609 67 33 0.527132 0.263566
8610 67 34 0.527132 0.271318
8611 67 35 0.527132 0.27907
8612 67 36 0.527132 0.286822
8613 67 37 0.527132 0.294574
8614 67 38 0.527132 0.302326
8615 67 39 0.527132 0.310078
8616 67 40 0.527132 0.317829
8617 67 41 0.527132 0.325581
8618 67 42 0.527132 0.333333
8619 67 43 0.527132 0.341085
8620 67 44 0.527132 0.348837
8621 67 45 0.527132 0.356589
8622 67 46 0.527132 0.364341
8623 67 47 0.527132 0.372093
8624 67 48 0.527132 0.379845
8625 67 49 0.527132 0.387597
8626 67 50 0.527132 0.395349
8627 67 51 0.527132 0.403101
8628 67 52 0.527132 0.410853
8629 67 53 0.527132 0.418605
8630 67 54 0.527132 0.426357
8631 67 55 0.527132 0.434109
8632 67 56 0.527132 0.44186
8633 67 57 0.527132 0.449612
8634 67 58 0.527132 0.457364
8635 67 59 0.527132 0.465116
8636 67 60 0.527132 0.472868
8637 67 61 0.527132 0.48062
8638 67 62 0.527132 0.488372
8639 67 63 0.527132 0.496124
8640 67 64 0.527132 0.503876
8641 67 65 0.527132 0.511628
8642 67 66 0.527132 0.51938
8643 67 67 0.527132 0.527132
8644 67 68 0.527132 0.534884
8645 67 69 0.527132 0.542636
8646 67 70 0.527132 0.550388
8647 67 71 0.527132 0.55814
8648 67 72 0.527132 0.565891
8649 67 73 0.527132 0.573643
8650 67 74 0.527132 0.581395
8651 67 75 0.527132 0.589147
8652 67 76 0.527132 0.596899
8653 67 77 0.527132 0.604651
8654 67 78 0.527132 0.612403
8655 67 79 0.527132 0.620155
8656 67 80 0.527132 0.627907
8657 67 81 0.527132 0.635659
8658 67 82 0.527132 0.643411
8659 67 83 0.527132 0.651163
8660 67 84 0.527132 0.658915
8661 67 85 0.527132 0.666667
8662 67 86 0.527132 0.674419
8663 67 87 0.527132 0.682171
8664 67 88 0.527132 0.689922
8665 67 89 0.527132 0.697674
8666 67 90 0.527132 0.705426
8667 67 91 0.527132 0.713178
8668 67 92 0.527132 0.72093
8669 67 93 0.527132 0.728682
8670 67 94 0.527132 0.736434
8671 67 95 0.527132 0.744186
8672 67 96 0.527132 0.751938
8673 67 97 0.527132 0.75969
8674 67 98 0.527132 0.767442
8675 67 99 0.527132 0.775194
8676 67 100 0.527132 0.782946
8677 67 101 0.527132 0.790698
8678 67 102 0.527132 0.79845
8679 67 103 0.527132 0.806202
8680 67 104 0.527132 0.813953
8681 67 105 0.527132 0.821705
8682 67 106 0.527132 0.829457
8683 67 107 0.527132 0.837209
8684 67 108 0.527132 0.844961
8685 67 109 0.527132 0.852713
8686 67 110 0.527132 0.860465
8687 67 111 0.527132 0.868217
8688 67 112 0.527132 0.875969
8689 67 113 0.527132 0.883721
8690 67 114 0.527132 0.891473
8691 67 115 0.527132 0.899225
8692 67 116 0.527132 0.906977
8693 67 117 0.527132 0.914729
8694 67 118 0.527132 0.922481
8695 67 119 0.527132 0.930233
8696 67 120 0.527132 0.937984
8697 67 121 0.527132 0.945736
8698 67 122 0.527132 0.953488
8699 67 123 0.527132 0.96124
8700 67 124 0.527132 0.968992
8701 67 125 0.527132 0.976744
8702 67 126 0.527132 0.984496
8703 67 127 0.527132 0.992248
8704 68 0 0.534884 0.00775194
8705 68 1 0.534884 0.0155039
8706 68 2 0.534884 0.0232558
8707 68 3 0.534884 0.0310078
8708 68 4 0.534884 0.0387597
8709 68 5 0.534884 0.0465116
8710 68 6 0.534884 0.0542636
8711 68 7 0.534884 0.0620155
8712 68 8 0.534884 0.0697674
8713 68 9 0.534884 0.0775194
8714 68 10 0.534884 0.0852713
8715 68 11 0.534884 0.0930233
8716 68 12 0.534884 0.100775
8717 68 13 0.534884 0.108527
8718 68 14 0.534884 0.116279
8719 68 15 0.534884 0.124031
8720 68 16 0.534884 0.131783
8721 68 17 0.534884 0.139535
8722 68 18 0.534884 0.147287
8723 68 19 0.534884 0.155039
8724 68 20 0.534884 0.162791
8725 68 21 0.534884 0.170543
8726 68 22 0.534884 0.178295
8727 68 23 0.534884 0.186047
8728 68 24 0.534884 0.193798
8729 68 25 0.534884 0.20155
8730 68 26 0.534884 0.209302
8731 68 27 0.534884 0.217054
8732 68 28 0.534884 0.224806
8733 68 29 0.534884 0.232558
8734 68 30 0.534884 0.24031
8735 68 31 0.534884 0.248062
8736 68 32 0.534884 0.255814
8737 68 33 0.534884 0.263566
8738 68 34 0.534884 0.271318
8739 68 35 0.534884 0.27907
8740 68 36 0.534884 0.286822
8741 68 37 0.534884 0.294574
8742 68 38 0.534884 0.302326
8743 68 39 0.534884 0.310078
8744 68 40 0.534884 0.317829
8745 68 41 0.534884 0.325581
8746 68 42 0.534884 0.333333
8747 68 43 0.534884 0.341085
8748 68 44 0.534884 0.348837
8749 68 45 0.534884 0.356589
8750 68 46 0.534884 0.364341
8751 68 47 0.534884 0.372093
8752 68 48 0.534884 0.379845
8753 68 49 0.534884 0.387597
8754 68 50 0.534884 0.395349
8755 68 51 0.534884 0.403101
8756 68 52 0.534884 0.410853
8757 68 53 0.534884 0.418605
8758 68 54 0.534884 0.426357
8759 68 55 0.534884 0.434109
8760 68 56 0.534884 0.44186
8761 68 57 0.534884 0.449612
8762 68 58 0.534884 0.457364
8763 68 59 0.534884 0.465116
8764 68 60 0.534884 0.472868
8765 68 61 0.534884 0.48062
8766 68 62 0.534884 0.488372
8767 68 63 0.534884 0.496124
8768 68 64 0.534884 0.503876
8769 68 65 0.534884 0.511628
8770 68 66 0.534884 0.51938
8771 68 67 0.534884 0.527132
8772 68 68 0.534884 0.534884
8773 68 69 0.534884 0.542636
8774 68 70 0.534884 0.550388
8775 68 71 0.534884 0.55814
8776 68 72 0.534884 0.565891
8777 68 73 0.534884 0.573643
8778 68 74 0.534884 0.581395
8779 68 75 0.534884 0.589147
8780 68 76 0.534884 0.596899
8781 68 77 0.534884 0.604651
8782 68 78 0.534884 0.612403
8783 68 79 0.534884 0.620155
8784 68 80 0.534884 0.627907
8785 68 81 0.534884 0.635659
8786 68 82 0.534884 0.643411
8787 68 83 0.534884 0.651163
8788 68 84 0.534884 0.658915
8789 68 85 0.534884 0.666667
8790 68 86 0.534884 0.674419
8791 68 87 0.534884 0.682171
8792 68 88 0.534884 0.689922
8793 68 89 0.534884 0.697674
8794 68 90 0.534884 0.705426
8795 68 91 0.534884 0.713178
8796 68 92 0.534884 0.72093
8797 68 93 0.534884 0.728682
8798 68 94 0.534884 0.736434
8799 68 95 0.534884 0.744186
8800 68 96 0.534884 0.751938
8801 68 97 0.534884 0.75969
8802 68 98 0.534884 0.767442
8803 68 99 0.534884 0.775194
8804 68 100 0.534884 0.782946
8805 68 101 0.534884 0.790698
8806 68 102 0.534884 0.79845
8807 68 103 0.534884 0.806202
8808 68 104 0.534884 0.813953
8809 68 105 0.534884 0.821705
8810 68 106 0.534884 0.829457
8811 68 107 0.534884 0.837209
8812 68 108 0.534884 0.844961
8813 68 109 0.534884 0.852713
8814 68 110 0.534884 0.860465
8815 68 111 0.534884 0.868217
8816 68 112 0.534884 0.875969
8817 68 113 0.534884 0.883721
8818 68 114 0.534884 0.891473
8819 68 115 0.534884 0.899225
8820 68 116 0.534884 0.906977
8821 68 117 0.534884 0.914729
8822 68 118 0.534884 0.922481
8823 68 119 0.534884 0.930233
8824 68 120 0.534884 0.937984
8825 68 121 0.534884 0.945736
8826 68 122 0.534884 0.953488
8827 68 123 0.534884 0.96124
8828 68 124 0.534884 0.968992
8829 68 125 0.534884 0.976744
8830 68 126 0.534884 0.984496
8831 68 127 0.534884 0.992248
8832 69 0 0.542636 0.00775194
8833 69 1 0.542636 0.0155039
8834 69 2 0.542636 0.0232558
8835 69 3 0.542636 0.0310078
8836 69 4 0.542636 0.0387597
8837 69 5 0.542636 0.0465116
8838 69 6 0.542636 0.0542636
8839 69 7 0.542636 0.0620155
8840 69 8 0.542636 0.0697674
8841 69 9 0.542636 0.0775194
8842 69 10 0.542636 0.0852713
8843 69 11 0.542636 0.0930233
8844 69 12 0.542636 0.100775
8845 69 13 0.542636 0.108527
8846 69 14 0.542636 0.116279
8847 69 15 0.542636 0.124031
8848 69 16 0.542636 0.131783
8849 69 17 0.542636 0.139535
8850 69 18 0.542636 0.147287
8851 69 19 0.542636 0.155039
8852 69 20 0.542636 0.162791
8853 69 21 0.542636 0.170543
8854 69 22 0.542636 0.178295
8855 69 23 0.542636 0.186047
8856 69 24 0.542636 0.193798
8857 69 25 0.542636 0.20155
8858 69 26 0.542636 0.209302
8859 69 27 0.542636 0.217054
8860 69 28 0.542636 0.224806
8861 69 29 0.542636 0.232558
8862 69 30 0.542636 0.24031
8863 69 31 0.542636 0.248062
8864 69 32 0.542636 0.255814
8865 69 33 0.542636 0.263566
8866 69 34 0.542636 0.271318
8867 69 35 0.542636 0.27907
8868 69 36 0.542636 0.286822
8869 69 37 0.542636 0.294574
8870 69 38 0.542636 0.302326
8871 69 39 0.542636 0.310078
8872 69 40 0.542636 0.317829
8873 69 41 0.542636 0.325581
8874 69 42 0.542636 0.333333
8875 69 43 0.542636 0.341085
8876 69 44 0.542636 0.348837
8877 69 45 0.542636 0.356589
8878 69 46 0.542636 0.364341
8879 69 47 0.542636 0.372093
8880 69 48 0.542636 0.379845
8881 69 49 0.542636 0.387597
8882 69 50 0.542636 0.395349
8883 69 51 0.542636 0.403101
8884 69 52 0.542636 0.410853
8885 69 53 0.542636 0.418605
8886 69 54 0.542636 0.426357
8887 69 55 0.542636 0.434109
8888 69 56 0.542636 0.44186
8889 69 57 0.542636 0.449612
8890 69 58 0.542636 0.457364
8891 69 59 0.542636 0.465116
8892 69 60 0.542636 0.472868
8893 69 61 0.542636 0.48062
8894 69 62 0.542636 0.488372
8895 69 63 0.542636 0.496124
8896 69 64 0.542636 0.503876
8897 69 65 0.542636 0.511628
8898 69 66 0.542636 0.51938
8899 69 67 0.542636 0.527132
8900 69 68 0.542636 0.534884
8901 69 69 0.542636 0.542636
8902 69 70 0.542636 0.550388
8903 69 71 0.542636 0.55814
8904 69 72 0.542636 0.565891
8905 69 73 0.542636 0.573643
8906 69 74 0.542636 0.581395
8907 69 75 0.542636 0.589147
8908 69 76 0.542636 0.596899
8909 69 77 0.542636 0.604651
8910 69 78 0.542636 0.612403
8911 69 79 0.542636 0.620155
8912 69 80 0.542636 0.627907
8913 69 81 0.542636 0.635659
8914 69 82 0.542636 0.643411
8915 69 83 0.542636 0.651163
8916 69 84 0.542636 0.658915
8917 69 85 0.542636 0.666667
8918 69 86 0.542636 0.674419
8919 69 87 0.542636 0.682171
8920 69 88 0.542636 0.689922
8921 69 89 0.542636 0.697674
8922 69 90 0.542636 0.705426
8923 69 91 0.542636 0.713178
8924 69 92 0.542636 0.72093
8925 69 93 0.542636 0.728682
8926 69 94 0.542636 0.736434
8927 69 95 0.542636 0.744186
8928 69 96 0.542636 0.751938
8929 69 97 0.542636 0.75969
8930 69 98 0.542636 0.767442
8931 69 99 0.542636 0.775194
8932 69 100 0.542636 0.782946
8933 69 101 0.542636 0.790698
8934 69 102 0.542636 0.79845
8935 69 103 0.542636 0.806202
8936 69 104 0.542636 0.813953
8937 69 105 0.542636 0.821705
8938 69 106 0.542636 0.829457
8939 69 107 0.542636 0.837209
8940 69 108 0.542636 0.844961
8941 69 109 0.542636 0.852713
8942 69 110 0.542636 0.860465
8943 69 111 0.542636 0.868217
8944 69 112 0.542636 0.875969
8945 69 113 0.542636 0.883721
8946 69 114 0.542636 0.891473
8947 69 115 0.542636 0.899225
8948 69 116 0.542636 0.906977
8949 69 117 0.542636 0.914729
8950 69 118 0.542636 0.922481
8951 69 119 0.542636 0.930233
8952 69 120 0.542636 0.937984
8953 69 121 0.542636 0.945736
8954 69 122 0.542636 0.953488
8955 69 123 0.542636 0.96124
8956 69 124 0.542636 0.968992
8957 69 125 0.542636 0.976744
8958 69 126 0.542636 0.984496
8959 69 127 0.542636 0.992248
8960 70 0 0.550388 0.00775194
8961 70 1 0.550388 0.0155039
8962 70 2 0.550388 0.0232558
8963 70 3 0.550388 0.0310078
8964 70 4 0.550388 0.0387597
8965 70 5 0.550388 0.0465116
8966 70 6 0.550388 0.0542636
8967 70 7 0.550388 0.0620155
8968 70 8 0.550388 0.0697674
8969 70 9 0.550388 0.0775194
8970 70 10 0.550388 0.0852713
8971 70 11 0.550388 0.0930233
8972 70 12 0.550388 0.100775
8973 70 13 0.550388 0.108527
8974 70 14 0.550388 0.116279
8975 70 15 0.550388 0.124031
8976 70 16 0.550388 0.131783
8977 70 17 0.550388 0.139535
8978 70 18 0.550388 0.147287
8979 70 19 0.550388 0.155039
8980 70 20 0.550388 0.162791
8981 70 21 0.550388 0.170543
8982 70 22 0.550388 0.178295
8983 70 23 0.550388 0.186047
8984 70 24 0.550388 0.193798
8985 70 25 0.550388 0.20155
8986 70 26 0.550388 0.209302
8987 70 27 0.550388 0.217054
8988 70 28 0.550388 0.224806
8989 70 29 0.550388 0.232558
8990 70 30 0.550388 0.24031
8991 70 31 0.550388 0.248062
8992 70 32 0.550388 0.255814
8993 70 33 0.550388 0.263566
8994 70 34 0.550388 0.271318
8995 70 35 0.550388 0.27907
8996 70 36 0.550388 0.286822
8997 70 37 0.550388 0.294574
8998 70 38 0.550388 0.302326
8999 70 39 0.550388 0.310078
9000 70 40 0.550388 0.317829
9001 70 41 0.550388 0.325581
9002 70 42 0.550388 0.333333
9003 70 43 0.550388 0.341085
9004 70 44 0.550388 0.348837
9005 70 45 0.550388 0.356589
9006 70 46 0.550388 0.364341
9007 70 47 0.550388 0.372093
9008 70 48 0.550388 0.379845
9009 70 49 0.550388 0.387597
9010 70 50 0.550388 0.395349
9011 70 51 0.550388 0.403101
9012 70 52 0.550388 0.410853
9013 70 53 0.550388 0.418605
9014 70 54 0.550388 0.426357
9015 70 55 0.550388 0.434109
9016 70 56 0.550388 0.44186
9017 70 57 0.550388 0.449612
9018 70 58 0.550388 0.457364
9019 70 59 0.550388 0.465116
9020 70 60 0.550388 0.472868
9021 70 61 0.550388 0.48062
9022 70 62 0.550388 0.488372
9023 70 63 0.550388 0.496124
9024 70 64 0.550388 0.503876
9025 70 65 0.550388 0.511628
9026 70 66 0.550388 0.51938
9027 70 67 0.550388 0.527132
9028 70 68 0.550388 0.534884
9029 70 69 0.550388 0.542636
9030 70 70 0.550388 0.550388
9031 70 71 0.550388 0.55814
9032 70 72 0.550388 0.565891
9033 70 73 0.550388 0.573643
9034 70 74 0.550388 0.581395
9035 70 75 0.550388 0.589147
9036 70 76 0.550388 0.596899
9037 70 77 0.550388 0.604651
9038 70 78 0.550388 0.612403
9039 70 79 0.550388 0.620155
9040 70 80 0.550388 0.627907
9041 70 81 0.550388 0.635659
9042 70 82 0.550388 0.643411
9043 70 83 0.550388 0.651163
9044 70 84 0.550388 0.658915
9045 70 85 0.550388 0.666667
9046 70 86 0.550388 0.674419
9047 70 87 0.550388 0.682171
9048 70 88 0.550388 0.689922
9049 70 89 0.550388 0.697674
9050 70 90 0.550388 0.705426
9051 70 91 0.550388 0.713178
9052 70 92 0.550388 0.72093
9053 70 93 0.550388 0.728682
9054 70 94 0.550388 0.736434
9055 70 95 0.550388 0.744186
9056 70 96 0.550388 0.751938
9057 70 97 0.550388 0.75969
9058 70 98 0.550388 0.767442
9059 70 99 0.550388 0.775194
9060 70 100 0.550388 0.782946
9061 70 101 0.550388 0.790698
9062 70 102 0.550388 0.79845
9063 70 103 0.550388 0.806202
9064 70 104 0.550388 0.813953
9065 70 105 0.550388 0.821705
9066 70 106 0.550388 0.829457
9067 70 107 0.550388 0.837209
9068 70 108 0.550388 0.844961
9069 70 109 0.550388 0.852713
9070 70 110 0.550388 0.860465
9071 70 111 0.550388 0.868217
9072 70 112 0.550388 0.875969
9073 70 113 0.550388 0.883721
9074 70 114 0.550388 0.891473
9075 70 115 0.550388 0.899225
9076 70 116 0.550388 0.906977
9077 70 117 0.550388 0.914729
9078 70 118 0.550388 0.922481
9079 70 119 0.550388 0.930233
9080 70 120 0.550388 0.937984
9081 70 121 0.550388 0.945736
9082 70 122 0.550388 0.953488
9083 70 123 0.550388 0.96124
9084 70 124 0.550388 0.968992
9085 70 125 0.550388 0.976744
9086 70 126 0.550388 0.984496
9087 70 127 0.550388 0.992248
9088 71 0 0.55814 0.00775194
9089 71 1 0.55814 0.0155039
9090 71 2 0.55814 0.0232558
9091 71 3 0.55814 0.0310078
9092 71 4 0.55814 0.0387597
9093 71 5 0.55814 0.0465116
9094 71 6 0.55814 0.0542636
9095 71 7 0.55814 0.0620155
9096 71 8 0.55814 0.0697674
9097 71 9 0.55814 0.0775194
9098 71 10 0.55814 0.0852713
9099 71 11 0.55814 0.0930233
9100 71 12 0.55814 0.100775
9101 71 13 0.55814 0.108527
9102 71 14 0.55814 0.116279
9103 71 15 0.55814 0.124031
9104 71 16 0.55814 0.131783
9105 71 17 0.55814 0.139535
9106 71 18 0.55814 0.147287
9107 71 19 0.55814 0.155039
9108 71 20 0.55814 0.162791
9109 71 21 0.55814 0.170543
9110 71 22 0.55814 0.178295
9111 71 23 0.55814 0.186047
9112 71 24 0.55814 0.193798
9113 71 25 0.55814 0.20155
9114 71 26 0.55814 0.209302
9115 71 27 0.55814 0.217054
9116 71 28 0.55814 0.224806
9117 71 29 0.55814 0.232558
9118 71 30 0.55814 0.24031
9119 71 31 0.55814 0.248062
9120 71 32 0.55814 0.255814
9121 71 33 0.55814 0.263566
9122 71 34 0.55814 0.271318
9123 71 35 0.55814 0.27907
9124 71 36 0.55814 0.286822
9125 71 37 0.55814 0.294574
9126 71 38 0.55814 0.302326
9127 71 39 0.55814 0.310078
9128 71 40 0.55814 0.317829
9129 71 41 0.55814 0.325581
9130 71 42 0.55814 0.333333
9131 71 43 0.55814 0.341085
9132 71 44 0.55814 0.348837
9133 71 45 0.55814 0.356589
9134 71 46 0.55814 0.364341
9135 71 47 0.55814 0.372093
9136 71 48 0.55814 0.379845
9137 71 49 0.55814 0.387597
9138 71 50 0.55814 0.395349
9139 71 51 0.55814 0.403101
9140 71 52 0.55814 0.410853
9141 71 53 0.55814 0.418605
9142 71 54 0.55814 0.426357
9143 71 55 0.55814 0.434109
9144 71 56 0.55814 0.44186
9145 71 57 0.55814 0.449612
9146 71 58 0.55814 0.457364
9147 71 59 0.55814 0.465116
9148 71 60 0.55814 0.472868
9149 71 61 0.55814 0.48062
9150 71 62 0.55814 0.488372
9151 71 63 0.55814 0.496124
9152 71 64 0.55814 0.503876
9153 71 65 0.55814 0.511628
9154 71 66 0.55814 0.51938
9155 71 67 0.55814 0.527132
9156 71 68 0.55814 0.534884
9157 71 69 0.55814 0.542636
9158 71 70 0.55814 0.550388
9159 71 71 0.55814 0.55814
9160 71 72 0.55814 0.565891
9161 71 73 0.55814 0.573643
9162 71 74 0.55814 0.581395
9163 71 75 0.55814 0.589147
9164 71 76 0.55814 0.596899
9165 71 77 0.55814 0.604651
9166 71 78 0.55814 0.612403
9167 71 79 0.55814 0.620155
9168 71 80 0.55814 0.627907
9169 71 81 0.55814 0.635659
9170 71 82 0.55814 0.643411
9171 71 83 0.55814 0.651163
9172 71 84 0.55814 0.658915
9173 71 85 0.55814 0.666667
9174 71 86 0.55814 0.674419
9175 71 87 0.55814 0.682171
9176 71 88 0.55814 0.689922
9177 71 89 0.55814 0.697674
9178 71 90 0.55814 0.705426
9179 71 91 0.55814 0.713178
9180 71 92 0.55814 0.72093
9181 71 93 0.55814 0.728682
9182 71 94 0.55814 0.736434
9183 71 95 0.55814 0.744186
9184 71 96 0.55814 0.751938
9185 71 97 0.55814 0.75969
9186 71 98 0.55814 0.767442
9187 71 99 0.55814 0.775194
9188 71 100 0.55814 0.782946
9189 71 101 0.55814 0.790698
9190 71 102 0.55814 0.79845
9191 71 103 0.55814 0.806202
9192 71 104 0.55814 0.813953
9193 71 105 0.55814 0.821705
9194 71 106 0.55814 0.829457
9195 71 107 0.55814 0.837209
9196 71 108 0.55814 0.844961
9197 71 109 0.55814 0.852713
9198 71 110 0.55814 0.860465
9199 71 111 0.55814 0.868217
9200 71 112 0.55814 0.875969
9201 71 113 0.55814 0.883721
9202 71 114 0.55814 0.891473
9203 71 115 0.55814 0.899225
9204 71 116 0.55814 0.906977
9205 71 117 0.55814 0.914729
9206 71 118 0.55814 0.922481
9207 71 119 0.55814 0.930233
9208 71 120 0.55814 0.937984
9209 71 121 0.55814 0.945736
9210 71 122 0.55814 0.953488
9211 71 123 0.55814 0.96124
9212 71 124 0.55814 0.968992
9213 71 125 0.55814 0.976744
9214 71 126 0.55814 0.984496
9215 71 127 0.55814 0.992248
9216 72 0 0.565891 0.00775194
9217 72 1 0.565891 0.0155039
9218 72 2 0.565891 0.0232558
9219 72 3 0.565891 0.0310078
9220 72 4 0.565891 0.0387597
9221 72 5 0.565891 0.0465116
9222 72 6 0.565891 0.0542636
9223 72 7 0.565891 0.0620155
9224 72 8 0.565891 0.0697674
9225 72 9 0.565891 0.0775194
9226 72 10 0.565891 0.0852713
9227 72 11 0.565891 0.0930233
9228 72 12 0.565891 0.100775
9229 72 13 0.565891 0.108527
9230 72 14 0.565891 0.116279
9231 72 15 0.565891 0.124031
9232 72 16 0.565891 0.131783
9233 72 17 0.565891 0.139535
9234 72 18 0.565891 0.147287
9235 72 19 0.565891 0.155039
9236 72 20 0.565891 0.162791
9237 72 21 0.565891 0.170543
9238 72 22 0.565891 0.178295
9239 72 23 0.565891 0.186047
9240 72 24 0.565891 0.193798
9241 72 25 0.565891 0.20155
9242 72 26 0.565891 0.209302
9243 72 27 0.565891 0.217054
9244 72 28 0.565891 0.224806
9245 72 29 0.565891 0.232558
9246 72 30 0.565891 0.24031
9247 72 31 0.565891 0.248062
9248 72 32 0.565891 0.255814
9249 72 33 0.565891 0.263566
9250 72 34 0.565891 0.271318
9251 72 35 0.565891 0.27907
9252 72 36 0.565891 0.286822
9253 72 37 0.565891 0.294574
9254 72 38 0.565891 0.302326
9255 72 39 0.565891 0.310078
9256 72 40 0.565891 0.317829
9257 72 41 0.565891 0.325581
9258 72 42 0.565891 0.333333
9259 72 43 0.565891 0.341085
9260 72 44 0.565891 0.348837
9261 72 45 0.565891 0.356589
9262 72 46 0.565891 0.364341
9263 72 47 0.565891 0.372093
9264 72 48 0.565891 0.379845
9265 72 49 0.565891 0.387597
9266 72 50 0.565891 0.395349
9267 72 51 0.565891 0.403101
9268 72 52 0.565891 0.410853
9269 72 53 0.565891 0.418605
9270 72 54 0.565891 0.426357
9271 72 55 0.565891 0.434109
9272 72 56 0.565891 0.44186
9273 72 57 0.565891 0.449612
9274 72 58 0.565891 0.457364
9275 72 59 0.565891 0.465116
9276 72 60 0.565891 0.472868
9277 72 61 0.565891 0.48062
9278 72 62 0.565891 0.488372
9279 72 63 0.565891 0.496124
9280 72 64 0.565891 0.503876
9281 72 65 0.565891 0.511628
9282 72 66 0.565891 0.51938
9283 72 67 0.565891 0.527132
9284 72 68 0.565891 0.534884
9285 72 69 0.565891 0.542636
9286 72 70 0.565891 0.550388
9287 72 71 0.565891 0.55814
9288 72 72 0.565891 0.565891
9289 72 73 0.565891 0.573643
9290 72 74 0.565891 0.581395
9291 72 75 0.565891 0.589147
9292 72 76 0.565891 0.596899
9293 72 77 0.565891 0.604651
9294 72 78 0.565891 0.612403
9295 72 79 0.565891 0.620155
9296 72 80 0.565891 0.627907
9297 72 81 0.565891 0.635659
9298 72 82 0.565891 0.643411
9299 72 83 0.565891 0.651163
9300 72 84 0.565891 0.658915
9301 72 85 0.565891 0.666667
9302 72 86 0.565891 0.674419
9303 72 87 0.565891 0.682171
9304 72 88 0.565891 0.689922
9305 72 89 0.565891 0.697674
9306 72 90 0.565891 0.705426
9307 72 91 0.565891 0.713178
9308 72 92 0.565891 0.72093
9309 72 93 0.565891 0.728682
9310 72 94 0.565891 0.736434
9311 72 95 0.565891 0.744186
9312 72 96 0.565891 0.751938
9313 72 97 0.565891 0.75969
9314 72 98 0.565891 0.767442
9315 72 99 0.565891 0.775194
9316 72 100 0.565891 0.782946
9317 72 101 0.565891 0.790698
9318 72 102 0.565891 0.79845
9319 72 103 0.565891 0.806202
9320 72 104 0.565891 0.813953
9321 72 105 0.565891 0.821705
9322 72 106 0.565891 0.829457
9323 72 107 0.565891 0.837209
9324 72 108 0.565891 0.844961
9325 72 109 0.565891 0.852713
9326 72 110 0.565891 0.860465
9327 72 111 0.565891 0.868217
9328 72 112 0.565891 0.875969
9329 72 113 0.565891 0.883721
9330 72 114 0.565891 0.891473
9331 72 115 0.565891 0.899225
9332 72 116 0.565891 0.906977
9333 72 117 0.565891 0.914729
9334 72 118 0.565891 0.922481
9335 72 119 0.565891 0.930233
9336 72 120 0.565891 0.937984
9337 72 121 0.565891 0.945736
9338 72 122 0.565891 0.953488
9339 72 123 0.565891 0.96124
9340 72 124 0.565891 0.968992
9341 72 125 0.565891 0.976744
9342 72 126 0.565891 0.984496
9343 72 127 0.565891 0.992248
9344 73 0 0.573643 0.00775194
9345 73 1 0.573643 0.0155039
9346 73 2 0.573643 0.0232558
9347 73 3 0.573643 0.0310078
9348 73 4 0.573643 0.0387597
9349 73 5 0.573643 0.0465116
9350 73 6 0.573643 0.0542636
9351 73 7 0.573643 0.0620155
9352 73 8 0.573643 0.0697674
9353 73 9 0.573643 0.0775194
9354 73 10 0.573643 0.0852713
9355 73 11 0.573643 0.0930233
9356 73 12 0.573643 0.100775
9357 73 13 0.573643 0.108527
9358 73 14 0.573643 0.116279
9359 73 15 0.573643 0.124031
9360 73 16 0.573643 0.131783
9361 73 17 0.573643 0.139535
9362 73 18 0.573643 0.147287
9363 73 19 0.573643 0.155039
9364 73 20 0.573643 0.162791
9365 73 21 0.573643 0.170543
9366 73 22 0.573643 0.178295
9367 73 23 0.573643 0.186047
9368 73 24 0.573643 0.193798
9369 73 25 0.573643 0.20155
9370 73 26 0.573643 0.209302
9371 73 27 0.573643 0.217054
9372 73 28 0.573643 0.224806
9373 73 29 0.573643 0.232558
9374 73 30 0.573643 0.24031
9375 73 31 0.573643 0.248062
9376 73 32 0.573643 0.255814
9377 73 33 0.573643 0.263566
9378 73 34 0.573643 0.271318
9379 73 35 0.573643 0.27907
9380 73 36 0.573643 0.286822
9381 73 37 0.573643 0.294574
9382 73 38 0.573643 0.302326
9383 73 39 0.573643 0.310078
9384 73 40 0.573643 0.317829
9385 73 41 0.573643 0.325581
9386 73 42 0.573643 0.333333
9387 73 43 0.573643 0.341085
9388 73 44 0.573643 0.348837
9389 73 45 0.573643 0.356589
9390 73 46 0.573643 0.364341
9391 73 47 0.573643 0.372093
9392 73 48 0.573643 0.379845
9393 73 49 0.573643 0.387597
9394 73 50 0.573643 0.395349
9395 73 51 0.573643 0.403101
9396 73 52 0.573643 0.410853
9397 73 53 0.573643 0.418605
9398 73 54 0.573643 0.426357
9399 73 55 0.573643 0.434109
9400 73 56 0.573643 0.44186
9401 73 57 0.573643 0.449612
9402 73 58 0.573643 0.457364
9403 73 59 0.573643 0.465116
9404 73 60 0.573643 0.472868
9405 73 61 0.573643 0.48062
9406 73 62 0.573643 0.488372
9407 73 63 0.573643 0.496124
9408 73 64 0.573643 0.503876
9409 73 65 0.573643 0.511628
9410 73 66 0.573643 0.51938
9411 73 67 0.573643 0.527132
9412 73 68 0.573643 0.534884
9413 73 69 0.573643 0.542636
9414 73 70 0.573643 0.550388
9415 73 71 0.573643 0.55814
9416 73 72 0.573643 0.565891
9417 73 73 0.573643 0.573643
9418 73 74 0.573643 0.581395
9419 73 75 0.573643 0.589147
9420 73 76 0.573643 0.596899
9421 73 77 0.573643 0.604651
9422 73 78 0.573643 0.612403
9423 73 79 0.573643 0.620155
9424 73 80 0.573643 0.627907
9425 73 81 0.573643 0.635659
9426 73 82 0.573643 0.643411
9427 73 83 0.573643 0.651163
9428 73 84 0.573643 0.658915
9429 73 85 0.573643 0.666667
9430 73 86 0.573643 0.674419
9431 73 87 0.573643 0.682171
9432 73 88 0.573643 0.689922
9433 73 89 0.573643 0.697674
9434 73 90 0.573643 0.705426
9435 73 91 0.573643 0.713178
9436 73 92 0.573643 0.72093
9437 73 93 0.573643 0.728682
9438 73 94 0.573643 0.736434
9439 73 95 0.573643 0.744186
9440 73 96 0.573643 0.751938
9441 73 97 0.573643 0.75969
9442 73 98 0.573643 0.767442
9443 73 99 0.573643 0.775194
9444 73 100 0.573643 0.782946
9445 73 101 0.573643 0.790698
9446 73 102 0.573643 0.79845
9447 73 103 0.573643 0.806202
9448 73 104 0.573643 0.813953
9449 73 105 0.573643 0.821705
9450 73 106 0.573643 0.829457
9451 73 107 0.573643 0.837209
9452 73 108 0.573643 0.844961
9453 73 109 0.573643 0.852713
9454 73 110 0.573643 0.860465
9455 73 111 0.573643 0.868217
9456 73 112 0.573643 0.875969
9457 73 113 0.573643 0.883721
9458 73 114 0.573643 0.891473
9459 73 115 0.573643 0.899225
9460 73 116 0.573643 0.906977
9461 73 117 0.573643 0.914729
9462 73 118 0.573643 0.922481
9463 73 119 0.573643 0.930233
9464 73 120 0.573643 0.937984
9465 73 121 0.573643 0.945736
9466 73 122 0.573643 0.953488
9467 73 123 0.573643 0.96124
9468 73 124 0.573643 0.968992
9469 73 125 0.573643 0.976744
9470 73 126 0.573643 0.984496
9471 73 127 0.573643 0.992248
9472 74 0 0.581395 0.00775194
9473 74 1 0.581395 0.0155039
9474 74 2 0.581395 0.0232558
9475 74 3 0.581395 0.0310078
9476 74 4 0.581395 0.0387597
9477 74 5 0.581395 0.0465116
9478 74 6 0.581395 0.0542636
9479 74 7 0.581395 0.0620155
9480 74 8 0.581395 0.0697674
9481 74 9 0.581395 0.0775194
9482 74 10 0.581395 0.0852713
9483 74 11 0.581395 0.0930233
9484 74 12 0.581395 0.100775
9485 74 13 0.581395 0.108527
9486 74 14 0.581395 0.116279
9487 74 15 0.581395 0.124031
9488 74 16 0.581395 0.131783
9489 74 17 0.581395 0.139535
9490 74 18 0.581395 0.147287
9491 74 19 0.581395 0.155039
9492 74 20 0.581395 0.162791
9493 74 21 0.581395 0.170543
9494 74 22 0.581395 0.178295
9495 74 23 0.581395 0.186047
9496 74 24 0.581395 0.193798
9497 74 25 0.581395 0.20155
9498 74 26 0.581395 0.209302
9499 74 27 0.581395 0.217054
9500 74 28 0.581395 0.224806
9501 74 29 0.581395 0.232558
9502 74 30 0.581395 0.24031
9503 74 31 0.581395 0.248062
9504 74 32 0.581395 0.255814
9505 74 33 0.581395 0.263566
9506 74 34 0.581395 0.271318
9507 74 35 0.581395 0.27907
9508 74 36 0.581395 0.286822
9509 74 37 0.581395 0.294574
9510 74 38 0.581395 0.302326
9511 74 39 0.581395 0.310078
9512 74 40 0.581395 0.317829
9513 74 41 0.581395 0.325581
9514 74 42 0.581395 0.333333
9515 74 43 0.581395 0.341085
9516 74 44 0.581395 0.348837
9517 74 45 0.581395 0.356589
9518 74 46 0.581395 0.364341
9519 74 47 0.581395 0.372093
9520 74 48 0.581395 0.379845
9521 74 49 0.581395 0.387597
9522 74 50 0.581395 0.395349
9523 74 51 0.581395 0.403101
9524 74 52 0.581395 0.410853
9525 74 53 0.581395 0.418605
9526 74 54 0.581395 0.426357
9527 74 55 0.581395 0.434109
9528 74 56 0.581395 0.44186
9529 74 57 0.581395 0.449612
9530 74 58 0.581395 0.457364
9531 74 59 0.581395 0.465116
9532 74 60 0.581395 0.472868
9533 74 61 0.581395 0.48062
9534 74 62 0.581395 0.488372
9535 74 63 0.581395 0.496124
9536 74 64 0.581395 0.503876
9537 74 65 0.581395 0.511628
9538 74 66 0.581395 0.51938
9539 74 67 0.581395 0.527132
9540 74 68 0.581395 0.534884
9541 74 69 0.581395 0.542636
9542 74 70 0.581395 0.550388
9543 74 71 0.581395 0.55814
9544 74 72 0.581395 0.565891
9545 74 73 0.581395 0.573643
9546 74 74 0.581395 0.581395
9547 74 75 0.581395 0.589147
9548 74 76 0.581395 0.596899
9549 74 77 0.581395 0.604651
9550 74 78 0.581395 0.612403
9551 74 79 0.581395 0.620155
9552 74 80 0.581395 0.627907
9553 74 81 0.581395 0.635659
9554 74 82 0.581395 0.643411
9555 74 83 0.581395 0.651163
9556 74 84 0.581395 0.658915
9557 74 85 0.581395 0.666667
9558 74 86 0.581395 0.674419
9559 74 87 0.581395 0.682171
9560 74 88 0.581395 0.689922
9561 74 89 0.581395 0.697674
9562 74 90 0.581395 0.705426
9563 74 91 0.581395 0.713178
9564 74 92 0.581395 0.72093
9565 74 93 0.581395 0.728682
9566 74 94 0.581395 0.736434
9567 74 95 0.581395 0.744186
9568 74 96 0.581395 0.751938
9569 74 97 0.581395 0.75969
9570 74 98 0.581395 0.767442
9571 74 99 0.581395 0.775194
9572 74 100 0.581395 0.782946
9573 74 101 0.581395 0.790698
9574 74 102 0.581395 0.79845
9575 74 103 0.581395 0.806202
9576 74 104 0.581395 0.813953
9577 74 105 0.581395 0.821705
9578 74 106 0.581395 0.829457
9579 74 107 0.581395 0.837209
9580 74 108 0.581395 0.844961
9581 74 109 0.581395 0.852713
9582 74 110 0.581395 0.860465
9583 74 111 0.581395 0.868217
9584 74 112 0.581395 0.875969
9585 74 113 0.581395 0.883721
9586 74 114 0.581395 0.891473
9587 74 115 0.581395 0.899225
9588 74 116 0.581395 0.906977
9589 74 117 0.581395 0.914729
9590 74 118 0.581395 0.922481
9591 74 119 0.581395 0.930233
9592 74 120 0.581395 0.937984
9593 74 121 0.581395 0.945736
9594 74 122 0.581395 0.953488
9595 74 123 0.581395 0.96124
9596 74 124 0.581395 0.968992
9597 74 125 0.581395 0.976744
9598 74 126 0.581395 0.984496
9599 74 127 0.581395 0.992248
9600 75 0 0.589147 0.00775194
9601 75 1 0.589147 0.0155039
9602 75 2 0.589147 0.0232558
9603 75 3 0.589147 0.0310078
9604 75 4 0.589147 0.0387597
9605 75 5 0.589147 0.0465116
9606 75 6 0.589147 0.0542636
9607 75 7 0.589147 0.0620155
9608 75 8 0.589147 0.0697674
9609 75 9 0.589147 0.0775194
9610 75 10 0.589147 0.0852713
9611 75 11 0.589147 0.0930233
9612 75 12 0.589147 0.100775
9613 75 13 0.589147 0.108527
9614 75 14 0.589147 0.116279
9615 75 15 0.589147 0.124031
9616 75 16 0.589147 0.131783
9617 75 17 0.589147 0.139535
9618 75 18 0.589147 0.147287
9619 75 19 0.589147 0.155039
9620 75 20 0.589147 0.162791
9621 75 21 0.589147 0.170543
9622 75 22 0.589147 0.178295
9623 75 23 0.589147 0.186047
9624 75 24 0.589147 0.193798
9625 75 25 0.589147 0.20155
9626 75 26 0.589147 0.209302
9627 75 27 0.589147 0.217054
9628 75 28 0.589147 0.224806
9629 75 29 0.589147 0.232558
9630 75 30 0.589147 0.24031
9631 75 31 0.589147 0.248062
9632 75 32 0.589147 0.255814
9633 75 33 0.589147 0.263566
9634 75 34 0.589147 0.271318
9635 75 35 0.589147 0.27907
9636 75 36 0.589147 0.286822
9637 75 37 0.589147 0.294574
9638 75 38 0.589147 0.302326
9639 75 39 0.589147 0.310078
9640 75 40 0.589147 0.317829
9641 75 41 0.589147 0.325581
9642 75 42 0.589147 0.333333
9643 75 43 0.589147 0.341085
9644 75 44 0.589147 0.348837
9645 75 45 0.589147 0.356589
9646 75 46 0.589147 0.364341
9647 75 47 0.589147 0.372093
9648 75 48 0.589147 0.379845
9649 75 49 0.589147 0.387597
9650 75 50 0.589147 0.395349
9651 75 51 0.589147 0.403101
9652 75 52 0.589147 0.410853
9653 75 53 0.589147 0.418605
9654 75 54 0.589147 0.426357
9655 75 55 0.589147 0.434109
9656 75 56 0.589147 0.44186
9657 75 57 0.589147 0.449612
9658 75 58 0.589147 0.457364
9659 75 59 0.589147 0.465116
9660 75 60 0.589147 0.472868
9661 75 61 0.589147 0.48062
9662 75 62 0.589147 0.488372
9663 75 63 0.589147 0.496124
9664 75 64 0.589147 0.503876
9665 75 65 0.589147 0.511628
9666 75 66 0.589147 0.51938
9667 75 67 0.589147 0.527132
9668 75 68 0.589147 0.534884
9669 75 69 0.589147 0.542636
9670 75 70 0.589147 0.550388
9671 75 71 0.589147 0.55814
9672 75 72 0.589147 0.565891
9673 75 73 0.589147 0.573643
9674 75 74 0.589147 0.581395
9675 75 75 0.589147 0.589147
9676 75 76 0.589147 0.596899
9677 75 77 0.589147 0.604651
9678 75 78 0.589147 0.612403
9679 75 79 0.589147 0.620155
9680 75 80 0.589147 0.627907
9681 75 81 0.589147 0.635659
9682 75 82 0.589147 0.643411
9683 75 83 0.589147 0.651163
9684 75 84 0.589147 0.658915
9685 75 85 0.589147 0.666667
9686 75 86 0.589147 0.674419
9687 75 87 0.589147 0.682171
9688 75 88 0.589147 0.689922
9689 75 89 0.589147 0.697674
9690 75 90 0.589147 0.705426
9691 75 91 0.589147 0.713178
9692 75 92 0.589147 0.72093
9693 75 93 0.589147 0.728682
9694 75 94 0.589147 0.736434
9695 75 95 0.589147 0.744186
9696 75 96 0.589147 0.751938
9697 75 97 0.589147 0.75969
9698 75 98 0.589147 0.767442
9699 75 99 0.589147 0.775194
9700 75 100 0.589147 0.782946
9701 75 101 0.589147 0.790698
9702 75 102 0.589147 0.79845
9703 75 103 0.589147 0.806202
9704 75 104 0.589147 0.813953
9705 75 105 0.589147 0.821705
9706 75 106 0.589147 0.829457
9707 75 107 0.589147 0.837209
9708 75 108 0.589147 0.844961
9709 75 109 0.589147 0.852713
9710 75 110 0.589147 0.860465
9711 75 111 0.589147 0.868217
9712 75 112 0.589147 0.875969
9713 75 113 0.589147 0.883721
9714 75 114 0.589147 0.891473
9715 75 115 0.589147 0.899225
9716 75 116 0.589147 0.906977
9717 75 117 0.589147 0.914729
9718 75 118 0.589147 0.922481
9719 75 119 0.589147 0.930233
9720 75 120 0.589147 0.937984
9721 75 121 0.589147 0.945736
9722 75 122 0.589147 0.953488
9723 75 123 0.589147 0.96124
9724 75 124 0.589147 0.968992
9725 75 125 0.589147 0.976744
9726 75 126 0.589147 0.984496
9727 75 127 0.589147 0.992248
9728 76 0 0.596899 0.00775194
9729 76 1 0.596899 0.0155039
9730 76 2 0.596899 0.0232558
9731 76 3 0.596899 0.0310078
9732 76 4 0.596899 0.0387597
9733 76 5 0.596899 0.0465116
9734 76 6 0.596899 0.0542636
9735 76 7 0.596899 0.0620155
9736 76 8 0.596899 0.0697674
9737 76 9 0.596899 0.0775194
9738 76 10 0.596899 0.0852713
9739 76 11 0.596899 0.0930233
9740 76 12 0.596899 0.100775
9741 76 13 0.596899 0.108527
9742 76 14 0.596899 0.116279
9743 76 15 0.596899 0.124031
9744 76 16 0.596899 0.131783
9745 76 17 0.596899 0.139535
9746 76 18 0.596899 0.147287
9747 76 19 0.596899 0.155039
9748 76 20 0.596899 0.162791
9749 76 21 0.596899 0.170543
9750 76 22 0.596899 0.178295
9751 76 23 0.596899 0.186047
9752 76 24 0.596899 0.193798
9753 76 25 0.596899 0.20155
9754 76 26 0.596899 0.209302
9755 76 27 0.596899 0.217054
9756 76 28 0.596899 0.224806
9757 76 29 0.596899 0.232558
9758 76 30 0.596899 0.24031
9759 76 31 0.596899 0.248062
9760 76 32 0.596899 0.255814
9761 76 33 0.596899 0.263566
9762 76 34 0.596899 0.271318
9763 76 35 0.596899 0.27907
9764 76 36 0.596899 0.286822
9765 76 37 0.596899 0.294574
9766 76 38 0.596899 0.302326
9767 76 39 0.596899 0.310078
9768 76 40 0.596899 0.317829
9769 76 41 0.596899 0.325581
9770 76 42 0.596899 0.333333
9771 76 43 0.596899 0.341085
9772 76 44 0.596899 0.348837
9773 76 45 0.596899 0.356589
9774 76 46 0.596899 0.364341
9775 76 47 0.596899 0.372093
9776 76 48 0.596899 0.379845
9777 76 49 0.596899 0.387597
9778 76 50 0.596899 0.395349
9779 76 51 0.596899 0.403101
9780 76 52 0.596899 0.410853
9781 76 53 0.596899 0.418605
9782 76 54 0.596899 0.426357
9783 76 55 0.596899 0.434109
9784 76 56 0.596899 0.44186
9785 76 57 0.596899 0.449612
9786 76 58 0.596899 0.457364
9787 76 59 0.596899 0.465116
9788 76 60 0.596899 0.472868
9789 76 61 0.596899 0.48062
9790 76 62 0.596899 0.488372
9791 76 63 0.596899 0.496124
9792 76 64 0.596899 0.503876
9793 76 65 0.596899 0.511628
9794 76 66 0.596899 0.51938
9795 76 67 0.596899 0.527132
9796 76 68 0.596899 0.534884
9797 76 69 0.596899 0.542636
9798 76 70 0.596899 0.550388
9799 76 71 0.596899 0.55814
9800 76 72 0.596899 0.565891
9801 76 73 0.596899 0.573643
9802 76 74 0.596899 0.581395
9803 76 75 0.596899 0.589147
9804 76 76 0.596899 0.596899
9805 76 77 0.596899 0.604651
9806 76 78 0.596899 0.612403
9807 76 79 0.596899 0.620155
9808 76 80 0.596899 0.627907
9809 76 81 0.596899 0.635659
9810 76 82 0.596899 0.643411
9811 76 83 0.596899 0.651163
9812 76 84 0.596899 0.658915
9813 76 85 0.596899 0.666667
9814 76 86 0.596899 0.674419
9815 76 87 0.596899 0.682171
9816 76 88 0.596899 0.689922
9817 76 89 0.596899 0.697674
9818 76 90 0.596899 0.705426
9819 76 91 0.596899 0.713178
9820 76 92 0.596899 0.72093
9821 76 93 0.596899 0.728682
9822 76 94 0.596899 0.736434
9823 76 95 0.596899 0.744186
9824 76 96 0.596899 0.751938
9825 76 97 0.596899 0.75969
9826 76 98 0.596899 0.767442
9827 76 99 0.596899 0.775194
9828 76 100 0.596899 0.782946
9829 76 101 0.596899 0.790698
9830 76 102 0.596899 0.79845
9831 76 103 0.596899 0.806202
9832 76 104 0.596899 0.813953
9833 76 105 0.596899 0.821705
9834 76 106 0.596899 0.829457
9835 76 107 0.596899 0.837209
9836 76 108 0.596899 0.844961
9837 76 109 0.596899 0.852713
9838 76 110 0.596899 0.860465
9839 76 111 0.596899 0.868217
9840 76 112 0.596899 0.875969
9841 76 113 0.596899 0.883721
9842 76 114 0.596899 0.891473
9843 76 115 0.596899 0.899225
9844 76 116 0.596899 0.906977
9845 76 117 0.596899 0.914729
9846 76 118 0.596899 0.922481
9847 76 119 0.596899 0.930233
9848 76 120 0.596899 0.937984
9849 76 121 0.596899 0.945736
9850 76 122 0.596899 0.953488
9851 76 123 0.596899 0.96124
9852 76 124 0.596899 0.968992
9853 76 125 0.596899 0.976744
9854 76 126 0.596899 0.984496
9855 76 127 0.596899 0.992248
9856 77 0 0.604651 0.00775194
9857 77 1 0.604651 0.0155039
9858 77 2 0.604651 0.0232558
9859 77 3 0.604651 0.0310078
9860 77 4 0.604651 0.0387597
9861 77 5 0.604651 0.0465116
9862 77 6 0.604651 0.0542636
9863 77 7 0.604651 0.0620155
9864 77 8 0.604651 0.0697674
9865 77 9 0.604651 0.0775194
9866 77 10 0.604651 0.0852713
9867 77 11 0.604651 0.0930233
9868 77 12 0.604651 0.100775
9869 77 13 0.604651 0.108527
9870 77 14 0.604651 0.116279
9871 77 15 0.604651 0.124031
9872 77 16 0.604651 0.131783
9873 77 17 0.604651 0.139535
9874 77 18 0.604651 0.147287
9875 77 19 0.604651 0.155039
9876 77 20 0.604651 0.162791
9877 77 21 0.604651 0.170543
9878 77 22 0.604651 0.178295
9879 77 23 0.604651 0.186047
9880 77 24 0.604651 0.193798
9881 77 25 0.604651 0.20155
9882 77 26 0.604651 0.209302
9883 77 27 0.604651 0.217054
9884 77 28 0.604651 0.224806
9885 77 29 0.604651 0.232558
9886 77 30 0.604651 0.24031
9887 77 31 0.604651 0.248062
9888 77 32 0.604651 0.255814
9889 77 33 0.604651 0.263566
9890 77 34 0.604651 0.271318
9891 77 35 0.604651 0.27907
9892 77 36 0.604651 0.286822
9893 77 37 0.604651 0.294574
9894 77 38 0.604651 0.302326
9895 77 39 0.604651 0.310078
9896 77 40 0.604651 0.317829
9897 77 41 0.604651 0.325581
9898 77 42 0.604651 0.333333
9899 77 43 0.604651 0.341085
9900 77 44 0.604651 0.348837
9901 77 45 0.604651 0.356589
9902 77 46 0.604651 0.364341
9903 77 47 0.604651 0.372093
9904 77 48 0.604651 0.379845
9905 77 49 0.604651 0.387597
9906 77 50 0.604651 0.395349
9907 77 51 0.604651 0.403101
9908 77 52 0.604651 0.410853
9909 77 53 0.604651 0.418605
9910 77 54 0.604651 0.426357
9911 77 55 0.604651 0.434109
9912 77 56 0.604651 0.44186
9913 77 57 0.604651 0.449612
9914 77 58 0.604651 0.457364
9915 77 59 0.604651 0.465116
9916 77 60 0.604651 0.472868
9917 77 61 0.604651 0.48062
9918 77 62 0.604651 0.488372
9919 77 63 0.604651 0.496124
9920 77 64 0.604651 0.503876
9921 77 65 0.604651 0.511628
9922 77 66 0.604651 0.51938
9923 77 67 0.604651 0.527132
9924 77 68 0.604651 0.534884
9925 77 69 0.604651 0.542636
9926 77 70 0.604651 0.550388
9927 77 71 0.604651 0.55814
9928 77 72 0.604651 0.565891
9929 77 73 0.604651 0.573643
9930 77 74 0.604651 0.581395
9931 77 75 0.604651 0.589147
9932 77 76 0.604651 0.596899
9933 77 77 0.604651 0.604651
9934 77 78 0.604651 0.612403
9935 77 79 0.604651 0.620155
9936 77 80 0.604651 0.627907
9937 77 81 0.604651 0.635659
9938 77 82 0.604651 0.643411
9939 77 83 0.604651 0.651163
9940 77 84 0.604651 0.658915
9941 77 85 0.604651 0.666667
9942 77 86 0.604651 0.674419
9943 77 87 0.604651 0.682171
9944 77 88 0.604651 0.689922
9945 77 89 0.604651 0.697674
9946 77 90 0.604651 0.705426
9947 77 91 0.604651 0.713178
9948 77 92 0.604651 0.72093
9949 77 93 0.604651 0.728682
9950 77 94 0.604651 0.736434
9951 77 95 0.604651 0.744186
9952 77 96 0.604651 0.751938
9953 77 97 0.604651 0.75969
9954 77 98 0.604651 0.767442
9955 77 99 0.604651 0.775194
9956 77 100 0.604651 0.782946
9957 77 101 0.604651 0.790698
9958 77 102 0.604651 0.79845
9959 77 103 0.604651 0.806202
9960 77 104 0.604651 0.813953
9961 77 105 0.604651 0.821705
9962 77 106 0.604651 0.829457
9963 77 107 0.604651 0.837209
9964 77 108 0.604651 0.844961
9965 77 109 0.604651 0.852713
9966 77 110 0.604651 0.860465
9967 77 111 0.604651 0.868217
9968 77 112 0.604651 0.875969
9969 77 113 0.604651 0.883721
9970 77 114 0.604651 0.891473
9971 77 115 0.604651 0.899225
9972 77 116 0.604651 0.906977
9973 77 117 0.604651 0.914729
9974 77 118 0.604651 0.922481
9975 77 119 0.604651 0.930233
9976 77 120 0.604651 0.937984
9977 77 121 0.604651 0.945736
9978 77 122 0.604651 0.953488
9979 77 123 0.604651 0.96124
9980 77 124 0.604651 0.968992
9981 77 125 0.604651 0.976744
9982 77 126 0.604651 0.984496
9983 77 127 0.604651 0.992248
9984 78 0 0.612403 0.00775194
9985 78 1 0.612403 0.0155039
9986 78 2 0.612403 0.0232558
9987 78 3 0.612403 0.0310078
9988 78 4 0.612403 0.0387597
9989 78 5 0.612403 0.0465116
9990 78 6 0.612403 0.0542636
9991 78 7 0.612403 0.0620155
9992 78 8 0.612403 0.0697674
9993 78 9 0.612403 0.0775194
9994 78 10 0.612403 0.0852713
9995 78 11 0.612403 0.0930233
9996 78 12 0.612403 0.100775
9997 78 13 0.612403 0.108527
9998 78 14 0.612403 0.116279
9999 78 15 0.612403 0.124031
10000 78 16 0.612403 0.131783
10001 78 17 0.612403 0.139535
10002 78 18 0.612403 0.147287
10003 78 19 0.612403 0.155039
10004 78 20 0.612403 0.162791
10005 78 21 0.612403 0.170543
10006 78 22 0.612403 0.178295
10007 78 23 0.612403 0.186047
10008 78 24 0.612403 0.193798
10009 78 25 0.612403 0.20155
10010 78 26 0.612403 0.209302
10011 78 27 0.612403 0.217054
10012 78 28 0.612403 0.224806
10013 78 29 0.612403 0.232558
10014 78 30 0.612403 0.24031
10015 78 31 0.612403 0.248062
10016 78 32 0.612403 0.255814
10017 78 33 0.612403 0.263566
10018 78 34 0.612403 0.271318
10019 78 35 0.612403 0.27907
10020 78 36 0.612403 0.286822
10021 78 37 0.612403 0.294574
10022 78 38 0.612403 0.302326
10023 78 39 0.612403 0.310078
10024 78 40 0.612403 0.317829
10025 78 41 0.612403 0.325581
10026 78 42 0.612403 0.333333
10027 78 43 0.612403 0.341085
10028 78 44 0.612403 0.348837
10029 78 45 0.612403 0.356589
10030 78 46 0.612403 0.364341
10031 78 47 0.612403 0.372093
10032 78 48 0.612403 0.379845
10033 78 49 0.612403 0.387597
10034 78 50 0.612403 0.395349
10035 78 51 0.612403 0.403101
10036 78 52 0.612403 0.410853
10037 78 53 0.612403 0.418605
10038 78 54 0.612403 0.426357
10039 78 55 0.612403 0.434109
10040 78 56 0.612403 0.44186
10041 78 57 0.612403 0.449612
10042 78 58 0.612403 0.457364
10043 78 59 0.612403 0.465116
10044 78 60 0.612403 0.472868
10045 78 61 0.612403 0.48062
10046 78 62 0.612403 0.488372
10047 78 63 0.612403 0.496124
10048 78 64 0.612403 0.503876
10049 78 65 0.612403 0.511628
10050 78 66 0.612403 0.51938
10051 78 67 0.612403 0.527132
10052 78 68 0.612403 0.534884
10053 78 69 0.612403 0.542636
10054 78 70 0.612403 0.550388
10055 78 71 0.612403 0.55814
10056 78 72 0.612403 0.565891
10057 78 73 0.612403 0.573643
10058 78 74 0.612403 0.581395
10059 78 75 0.612403 0.589147
10060 78 76 0.612403 0.596899
10061 78 77 0.612403 0.604651
10062 78 78 0.612403 0.612403
10063 78 79 0.612403 0.620155
10064 78 80 0.612403 0.627907
10065 78 81 0.612403 0.635659
10066 78 82 0.612403 0.643411
10067 78 83 0.612403 0.651163
10068 78 84 0.612403 0.658915
10069 78 85 0.612403 0.666667
10070 78 86 0.612403 0.674419
10071 78 87 0.612403 0.682171
10072 78 88 0.612403 0.689922
10073 78 89 0.612403 0.697674
10074 78 90 0.612403 0.705426
10075 78 91 0.612403 0.713178
10076 78 92 0.612403 0.72093
10077 78 93 0.612403 0.728682
10078 78 94 0.612403 0.736434
10079 78 95 0.612403 0.744186
10080 78 96 0.612403 0.751938
10081 78 97 0.612403 0.75969
10082 78 98 0.612403 0.767442
10083 78 99 0.612403 0.775194
10084 78 100 0.612403 0.782946
10085 78 101 0.612403 0.790698
10086 78 102 0.612403 0.79845
10087 78 103 0.612403 0.806202
10088 78 104 0.612403 0.813953
10089 78 105 0.612403 0.821705
10090 78 106 0.612403 0.829457
10091 78 107 0.612403 0.837209
10092 78 108 0.612403 0.844961
10093 78 109 0.612403 0.852713
10094 78 110 0.612403 0.860465
10095 78 111 0.612403 0.868217
10096 78 112 0.612403 0.875969
10097 78 113 0.612403 0.883721
10098 78 114 0.612403 0.891473
10099 78 115 0.612403 0.899225
10100 78 116 0.612403 0.906977
10101 78 117 0.612403 0.914729
10102 78 118 0.612403 0.922481
10103 78 119 0.612403 0.930233
10104 78 120 0.612403 0.937984
10105 78 121 0.612403 0.945736
10106 78 122 0.612403 0.953488
10107 78 123 0.612403 0.96124
10108 78 124 0.612403 0.968992
10109 78 125 0.612403 0.976744
10110 78 126 0.612403 0.984496
10111 78 127 0.612403 0.992248
10112 79 0 0.620155 0.00775194
10113 79 1 0.620155 0.0155039
10114 79 2 0.620155 0.0232558
10115 79 3 0.620155 0.0310078
10116 79 4 0.620155 0.0387597
10117 79 5 0.620155 0.0465116
10118 79 6 0.620155 0.0542636
10119 79 7 0.620155 0.0620155
10120 79 8 0.620155 0.0697674
10121 79 9 0.620155 0.0775194
10122 79 10 0.620155 0.0852713
10123 79 11 0.620155 0.0930233
10124 79 12 0.620155 0.100775
10125 79 13 0.620155 0.108527
10126 79 14 0.620155 0.116279
10127 79 15 0.620155 0.124031
10128 79 16 0.620155 0.131783
10129 79 17 0.620155 0.139535
10130 79 18 0.620155 0.147287
10131 79 19 0.620155 0.155039
10132 79 20 0.620155 0.162791
10133 79 21 0.620155 0.170543
10134 79 22 0.620155 0.178295
10135 79 23 0.620155 0.186047
10136 79 24 0.620155 0.193798
10137 79 25 0.620155 0.20155
10138 79 26 0.620155 0.209302
10139 79 27 0.620155 0.217054
10140 79 28 0.620155 0.224806
10141 79 29 0.620155 0.232558
10142 79 30 0.620155 0.24031
10143 79 31 0.620155 0.248062
10144 79 32 0.620155 0.255814
10145 79 33 0.620155 0.263566
10146 79 34 0.620155 0.271318
10147 79 35 0.620155 0.27907
10148 79 36 0.620155 0.286822
10149 79 37 0.620155 0.294574
10150 79 38 0.620155 0.302326
10151 79 39 0.620155 0.310078
10152 79 40 0.620155 0.317829
10153 79 41 0.620155 0.325581
10154 79 42 0.620155 0.333333
10155 79 43 0.620155 0.341085
10156 79 44 0.620155 0.348837
10157 79 45 0.620155 0.356589
10158 79 46 0.620155 0.364341
10159 79 47 0.620155 0.372093
10160 79 48 0.620155 0.379845
10161 79 49 0.620155 0.387597
10162 79 50 0.620155 0.395349
10163 79 51 0.620155 0.403101
10164 79 52 0.620155 0.410853
10165 79 53 0.620155 0.418605
10166 79 54 0.620155 0.426357
10167 79 55 0.620155 0.434109
10168 79 56 0.620155 0.44186
10169 79 57 0.620155 0.449612
10170 79 58 0.620155 0.457364
10171 79 59 0.620155 0.465116
10172 79 60 0.620155 0.472868
10173 79 61 0.620155 0.48062
10174 79 62 0.620155 0.488372
10175 79 63 0.620155 0.496124
10176 79 64 0.620155 0.503876
10177 79 65 0.620155 0.511628
10178 79 66 0.620155 0.51938
10179 79 67 0.620155 0.527132
10180 79 68 0.620155 0.534884
10181 79 69 0.620155 0.542636
10182 79 70 0.620155 0.550388
10183 79 71 0.620155 0.55814
10184 79 72 0.620155 0.565891
10185 79 73 0.620155 0.573643
10186 79 74 0.620155 0.581395
10187 79 75 0.620155 0.589147
10188 79 76 0.620155 0.596899
10189 79 77 0.620155 0.604651
10190 79 78 0.620155 0.612403
10191 79 79 0.620155 0.620155
10192 79 80 0.620155 0.627907
10193 79 81 0.620155 0.635659
10194 79 82 0.620155 0.643411
10195 79 83 0.620155 0.651163
10196 79 84 0.620155 0.658915
10197 79 85 0.620155 0.666667
10198 79 86 0.620155 0.674419
10199 79 87 0.620155 0.682171
10200 79 88 0.620155 0.689922
10201 79 89 0.620155 0.697674
10202 79 90 0.620155 0.705426
10203 79 91 0.620155 0.713178
10204 79 92 0.620155 0.72093
10205 79 93 0.620155 0.728682
10206 79 94 0.620155 0.736434
10207 79 95 0.620155 0.744186
10208 79 96 0.620155 0.751938
10209 79 97 0.620155 0.75969
10210 79 98 0.620155 0.767442
10211 79 99 0.620155 0.775194
10212 79 100 0.620155 0.782946
10213 79 101 0.620155 0.790698
10214 79 102 0.620155 0.79845
10215 79 103 0.620155 0.806202
10216 79 104 0.620155 0.813953
10217 79 105 0.620155 0.821705
10218 79 106 0.620155 0.829457
10219 79 107 0.620155 0.837209
10220 79 108 0.620155 0.844961
10221 79 109 0.620155 0.852713
10222 79 110 0.620155 0.860465
10223 79 111 0.620155 0.868217
10224 79 112 0.620155 0.875969
10225 79 113 0.620155 0.883721
10226 79 114 0.620155 0.891473
10227 79 115 0.620155 0.899225
10228 79 116 0.620155 0.906977
10229 79 117 0.620155 0.914729
10230 79 118 0.620155 0.922481
10231 79 119 0.620155 0.930233
10232 79 120 0.620155 0.937984
10233 79 121 0.620155 0.945736
10234 79 122 0.620155 0.953488
10235 79 123 0.620155 0.96124
10236 79 124 0.620155 0.968992
10237 79 125 0.620155 0.976744
10238 79 126 0.620155 0.984496
10239 79 127 0.620155 0.992248
10240 80 0 0.627907 0.00775194
10241 80 1 0.627907 0.0155039
10242 80 2 0.627907 0.0232558
10243 80 3 0.627907 0.0310078
10244 80 4 0.627907 0.0387597
10245 80 5 0.627907 0.0465116
10246 80 6 0.627907 0.0542636
10247 80 7 0.627907 0.0620155
10248 80 8 0.627907 0.0697674
10249 80 9 0.627907 0.0775194
10250 80 10 0.627907 0.0852713
10251 80 11 0.627907 0.0930233
10252 80 12 0.627907 0.100775
10253 80 13 0.627907 0.108527
10254 80 14 0.627907 0.116279
10255 80 15 0.627907 0.124031
10256 80 16 0.627907 0.131783
10257 80 17 0.627907 0.139535
10258 80 18 0.627907 0.147287
10259 80 19 0.627907 0.155039
10260 80 20 0.627907 0.162791
10261 80 21 0.627907 0.170543
10262 80 22 0.627907 0.178295
10263 80 23 0.627907 0.186047
10264 80 24 0.627907 0.193798
10265 80 25 0.627907 0.20155
10266 80 26 0.627907 0.209302
10267 80 27 0.627907 0.217054
10268 80 28 0.627907 0.224806
10269 80 29 0.627907 0.232558
10270 80 30 0.627907 0.24031
10271 80 31 0.627907 0.248062
10272 80 32 0.627907 0.255814
10273 80 33 0.627907 0.263566
10274 80 34 0.627907 0.271318
10275 80 35 0.627907 0.27907
10276 80 36 0.627907 0.286822
10277 80 37 0.627907 0.294574
10278 80 38 0.627907 0.302326
10279 80 39 0.627907 0.310078
10280 80 40 0.627907 0.317829
10281 80 41 0.627907 0.325581
10282 80 42 0.627907 0.333333
10283 80 43 0.627907 0.341085
10284 80 44 0.627907 0.348837
10285 80 45 0.627907 0.356589
10286 80 46 0.627907 0.364341
10287 80 47 0.627907 0.372093
10288 80 48 0.627907 0.379845
10289 80 49 0.627907 0.387597
10290 80 50 0.627907 0.395349
10291 80 51 0.627907 0.403101
10292 80 52 0.627907 0.410853
10293 80 53 0.627907 0.418605
10294 80 54 0.627907 0.426357
10295 80 55 0.627907 0.434109
10296 80 56 0.627907 0.44186
10297 80 57 0.627907 0.449612
10298 80 58 0.627907 0.457364
10299 80 59 0.627907 0.465116
10300 80 60 0.627907 0.472868
10301 80 61 0.627907 0.48062
10302 80 62 0.627907 0.488372
10303 80 63 0.627907 0.496124
10304 80 64 0.627907 0.503876
10305 80 65 0.627907 0.511628
10306 80 66 0.627907 0.51938
10307 80 67 0.627907 0.527132
10308 80 68 0.627907 0.534884
10309 80 69 0.627907 0.542636
10310 80 70 0.627907 0.550388
10311 80 71 0.627907 0.55814
10312 80 72 0.627907 0.565891
10313 80 73 0.627907 0.573643
10314 80 74 0.627907 0.581395
10315 80 75 0.627907 0.589147
10316 80 76 0.627907 0.596899
10317 80 77 0.627907 0.604651
10318 80 78 0.627907 0.612403
10319 80 79 0.627907 0.620155
10320 80 80 0.627907 0.627907
10321 80 81 0.627907 0.635659
10322 80 82 0.627907 0.643411
10323 80 83 0.627907 0.651163
10324 80 84 0.627907 0.658915
10325 80 85 0.627907 0.666667
10326 80 86 0.627907 0.674419
10327 80 87 0.627907 0.682171
10328 80 88 0.627907 0.689922
10329 80 89 0.627907 0.697674
10330 80 90 0.627907 0.705426
10331 80 91 0.627907 0.713178
10332 80 92 0.627907 0.72093
10333 80 93 0.627907 0.728682
10334 80 94 0.627907 0.736434
10335 80 95 0.627907 0.744186
10336 80 96 0.627907 0.751938
10337 80 97 0.627907 0.75969
10338 80 98 0.627907 0.767442
10339 80 99 0.627907 0.775194
10340 80 100 0.627907 0.782946
10341 80 101 0.627907 0.790698
10342 80 102 0.627907 0.79845
10343 80 103 0.627907 0.806202
10344 80 104 0.627907 0.813953
10345 80 105 0.627907 0.821705
10346 80 106 0.627907 0.829457
10347 80 107 0.627907 0.837209
10348 80 108 0.627907 0.844961
10349 80 109 0.627907 0.852713
10350 80 110 0.627907 0.860465
10351 80 111 0.627907 0.868217
10352 80 112 0.627907 0.875969
10353 80 113 0.627907 0.883721
10354 80 114 0.627907 0.891473
10355 80 115 0.627907 0.899225
10356 80 116 0.627907 0.906977
10357 80 117 0.627907 0.914729
10358 80 118 0.627907 0.922481
10359 80 119 0.627907 0.930233
10360 80 120 0.627907 0.937984
10361 80 121 0.627907 0.945736
10362 80 122 0.627907 0.953488
10363 80 123 0.627907 0.96124
10364 80 124 0.627907 0.968992
10365 80 125 0.627907 0.976744
10366 80 126 0.627907 0.984496
10367 80 127 0.627907 0.992248
10368 81 0 0.635659 0.00775194
10369 81 1 0.635659 0.0155039
10370 81 2 0.635659 0.0232558
10371 81 3 0.635659 0.0310078
10372 81 4 0.635659 0.0387597
10373 81 5 0.635659 0.0465116
10374 81 6 0.635659 0.0542636
10375 81 7 0.635659 0.0620155
10376 81 8 0.635659 0.0697674
10377 81 9 0.635659 0.0775194
10378 81 10 0.635659 0.0852713
10379 81 11 0.635659 0.0930233
10380 81 12 0.635659 0.100775
10381 81 13 0.635659 0.108527
10382 81 14 0.635659 0.116279
10383 81 15 0.635659 0.124031
10384 81 16 0.635659 0.131783
10385 81 17 0.635659 0.139535
10386 81 18 0.635659 0.147287
10387 81 19 0.635659 0.155039
10388 81 20 0.635659 0.162791
10389 81 21 0.635659 0.170543
10390 81 22 0.635659 0.178295
10391 81 23 0.635659 0.186047
10392 81 24 0.635659 0.193798
10393 81 25 0.635659 0.20155
10394 81 26 0.635659 0.209302
10395 81 27 0.635659 0.217054
10396 81 28 0.635659 0.224806
10397 81 29 0.635659 0.232558
10398 81 30 0.635659 0.24031
10399 81 31 0.635659 0.248062
10400 81 32 0.635659 0.255814
10401 81 33 0.635659 0.263566
10402 81 34 0.635659 0.271318
10403 81 35 0.635659 0.27907
10404 81 36 0.635659 0.286822
10405 81 37 0.635659 0.294574
10406 81 38 0.635659 0.302326
10407 81 39 0.635659 0.310078
10408 81 40 0.635659 0.317829
10409 81 41 0.635659 0.325581
10410 81 42 0.635659 0.333333
10411 81 43 0.635659 0.341085
10412 81 44 0.635659 0.348837
10413 81 45 0.635659 0.356589
10414 81 46 0.635659 0.364341
10415 81 47 0.635659 0.372093
10416 81 48 0.635659 0.379845
10417 81 49 0.635659 0.387597
10418 81 50 0.635659 0.395349
10419 81 51 0.635659 0.403101
10420 81 52 0.635659 0.410853
10421 81 53 0.635659 0.418605
10422 81 54 0.635659 0.426357
10423 81 55 0.635659 0.434109
10424 81 56 0.635659 0.44186
10425 81 57 0.635659 0.449612
10426 81 58 0.635659 0.457364
10427 81 59 0.635659 0.465116
10428 81 60 0.635659 0.472868
10429 81 61 0.635659 0.48062
10430 81 62 0.635659 0.488372
10431 81 63 0.635659 0.496124
10432 81 64 0.635659 0.503876
10433 81 65 0.635659 0.511628
10434 81 66 0.635659 0.51938
10435 81 67 0.635659 0.527132
10436 81 68 0.635659 0.534884
10437 81 69 0.635659 0.542636
10438 81 70 0.635659 0.550388
10439 81 71 0.635659 0.55814
10440 81 72 0.635659 0.565891
10441 81 73 0.635659 0.573643
10442 81 74 0.635659 0.581395
10443 81 75 0.635659 0.589147
10444 81 76 0.635659 0.596899
10445 81 77 0.635659 0.604651
10446 81 78 0.635659 0.612403
10447 81 79 0.635659 0.620155
10448 81 80 0.635659 0.627907
10449 81 81 0.635659 0.635659
10450 81 82 0.635659 0.643411
10451 81 83 0.635659 0.651163
10452 81 84 0.635659 0.658915
10453 81 85 0.635659 0.666667
10454 81 86 0.635659 0.674419
10455 81 87 0.635659 0.682171
10456 81 88 0.635659 0.689922
10457 81 89 0.635659 0.697674
10458 81 90 0.635659 0.705426
10459 81 91 0.635659 0.713178
10460 81 92 0.635659 0.72093
10461 81 93 0.635659 0.728682
10462 81 94 0.635659 0.736434
10463 81 95 0.635659 0.744186
10464 81 96 0.635659 0.751938
10465 81 97 0.635659 0.75969
10466 81 98 0.635659 0.767442
10467 81 99 0.635659 0.775194
10468 81 100 0.635659 0.782946
10469 81 101 0.635659 0.790698
10470 81 102 0.635659 0.79845
10471 81 103 0.635659 0.806202
10472 81 104 0.635659 0.813953
10473 81 105 0.635659 0.821705
10474 81 106 0.635659 0.829457
10475 81 107 0.635659 0.837209
10476 81 108 0.635659 0.844961
10477 81 109 0.635659 0.852713
10478 81 110 0.635659 0.860465
10479 81 111 0.635659 0.868217
10480 81 112 0.635659 0.875969
10481 81 113 0.635659 0.883721
10482 81 114 0.635659 0.891473
10483 81 115 0.635659 0.899225
10484 81 116 0.635659 0.906977
10485 81 117 0.635659 0.914729
10486 81 118 0.635659 0.922481
10487 81 119 0.635659 0.930233
10488 81 120 0.635659 0.937984
10489 81 121 0.635659 0.945736
10490 81 122 0.635659 0.953488
10491 81 123 0.635659 0.96124
10492 81 124 0.635659 0.968992
10493 81 125 0.635659 0.976744
10494 81 126 0.635659 0.984496
10495 81 127 0.635659 0.992248
10496 82 0 0.643411 0.00775194
10497 82 1 0.643411 0.0155039
10498 82 2 0.643411 0.0232558
10499 82 3 0.643411 0.0310078
10500 82 4 0.643411 0.0387597
10501 82 5 0.643411 0.0465116
10502 82 6 0.643411 0.0542636
10503 82 7 0.643411 0.0620155
10504 82 8 0.643411 0.0697674
10505 82 9 0.643411 0.0775194
10506 82 10 0.643411 0.0852713
10507 82 11 0.643411 0.0930233
10508 82 12 0.643411 0.100775
10509 82 13 0.643411 0.108527
10510 82 14 0.643411 0.116279
10511 82 15 0.643411 0.124031
10512 82 16 0.643411 0.131783
10513 82 17 0.643411 0.139535
10514 82 18 0.643411 0.147287
10515 82 19 0.643411 0.155039
10516 82 20 0.643411 0.162791
10517 82 21 0.643411 0.170543
10518 82 22 0.643411 0.178295
10519 82 23 0.643411 0.186047
10520 82 24 0.643411 0.193798
10521 82 25 0.643411 0.20155
10522 82 26 0.643411 0.209302
10523 82 27 0.643411 0.217054
10524 82 28 0.643411 0.224806
10525 82 29 0.643411 0.232558
10526 82 30 0.643411 0.24031
10527 82 31 0.643411 0.248062
10528 82 32 0.643411 0.255814
10529 82 33 0.643411 0.263566
10530 82 34 0.643411 0.271318
10531 82 35 0.643411 0.27907
10532 82 36 0.643411 0.286822
10533 82 37 0.643411 0.294574
10534 82 38 0.643411 0.302326
10535 82 39 0.643411 0.310078
10536 82 40 0.643411 0.317829
10537 82 41 0.643411 0.325581
10538 82 42 0.643411 0.333333
10539 82 43 0.643411 0.341085
10540 82 44 0.643411 0.348837
10541 82 45 0.643411 0.356589
10542 82 46 0.643411 0.364341
10543 82 47 0.643411 0.372093
10544 82 48 0.643411 0.379845
10545 82 49 0.643411 0.387597
10546 82 50 0.643411 0.395349
10547 82 51 0.643411 0.403101
10548 82 52 0.643411 0.410853
10549 82 53 0.643411 0.418605
10550 82 54 0.643411 0.426357
10551 82 55 0.643411 0.434109
10552 82 56 0.643411 0.44186
10553 82 57 0.643411 0.449612
10554 82 58 0.643411 0.457364
10555 82 59 0.643411 0.465116
10556 82 60 0.643411 0.472868
10557 82 61 0.643411 0.48062
10558 82 62 0.643411 0.488372
10559 82 63 0.643411 0.496124
10560 82 64 0.643411 0.503876
10561 82 65 0.643411 0.511628
10562 82 66 0.643411 0.51938
10563 82 67 0.643411 0.527132
10564 82 68 0.643411 0.534884
10565 82 69 0.643411 0.542636
10566 82 70 0.643411 0.550388
10567 82 71 0.643411 0.55814
10568 82 72 0.643411 0.565891
10569 82 73 0.643411 0.573643
10570 82 74 0.643411 0.581395
10571 82 75 0.643411 0.589147
10572 82 76 0.643411 0.596899
10573 82 77 0.643411 0.604651
10574 82 78 0.643411 0.612403
10575 82 79 0.643411 0.620155
10576 82 80 0.643411 0.627907
10577 82 81 0.643411 0.635659
10578 82 82 0.643411 0.643411
10579 82 83 0.643411 0.651163
10580 82 84 0.643411 0.658915
10581 82 85 0.643411 0.666667
10582 82 86 0.643411 0.674419
10583 82 87 0.643411 0.682171
10584 82 88 0.643411 0.689922
10585 82 89 0.643411 0.697674
10586 82 90 0.643411 0.705426
10587 82 91 0.643411 0.713178
10588 82 92 0.643411 0.72093
10589 82 93 0.643411 0.728682
10590 82 94 0.643411 0.736434
10591 82 95 0.643411 0.744186
10592 82 96 0.643411 0.751938
10593 82 97 0.643411 0.75969
10594 82 98 0.643411 0.767442
10595 82 99 0.643411 0.775194
10596 82 100 0.643411 0.782946
10597 82 101 0.643411 0.790698
10598 82 102 0.643411 0.79845
10599 82 103 0.643411 0.806202
10600 82 104 0.643411 0.813953
10601 82 105 0.643411 0.821705
10602 82 106 0.643411 0.829457
10603 82 107 0.643411 0.837209
10604 82 108 0.643411 0.844961
10605 82 109 0.643411 0.852713
10606 82 110 0.643411 0.860465
10607 82 111 0.643411 0.868217
10608 82 112 0.643411 0.875969
10609 82 113 0.643411 0.883721
10610 82 114 0.643411 0.891473
10611 82 115 0.643411 0.899225
10612 82 116 0.643411 0.906977
10613 82 117 0.643411 0.914729
10614 82 118 0.643411 0.922481
10615 82 119 0.643411 0.930233
10616 82 120 0.643411 0.937984
10617 82 121 0.643411 0.945736
10618 82 122 0.643411 0.953488
10619 82 123 0.643411 0.96124
10620 82 124 0.643411 0.968992
10621 82 125 0.643411 0.976744
10622 82 126 0.643411 0.984496
10623 82 127 0.643411 0.992248
10624 83 0 0.651163 0.00775194
10625 83 1 0.651163 0.0155039
10626 83 2 0.651163 0.0232558
10627 83 3 0.651163 0.0310078
10628 83 4 0.651163 0.0387597
10629 83 5 0.651163 0.0465116
10630 83 6 0.651163 0.0542636
10631 83 7 0.651163 0.0620155
10632 83 8 0.651163 0.0697674
10633 83 9 0.651163 0.0775194
10634 83 10 0.651163 0.0852713
10635 83 11 0.651163 0.0930233
10636 83 12 0.651163 0.100775
10637 83 13 0.651163 0.108527
10638 83 14 0.651163 0.116279
10639 83 15 0.651163 0.124031
10640 83 16 0.651163 0.131783
10641 83 17 0.651163 0.139535
10642 83 18 0.651163 0.147287
10643 83 19 0.651163 0.155039
10644 83 20 0.651163 0.162791
10645 83 21 0.651163 0.170543
10646 83 22 0.651163 0.178295
10647 83 23 0.651163 0.186047
10648 83 24 0.651163 0.193798
10649 83 25 0.651163 0.20155
10650 83 26 0.651163 0.209302
10651 83 27 0.651163 0.217054
10652 83 28 0.651163 0.224806
10653 83 29 0.651163 0.232558
10654 83 30 0.651163 0.24031
10655 83 31 0.651163 0.248062
10656 83 32 0.651163 0.255814
10657 83 33 0.651163 0.263566
10658 83 34 0.651163 0.271318
10659 83 35 0.651163 0.27907
10660 83 36 0.651163 0.286822
10661 83 37 0.651163 0.294574
10662 83 38 0.651163 0.302326
10663 83 39 0.651163 0.310078
10664 83 40 0.651163 0.317829
10665 83 41 0.651163 0.325581
10666 83 42 0.651163 0.333333
10667 83 43 0.651163 0.341085
10668 83 44 0.651163 0.348837
10669 83 45 0.651163 0.356589
10670 83 46 0.651163 0.364341
10671 83 47 0.651163 0.372093
10672 83 48 0.651163 0.379845
10673 83 49 0.651163 0.387597
10674 83 50 0.651163 0.395349
10675 83 51 0.651163 0.403101
10676 83 52 0.651163 0.410853
10677 83 53 0.651163 0.418605
10678 83 54 0.651163 0.426357
10679 83 55 0.651163 0.434109
10680 83 56 0.651163 0.44186
10681 83 57 0.651163 0.449612
10682 83 58 0.651163 0.457364
10683 83 59 0.651163 0.465116
10684 83 60 0.651163 0.472868
10685 83 61 0.651163 0.48062
10686 83 62 0.651163 0.488372
10687 83 63 0.651163 0.496124
10688 83 64 0.651163 0.503876
10689 83 65 0.651163 0.511628
10690 83 66 0.651163 0.51938
10691 83 67 0.651163 0.527132
10692 83 68 0.651163 0.534884
10693 83 69 0.651163 0.542636
10694 83 70 0.651163 0.550388
10695 83 71 0.651163 0.55814
10696 83 72 0.651163 0.565891
10697 83 73 0.651163 0.573643
10698 83 74 0.651163 0.581395
10699 83 75 0.651163 0.589147
10700 83 76 0.651163 0.596899
10701 83 77 0.651163 0.604651
10702 83 78 0.651163 0.612403
10703 83 79 0.651163 0.620155
10704 83 80 0.651163 0.627907
10705 83 81 0.651163 0.635659
10706 83 82 0.651163 0.643411
10707 83 83 0.651163 0.651163
10708 83 84 0.651163 0.658915
10709 83 85 0.651163 0.666667
10710 83 86 0.651163 0.674419
10711 83 87 0.651163 0.682171
10712 83 88 0.651163 0.689922
10713 83 89 0.651163 0.697674
10714 83 90 0.651163 0.705426
10715 83 91 0.651163 0.713178
10716 83 92 0.651163 0.72093
10717 83 93 0.651163 0.728682
10718 83 94 0.651163 0.736434
10719 83 95 0.651163 0.744186
10720 83 96 0.651163 0.751938
10721 83 97 0.651163 0.75969
10722 83 98 0.651163 0.767442
10723 83 99 0.651163 0.775194
10724 83 100 0.651163 0.782946
10725 83 101 0.651163 0.790698
10726 83 102 0.651163 0.79845
10727 83 103 0.651163 0.806202
10728 83 104 0.651163 0.813953
10729 83 105 0.651163 0.821705
10730 83 106 0.651163 0.829457
10731 83 107 0.651163 0.837209
10732 83 108 0.651163 0.844961
10733 83 109 0.651163 0.852713
10734 83 110 0.651163 0.860465
10735 83 111 0.651163 0.868217
10736 83 112 0.651163 0.875969
10737 83 113 0.651163 0.883721
10738 83 114 0.651163 0.891473
10739 83 115 0.651163 0.899225
10740 83 116 0.651163 0.906977
10741 83 117 0.651163 0.914729
10742 83 118 0.651163 0.922481
10743 83 119 0.651163 0.930233
10744 83 120 0.651163 0.937984
10745 83 121 0.651163 0.945736
10746 83 122 0.651163 0.953488
10747 83 123 0.651163 0.96124
10748 83 124 0.651163 0.968992
10749 83 125 0.651163 0.976744
10750 83 126 0.651163 0.984496
10751 83 127 0.651163 0.992248
10752 84 0 0.658915 0.00775194
10753 84 1 0.658915 0.0155039
10754 84 2 0.658915 0.0232558
10755 84 3 0.658915 0.0310078
10756 84 4 0.658915 0.0387597
10757 84 5 0.658915 0.0465116
10758 84 6 0.658915 0.0542636
10759 84 7 0.658915 0.0620155
10760 84 8 0.658915 0.0697674
10761 84 9 0.658915 0.0775194
10762 84 10 0.658915 0.0852713
10763 84 11 0.658915 0.0930233
10764 84 12 0.658915 0.100775
10765 84 13 0.658915 0.108527
10766 84 14 0.658915 0.116279
10767 84 15 0.658915 0.124031
10768 84 16 0.658915 0.131783
10769 84 17 0.658915 0.139535
10770 84 18 0.658915 0.147287
10771 84 19 0.658915 0.155039
10772 84 20 0.658915 0.162791
10773 84 21 0.658915 0.170543
10774 84 22 0.658915 0.178295
10775 84 23 0.658915 0.186047
10776 84 24 0.658915 0.193798
10777 84 25 0.658915 0.20155
10778 84 26 0.658915 0.209302
10779 84 27 0.658915 0.217054
10780 84 28 0.658915 0.224806
10781 84 29 0.658915 0.232558
10782 84 30 0.658915 0.24031
10783 84 31 0.658915 0.248062
10784 84 32 0.658915 0.255814
10785 84 33 0.658915 0.263566
10786 84 34 0.658915 0.271318
10787 84 35 0.658915 0.27907
10788 84 36 0.658915 0.286822
10789 84 37 0.658915 0.294574
10790 84 38 0.658915 0.302326
10791 84 39 0.658915 0.310078
10792 84 40 0.658915 0.317829
10793 84 41 0.658915 0.325581
10794 84 42 0.658915 0.333333
10795 84 43 0.658915 0.341085
10796 84 44 0.658915 0.348837
10797 84 45 0.658915 0.356589
10798 84 46 0.658915 0.364341
10799 84 47 0.658915 0.372093
10800 84 48 0.658915 0.379845
10801 84 49 0.658915 0.387597
10802 84 50 0.658915 0.395349
10803 84 51 0.658915 0.403101
10804 84 52 0.658915 0.410853
10805 84 53 0.658915 0.418605
10806 84 54 0.658915 0.426357
10807 84 55 0.658915 0.434109
10808 84 56 0.658915 0.44186
10809 84 57 0.658915 0.449612
10810 84 58 0.658915 0.457364
10811 84 59 0.658915 0.465116
10812 84 60 0.658915 0.472868
10813 84 61 0.658915 0.48062
10814 84 62 0.658915 0.488372
10815 84 63 0.658915 0.496124
10816 84 64 0.658915 0.503876
10817 84 65 0.658915 0.511628
10818 84 66 0.658915 0.51938
10819 84 67 0.658915 0.527132
10820 84 68 0.658915 0.534884
10821 84 69 0.658915 0.542636
10822 84 70 0.658915 0.550388
10823 84 71 0.658915 0.55814
10824 84 72 0.658915 0.565891
10825 84 73 0.658915 0.573643
10826 84 74 0.658915 0.581395
10827 84 75 0.658915 0.589147
10828 84 76 0.658915 0.596899
10829 84 77 0.658915 0.604651
10830 84 78 0.658915 0.612403
10831 84 79 0.658915 0.620155
10832 84 80 0.658915 0.627907
10833 84 81 0.658915 0.635659
10834 84 82 0.658915 0.643411
10835 84 83 0.658915 0.651163
10836 84 84 0.658915 0.658915
10837 84 85 0.658915 0.666667
10838 84 86 0.658915 0.674419
10839 84 87 0.658915 0.682171
10840 84 88 0.658915 0.689922
10841 84 89 0.658915 0.697674
10842 84 90 0.658915 0.705426
10843 84 91 0.658915 0.713178
10844 84 92 0.658915 0.72093
10845 84 93 0.658915 0.728682
10846 84 94 0.658915 0.736434
10847 84 95 0.658915 0.744186
10848 84 96 0.658915 0.751938
10849 84 97 0.658915 0.75969
10850 84 98 0.658915 0.767442
10851 84 99 0.658915 0.775194
10852 84 100 0.658915 0.782946
10853 84 101 0.658915 0.790698
10854 84 102 0.658915 0.79845
10855 84 103 0.658915 0.806202
10856 84 104 0.658915 0.813953
10857 84 105 0.658915 0.821705
10858 84 106 0.658915 0.829457
10859 84 107 0.658915 0.837209
10860 84 108 0.658915 0.844961
10861 84 109 0.658915 0.852713
10862 84 110 0.658915 0.860465
10863 84 111 0.658915 0.868217
10864 84 112 0.658915 0.875969
10865 84 113 0.658915 0.883721
10866 84 114 0.658915 0.891473
10867 84 115 0.658915 0.899225
10868 84 116 0.658915 0.906977
10869 84 117 0.658915 0.914729
10870 84 118 0.658915 0.922481
10871 84 119 0.658915 0.930233
10872 84 120 0.658915 0.937984
10873 84 121 0.658915 0.945736
10874 84 122 0.658915 0.953488
10875 84 123 0.658915 0.96124
10876 84 124 0.658915 0.968992
10877 84 125 0.658915 0.976744
10878 84 126 0.658915 0.984496
10879 84 127 0.658915 0.992248
10880 85 0 0.666667 0.00775194
10881 85 1 0.666667 0.0155039
10882 85 2 0.666667 0.0232558
10883 85 3 0.666667 0.0310078
10884 85 4 0.666667 0.0387597
10885 85 5 0.666667 0.0465116
10886 85 6 0.666667 0.0542636
10887 85 7 0.666667 0.0620155
10888 85 8 0.666667 0.0697674
10889 85 9 0.666667 0.0775194
10890 85 10 0.666667 0.0852713
10891 85 11 0.666667 0.0930233
10892 85 12 0.666667 0.100775
10893 85 13 0.666667 0.108527
10894 85 14 0.666667 0.116279
10895 85 15 0.666667 0.124031
10896 85 16 0.666667 0.131783
10897 85 17 0.666667 0.139535
10898 85 18 0.666667 0.147287
10899 85 19 0.666667 0.155039
10900 85 20 0.666667 0.162791
10901 85 21 0.666667 0.170543
10902 85 22 0.666667 0.178295
10903 85 23 0.666667 0.186047
10904 85 24 0.666667 0.193798
10905 85 25 0.666667 0.20155
10906 85 26 0.666667 0.209302
10907 85 27 0.666667 0.217054
10908 85 28 0.666667 0.224806
10909 85 29 0.666667 0.232558
10910 85 30 0.666667 0.24031
10911 85 31 0.666667 0.248062
10912 85 32 0.666667 0.255814
10913 85 33 0.666667 0.263566
10914 85 34 0.666667 0.271318
10915 85 35 0.666667 0.27907
10916 85 36 0.666667 0.286822
10917 85 37 0.666667 0.294574
10918 85 38 0.666667 0.302326
10919 85 39 0.666667 0.310078
10920 85 40 0.666667 0.317829
10921 85 41 0.666667 0.325581
10922 85 42 0.666667 0.333333
10923 85 43 0.666667 0.341085
10924 85 44 0.666667 0.348837
10925 85 45 0.666667 0.356589
10926 85 46 0.666667 0.364341
10927 85 47 0.666667 0.372093
10928 85 48 0.666667 0.379845
10929 85 49 0.666667 0.387597
10930 85 50 0.666667 0.395349
10931 85 51 0.666667 0.403101
10932 85 52 0.666667 0.410853
10933 85 53 0.666667 0.418605
10934 85 54 0.666667 0.426357
10935 85 55 0.666667 0.434109
10936 85 56 0.666667 0.44186
10937 85 57 0.666667 0.449612
10938 85 58 0.666667 0.457364
10939 85 59 0.666667 0.465116
10940 85 60 0.666667 0.472868
10941 85 61 0.666667 0.48062
10942 85 62 0.666667 0.488372
10943 85 63 0.666667 0.496124
10944 85 64 0.666667 0.503876
10945 85 65 0.666667 0.511628
10946 85 66 0.666667 0.51938
10947 85 67 0.666667 0.527132
10948 85 68 0.666667 0.534884
10949 85 69 0.666667 0.542636
10950 85 70 0.666667 0.550388
10951 85 71 0.666667 0.55814
10952 85 72 0.666667 0.565891
10953 85 73 0.666667 0.573643
10954 85 74 0.666667 0.581395
10955 85 75 0.666667 0.589147
10956 85 76 0.666667 0.596899
10957 85 77 0.666667 0.604651
10958 85 78 0.666667 0.612403
10959 85 79 0.666667 0.620155
10960 85 80 0.666667 0.627907
10961 85 81 0.666667 0.635659
10962 85 82 0.666667 0.643411
10963 85 83 0.666667 0.651163
10964 85 84 0.666667 0.658915
10965 85 85 0.666667 0.666667
10966 85 86 0.666667 0.674419
10967 85 87 0.666667 0.682171
10968 85 88 0.666667 0.689922
10969 85 89 0.666667 0.697674
10970 85 90 0.666667 0.705426
10971 85 91 0.666667 0.713178
10972 85 92 0.666667 0.72093
10973 85 93 0.666667 0.728682
10974 85 94 0.666667 0.736434
10975 85 95 0.666667 0.744186
10976 85 96 0.666667 0.751938
10977 85 97 0.666667 0.75969
10978 85 98 0.666667 0.767442
10979 85 99 0.666667 0.775194
10980 85 100 0.666667 0.782946
10981 85 101 0.666667 0.790698
10982 85 102 0.666667 0.79845
10983 85 103 0.666667 0.806202
10984 85 104 0.666667 0.813953
10985 85 105 0.666667 0.821705
10986 85 106 0.666667 0.829457
10987 85 107 0.666667 0.837209
10988 85 108 0.666667 0.844961
10989 85 109 0.666667 0.852713
10990 85 110 0.666667 0.860465
10991 85 111 0.666667 0.868217
10992 85 112 0.666667 0.875969
10993 85 113 0.666667 0.883721
10994 85 114 0.666667 0.891473
10995 85 115 0.666667 0.899225
10996 85 116 0.666667 0.906977
10997 85 117 0.666667 0.914729
10998 85 118 0.666667 0.922481
10999 85 119 0.666667 0.930233
11000 85 120 0.666667 0.937984
11001 85 121 0.666667 0.945736
11002 85 122 0.666667 0.953488
11003 85 123 0.666667 0.96124
11004 85 124 0.666667 0.968992
11005 85 125 0.666667 0.976744
11006 85 126 0.666667 0.984496
11007 85 127 0.666667 0.992248
11008 86 0 0.674419 0.00775194
11009 86 1 0.674419 0.0155039
11010 86 2 0.674419 0.0232558
11011 86 3 0.674419 0.0310078
11012 86 4 0.674419 0.0387597
11013 86 5 0.674419 0.0465116
11014 86 6 0.674419 0.0542636
11015 86 7 0.674419 0.0620155
11016 86 8 0.674419 0.0697674
11017 86 9 0.674419 0.0775194
11018 86 10 0.674419 0.0852713
11019 86 11 0.674419 0.0930233
11020 86 12 0.674419 0.100775
11021 86 13 0.674419 0.108527
11022 86 14 0.674419 0.116279
11023 86 15 0.674419 0.124031
11024 86 16 0.674419 0.131783
11025 86 17 0.674419 0.139535
11026 86 18 0.674419 0.147287
11027 86 19 0.674419 0.155039
11028 86 20 0.674419 0.162791
11029 86 21 0.674419 0.170543
11030 86 22 0.674419 0.178295
11031 86 23 0.674419 0.186047
11032 86 24 0.674419 0.193798
11033 86 25 0.674419 0.20155
11034 86 26 0.674419 0.209302
11035 86 27 0.674419 0.217054
11036 86 28 0.674419 0.224806
11037 86 29 0.674419 0.232558
11038 86 30 0.674419 0.24031
11039 86 31 0.674419 0.248062
11040 86 32 0.674419 0.255814
11041 86 33 0.674419 0.263566
11042 86 34 0.674419 0.271318
11043 86 35 0.674419 0.27907
11044 86 36 0.674419 0.286822
11045 86 37 0.674419 0.294574
11046 86 38 0.674419 0.302326
11047 86 39 0.674419 0.310078
11048 86 40 0.674419 0.317829
11049 86 41 0.674419 0.325581
11050 86 42 0.674419 0.333333
11051 86 43 0.674419 0.341085
11052 86 44 0.674419 0.348837
11053 86 45 0.674419 0.356589
11054 86 46 0.674419 0.364341
11055 86 47 0.674419 0.372093
11056 86 48 0.674419 0.379845
11057 86 49 0.674419 0.387597
11058 86 50 0.674419 0.395349
11059 86 51 0.674419 0.403101
11060 86 52 0.674419 0.410853
11061 86 53 0.674419 0.418605
11062 86 54 0.674419 0.426357
11063 86 55 0.674419 0.434109
11064 86 56 0.674419 0.44186
11065 86 57 0.674419 0.449612
11066 86 58 0.674419 0.457364
11067 86 59 0.674419 0.465116
11068 86 60 0.674419 0.472868
11069 86 61 0.674419 0.48062
11070 86 62 0.674419 0.488372
11071 86 63 0.674419 0.496124
11072 86 64 0.674419 0.503876
11073 86 65 0.674419 0.511628
11074 86 66 0.674419 0.51938
11075 86 67 0.674419 0.527132
11076 86 68 0.674419 0.534884
11077 86 69 0.674419 0.542636
11078 86 70 0.674419 0.550388
11079 86 71 0.674419 0.55814
11080 86 72 0.674419 0.565891
11081 86 73 0.674419 0.573643
11082 86 74 0.674419 0.581395
11083 86 75 0.674419 0.589147
11084 86 76 0.674419 0.596899
11085 86 77 0.674419 0.604651
11086 86 78 0.674419 0.612403
11087 86 79 0.674419 0.620155
11088 86 80 0.674419 0.627907
11089 86 81 0.674419 0.635659
11090 86 82 0.674419 0.643411
11091 86 83 0.674419 0.651163
11092 86 84 0.674419 0.658915
11093 86 85 0.674419 0.666667
11094 86 86 0.674419 0.674419
11095 86 87 0.674419 0.682171
11096 86 88 0.674419 0.689922
11097 86 89 0.674419 0.697674
11098 86 90 0.674419 0.705426
11099 86 91 0.674419 0.713178
11100 86 92 0.674419 0.72093
11101 86 93 0.674419 0.728682
11102 86 94 0.674419 0.736434
11103 86 95 0.674419 0.744186
11104 86 96 0.674419 0.751938
11105 86 97 0.674419 0.75969
11106 86 98 0.674419 0.767442
11107 86 99 0.674419 0.775194
11108 86 100 0.674419 0.782946
11109 86 101 0.674419 0.790698
11110 86 102 0.674419 0.79845
11111 86 103 0.674419 0.806202
11112 86 104 0.674419 0.813953
11113 86 105 0.674419 0.821705
11114 86 106 0.674419 0.829457
11115 86 107 0.674419 0.837209
11116 86 108 0.674419 0.844961
11117 86 109 0.674419 0.852713
11118 86 110 0.674419 0.860465
11119 86 111 0.674419 0.868217
11120 86 112 0.674419 0.875969
11121 86 113 0.674419 0.883721
11122 86 114 0.674419 0.891473
11123 86 115 0.674419 0.899225
11124 86 116 0.674419 0.906977
11125 86 117 0.674419 0.914729
11126 86 118 0.674419 0.922481
11127 86 119 0.674419 0.930233
11128 86 120 0.674419 0.937984
11129 86 121 0.674419 0.945736
11130 86 122 0.674419 0.953488
11131 86 123 0.674419 0.96124
11132 86 124 0.674419 0.968992
11133 86 125 0.674419 0.976744
11134 86 126 0.674419 0.984496
11135 86 127 0.674419 0.992248
11136 87 0 0.682171 0.00775194
11137 87 1 0.682171 0.0155039
11138 87 2 0.682171 0.0232558
11139 87 3 0.682171 0.0310078
11140 87 4 0.682171 0.0387597
11141 87 5 0.682171 0.0465116
11142 87 6 0.682171 0.0542636
11143 87 7 0.682171 0.0620155
11144 87 8 0.682171 0.0697674
11145 87 9 0.682171 0.0775194
11146 87 10 0.682171 0.0852713
11147 87 11 0.682171 0.0930233
11148 87 12 0.682171 0.100775
11149 87 13 0.682171 0.108527
11150 87 14 0.682171 0.116279
11151 87 15 0.682171 0.124031
11152 87 16 0.682171 0.131783
11153 87 17 0.682171 0.139535
11154 87 18 0.682171 0.147287
11155 87 19 0.682171 0.155039
11156 87 20 0.682171 0.162791
11157 87 21 0.682171 0.170543
11158 87 22 0.682171 0.178295
11159 87 23 0.682171 0.186047
11160 87 24 0.682171 0.193798
11161 87 25 0.682171 0.20155
11162 87 26 0.682171 0.209302
11163 87 27 0.682171 0.217054
11164 87 28 0.682171 0.224806
11165 87 29 0.682171 0.232558
11166 87 30 0.682171 0.24031
11167 87 31 0.682171 0.248062
11168 87 32 0.682171 0.255814
11169 87 33 0.682171 0.263566
11170 87 34 0.682171 0.271318
11171 87 35 0.682171 0.27907
11172 87 36 0.682171 0.286822
11173 87 37 0.682171 0.294574
11174 87 38 0.682171 0.302326
11175 87 39 0.682171 0.310078
11176 87 40 0.682171 0.317829
11177 87 41 0.682171 0.325581
11178 87 42 0.682171 0.333333
11179 87 43 0.682171 0.341085
11180 87 44 0.682171 0.348837
11181 87 45 0.682171 0.356589
11182 87 46 0.682171 0.364341
11183 87 47 0.682171 0.372093
11184 87 48 0.682171 0.379845
11185 87 49 0.682171 0.387597
11186 87 50 0.682171 0.395349
11187 87 51 0.682171 0.403101
11188 87 52 0.682171 0.410853
11189 87 53 0.682171 0.418605
11190 87 54 0.682171 0.426357
11191 87 55 0.682171 0.434109
11192 87 56 0.682171 0.44186
11193 87 57 0.682171 0.449612
11194 87 58 0.682171 0.457364
11195 87 59 0.682171 0.465116
11196 87 60 0.682171 0.472868
11197 87 61 0.682171 0.48062
11198 87 62 0.682171 0.488372
11199 87 63 0.682171 0.496124
11200 87 64 0.682171 0.503876
11201 87 65 0.682171 0.511628
11202 87 66 0.682171 0.51938
11203 87 67 0.682171 0.527132
11204 87 68 0.682171 0.534884
11205 87 69 0.682171 0.542636
11206 87 70 0.682171 0.550388
11207 87 71 0.682171 0.55814
11208 87 72 0.682171 0.565891
11209 87 73 0.682171 0.573643
11210 87 74 0.682171 0.581395
11211 87 75 0.682171 0.589147
11212 87 76 0.682171 0.596899
11213 87 77 0.682171 0.604651
11214 87 78 0.682171 0.612403
11215 87 79 0.682171 0.620155
11216 87 80 0.682171 0.627907
11217 87 81 0.682171 0.635659
11218 87 82 0.682171 0.643411
11219 87 83 0.682171 0.651163
11220 87 84 0.682171 0.658915
11221 87 85 0.682171 0.666667
11222 87 86 0.682171 0.674419
11223 87 87 0.682171 0.682171
11224 87 88 0.682171 0.689922
11225 87 89 0.682171 0.697674
11226 87 90 0.682171 0.705426
11227 87 91 0.682171 0.713178
11228 87 92 0.682171 0.72093
11229 87 93 0.682171 0.728682
11230 87 94 0.682171 0.736434
11231 87 95 0.682171 0.744186
11232 87 96 0.682171 0.751938
11233 87 97 0.682171 0.75969
11234 87 98 0.682171 0.767442
11235 87 99 0.682171 0.775194
11236 87 100 0.682171 0.782946
11237 87 101 0.682171 0.790698
11238 87 102 0.682171 0.79845
11239 87 103 0.682171 0.806202
11240 87 104 0.682171 0.813953
11241 87 105 0.682171 0.821705
11242 87 106 0.682171 0.829457
11243 87 107 0.682171 0.837209
11244 87 108 0.682171 0.844961
11245 87 109 0.682171 0.852713
11246 87 110 0.682171 0.860465
11247 87 111 0.682171 0.868217
11248 87 112 0.682171 0.875969
11249 87 113 0.682171 0.883721
11250 87 114 0.682171 0.891473
11251 87 115 0.682171 0.899225
11252 87 116 0.682171 0.906977
11253 87 117 0.682171 0.914729
11254 87 118 0.682171 0.922481
11255 87 119 0.682171 0.930233
11256 87 120 0.682171 0.937984
11257 87 121 0.682171 0.945736
11258 87 122 0.682171 0.953488
11259 87 123 0.682171 0.96124
11260 87 124 0.682171 0.968992
11261 87 125 0.682171 0.976744
11262 87 126 0.682171 0.984496
11263 87 127 0.682171 0.992248
11264 88 0 0.689922 0.00775194
11265 88 1 0.689922 0.0155039
11266 88 2 0.689922 0.0232558
11267 88 3 0.689922 0.0310078
11268 88 4 0.689922 0.0387597
11269 88 5 0.689922 0.0465116
11270 88 6 0.689922 0.0542636
11271 88 7 0.689922 0.0620155
11272 88 8 0.689922 0.0697674
11273 88 9 0.689922 0.0775194
11274 88 10 0.689922 0.0852713
11275 88 11 0.689922 0.0930233
11276 88 12 0.689922 0.100775
11277 88 13 0.689922 0.108527
11278 88 14 0.689922 0.116279
11279 88 15 0.689922 0.124031
11280 88 16 0.689922 0.131783
11281 88 17 0.689922 0.139535
11282 88 18 0.689922 0.147287
11283 88 19 0.689922 0.155039
11284 88 20 0.689922 0.162791
11285 88 21 0.689922 0.170543
11286 88 22 0.689922 0.178295
11287 88 23 0.689922 0.186047
11288 88 24 0.689922 0.193798
11289 88 25 0.689922 0.20155
11290 88 26 0.689922 0.209302
11291 88 27 0.689922 0.217054
11292 88 28 0.689922 0.224806
11293 88 29 0.689922 0.232558
11294 88 30 0.689922 0.24031
11295 88 31 0.689922 0.248062
11296 88 32 0.689922 0.255814
11297 88 33 0.689922 0.263566
11298 88 34 0.689922 0.271318
11299 88 35 0.689922 0.27907
11300 88 36 0.689922 0.286822
11301 88 37 0.689922 0.294574
11302 88 38 0.689922 0.302326
11303 88 39 0.689922 0.310078
11304 88 40 0.689922 0.317829
11305 88 41 0.689922 0.325581
11306 88 42 0.689922 0.333333
11307 88 43 0.689922 0.341085
11308 88 44 0.689922 0.348837
11309 88 45 0.689922 0.356589
11310 88 46 0.689922 0.364341
11311 88 47 0.689922 0.372093
11312 88 48 0.689922 0.379845
11313 88 49 0.689922 0.387597
11314 88 50 0.689922 0.395349
11315 88 51 0.689922 0.403101
11316 88 52 0.689922 0.410853
11317 88 53 0.689922 0.418605
11318 88 54 0.689922 0.426357
11319 88 55 0.689922 0.434109
11320 88 56 0.689922 0.44186
11321 88 57 0.689922 0.449612
11322 88 58 0.689922 0.457364
11323 88 59 0.689922 0.465116
11324 88 60 0.689922 0.472868
11325 88 61 0.689922 0.48062
11326 88 62 0.689922 0.488372
11327 88 63 0.689922 0.496124
11328 88 64 0.689922 0.503876
11329 88 65 0.689922 0.511628
11330 88 66 0.689922 0.51938
11331 88 67 0.689922 0.527132
11332 88 68 0.689922 0.534884
11333 88 69 0.689922 0.542636
11334 88 70 0.689922 0.550388
11335 88 71 0.689922 0.55814
11336 88 72 0.689922 0.565891
11337 88 73 0.689922 0.573643
11338 88 74 0.689922 0.581395
11339 88 75 0.689922 0.589147
11340 88 76 0.689922 0.596899
11341 88 77 0.689922 0.604651
11342 88 78 0.689922 0.612403
11343 88 79 0.689922 0.620155
11344 88 80 0.689922 0.627907
11345 88 81 0.689922 0.635659
11346 88 82 0.689922 0.643411
11347 88 83 0.689922 0.651163
11348 88 84 0.689922 0.658915
11349 88 85 0.689922 0.666667
11350 88 86 0.689922 0.674419
11351 88 87 0.689922 0.682171
11352 88 88 0.689922 0.689922
11353 88 89 0.689922 0.697674
11354 88 90 0.689922 0.705426
11355 88 91 0.689922 0.713178
11356 88 92 0.689922 0.72093
11357 88 93 0.689922 0.728682
11358 88 94 0.689922 0.736434
11359 88 95 0.689922 0.744186
11360 88 96 0.689922 0.751938
11361 88 97 0.689922 0.75969
11362 88 98 0.689922 0.767442
11363 88 99 0.689922 0.775194
11364 88 100 0.689922 0.782946
11365 88 101 0.689922 0.790698
11366 88 102 0.689922 0.79845
11367 88 103 0.689922 0.806202
11368 88 104 0.689922 0.813953
11369 88 105 0.689922 0.821705
11370 88 106 0.689922 0.829457
11371 88 107 0.689922 0.837209
11372 88 108 0.689922 0.844961
11373 88 109 0.689922 0.852713
11374 88 110 0.689922 0.860465
11375 88 111 0.689922 0.868217
11376 88 112 0.689922 0.875969
11377 88 113 0.689922 0.883721
11378 88 114 0.689922 0.891473
11379 88 115 0.689922 0.899225
11380 88 116 0.689922 0.906977
11381 88 117 0.689922 0.914729
11382 88 118 0.689922 0.922481
11383 88 119 0.689922 0.930233
11384 88 120 0.689922 0.937984
11385 88 121 0.689922 0.945736
11386 88 122 0.689922 0.953488
11387 88 123 0.689922 0.96124
11388 88 124 0.689922 0.968992
11389 88 125 0.689922 0.976744
11390 88 126 0.689922 0.984496
11391 88 127 0.689922 0.992248
11392 89 0 0.697674 0.00775194
11393 89 1 0.697674 0.0155039
11394 89 2 0.697674 0.0232558
11395 89 3 0.697674 0.0310078
11396 89 4 0.697674 0.0387597
11397 89 5 0.697674 0.0465116
11398 89 6 0.697674 0.0542636
11399 89 7 0.697674 0.0620155
11400 89 8 0.697674 0.0697674
11401 89 9 0.697674 0.0775194
11402 89 10 0.697674 0.0852713
11403 89 11 0.697674 0.0930233
11404 89 12 0.697674 0.100775
11405 89 13 0.697674 0.108527
11406 89 14 0.697674 0.116279
11407 89 15 0.697674 0.124031
11408 89 16 0.697674 0.131783
11409 89 17 0.697674 0.139535
11410 89 18 0.697674 0.147287
11411 89 19 0.697674 0.155039
11412 89 20 0.697674 0.162791
11413 89 21 0.697674 0.170543
11414 89 22 0.697674 0.178295
11415 89 23 0.697674 0.186047
11416 89 24 0.697674 0.193798
11417 89 25 0.697674 0.20155
11418 89 26 0.697674 0.209302
11419 89 27 0.697674 0.217054
11420 89 28 0.697674 0.224806
11421 89 29 0.697674 0.232558
11422 89 30 0.697674 0.24031
11423 89 31 0.697674 0.248062
11424 89 32 0.697674 0.255814
11425 89 33 0.697674 0.263566
11426 89 34 0.697674 0.271318
11427 89 35 0.697674 0.27907
11428 89 36 0.697674 0.286822
11429 89 37 0.697674 0.294574
11430 89 38 0.697674 0.302326
11431 89 39 0.697674 0.310078
11432 89 40 0.697674 0.317829
11433 89 41 0.697674 0.325581
11434 89 42 0.697674 0.333333
11435 89 43 0.697674 0.341085
11436 89 44 0.697674 0.348837
11437 89 45 0.697674 0.356589
11438 89 46 0.697674 0.364341
11439 89 47 0.697674 0.372093
11440 89 48 0.697674 0.379845
11441 89 49 0.697674 0.387597
11442 89 50 0.697674 0.395349
11443 89 51 0.697674 0.403101
11444 89 52 0.697674 0.410853
11445 89 53 0.697674 0.418605
11446 89 54 0.697674 0.426357
11447 89 55 0.697674 0.434109
11448 89 56 0.697674 0.44186
11449 89 57 0.697674 0.449612
11450 89 58 0.697674 0.457364
11451 89 59 0.697674 0.465116
11452 89 60 0.697674 0.472868
11453 89 61 0.697674 0.48062
11454 89 62 0.697674 0.488372
11455 89 63 0.697674 0.496124
11456 89 64 0.697674 0.503876
11457 89 65 0.697674 0.511628
11458 89 66 0.697674 0.51938
11459 89 67 0.697674 0.527132
11460 89 68 0.697674 0.534884
11461 89 69 0.697674 0.542636
11462 89 70 0.697674 0.550388
11463 89 71 0.697674 0.55814
11464 89 72 0.697674 0.565891
11465 89 73 0.697674 0.573643
11466 89 74 0.697674 0.581395
11467 89 75 0.697674 0.589147
11468 89 76 0.697674 0.596899
11469 89 77 0.697674 0.604651
11470 89 78 0.697674 0.612403
11471 89 79 0.697674 0.620155
11472 89 80 0.697674 0.627907
11473 89 81 0.697674 0.635659
11474 89 82 0.697674 0.643411
11475 89 83 0.697674 0.651163
11476 89 84 0.697674 0.658915
11477 89 85 0.697674 0.666667
11478 89 86 0.697674 0.674419
11479 89 87 0.697674 0.682171
11480 89 88 0.697674 0.689922
11481 89 89 0.697674 0.697674
11482 89 90 0.697674 0.705426
11483 89 91 0.697674 0.713178
11484 89 92 0.697674 0.72093
11485 89 93 0.697674 0.728682
11486 89 94 0.697674 0.736434
11487 89 95 0.697674 0.744186
11488 89 96 0.697674 0.751938
11489 89 97 0.697674 0.75969
11490 89 98 0.697674 0.767442
11491 89 99 0.697674 0.775194
11492 89 100 0.697674 0.782946
11493 89 101 0.697674 0.790698
11494 89 102 0.697674 0.79845
11495 89 103 0.697674 0.806202
11496 89 104 0.697674 0.813953
11497 89 105 0.697674 0.821705
11498 89 106 0.697674 0.829457
11499 89 107 0.697674 0.837209
11500 89 108 0.697674 0.844961
11501 89 109 0.697674 0.852713
11502 89 110 0.697674 0.860465
11503 89 111 0.697674 0.868217
11504 89 112 0.697674 0.875969
11505 89 113 0.697674 0.883721
11506 89 114 0.697674 0.891473
11507 89 115 0.697674 0.899225
11508 89 116 0.697674 0.906977
11509 89 117 0.697674 0.914729
11510 89 118 0.697674 0.922481
11511 89 119 0.697674 0.930233
11512 89 120 0.697674 0.937984
11513 89 121 0.697674 0.945736
11514 89 122 0.697674 0.953488
11515 89 123 0.697674 0.96124
11516 89 124 0.697674 0.968992
11517 89 125 0.697674 0.976744
11518 89 126 0.697674 0.984496
11519 89 127 0.697674 0.992248
11520 90 0 0.705426 0.00775194
11521 90 1 0.705426 0.0155039
11522 90 2 0.705426 0.0232558
11523 90 3 0.705426 0.0310078
11524 90 4 0.705426 0.0387597
11525 90 5 0.705426 0.0465116
11526 90 6 0.705426 0.0542636
11527 90 7 0.705426 0.0620155
11528 90 8 0.705426 0.0697674
11529 90 9 0.705426 0.0775194
11530 90 10 0.705426 0.0852713
11531 90 11 0.705426 0.0930233
11532 90 12 0.705426 0.100775
11533 90 13 0.705426 0.108527
11534 90 14 0.705426 0.116279
11535 90 15 0.705426 0.124031
11536 90 16 0.705426 0.131783
11537 90 17 0.705426 0.139535
11538 90 18 0.705426 0.147287
11539 90 19 0.705426 0.155039
11540 90 20 0.705426 0.162791
11541 90 21 0.705426 0.170543
11542 90 22 0.705426 0.178295
11543 90 23 0.705426 0.186047
11544 90 24 0.705426 0.193798
11545 90 25 0.705426 0.20155
11546 90 26 0.705426 0.209302
11547 90 27 0.705426 0.217054
11548 90 28 0.705426 0.224806
11549 90 29 0.705426 0.232558
11550 90 30 0.705426 0.24031
11551 90 31 0.705426 0.248062
11552 90 32 0.705426 0.255814
11553 90 33 0.705426 0.263566
11554 90 34 0.705426 0.271318
11555 90 35 0.705426 0.27907
11556 90 36 0.705426 0.286822
11557 90 37 0.705426 0.294574
11558 90 38 0.705426 0.302326
11559 90 39 0.705426 0.310078
11560 90 40 0.705426 0.317829
11561 90 41 0.705426 0.325581
11562 90 42 0.705426 0.333333
11563 90 43 0.705426 0.341085
11564 90 44 0.705426 0.348837
11565 90 45 0.705426 0.356589
11566 90 46 0.705426 0.364341
11567 90 47 0.705426 0.372093
11568 90 48 0.705426 0.379845
11569 90 49 0.705426 0.387597
11570 90 50 0.705426 0.395349
11571 90 51 0.705426 0.403101
11572 90 52 0.705426 0.410853
11573 90 53 0.705426 0.418605
11574 90 54 0.705426 0.426357
11575 90 55 0.705426 0.434109
11576 90 56 0.705426 0.44186
11577 90 57 0.705426 0.449612
11578 90 58 0.705426 0.457364
11579 90 59 0.705426 0.465116
11580 90 60 0.705426 0.472868
11581 90 61 0.705426 0.48062
11582 90 62 0.705426 0.488372
11583 90 63 0.705426 0.496124
11584 90 64 0.705426 0.503876
11585 90 65 0.705426 0.511628
11586 90 66 0.705426 0.51938
11587 90 67 0.705426 0.527132
11588 90 68 0.705426 0.534884
11589 90 69 0.705426 0.542636
11590 90 70 0.705426 0.550388
11591 90 71 0.705426 0.55814
11592 90 72 0.705426 0.565891
11593 90 73 0.705426 0.573643
11594 90 74 0.705426 0.581395
11595 90 75 0.705426 0.589147
11596 90 76 0.705426 0.596899
11597 90 77 0.705426 0.604651
11598 90 78 0.705426 0.612403
11599 90 79 0.705426 0.620155
11600 90 80 0.705426 0.627907
11601 90 81 0.705426 0.635659
11602 90 82 0.705426 0.643411
11603 90 83 0.705426 0.651163
11604 90 84 0.705426 0.658915
11605 90 85 0.705426 0.666667
11606 90 86 0.705426 0.674419
11607 90 87 0.705426 0.682171
11608 90 88 0.705426 0.689922
11609 90 89 0.705426 0.697674
11610 90 90 0.705426 0.705426
11611 90 91 0.705426 0.713178
11612 90 92 0.705426 0.72093
11613 90 93 0.705426 0.728682
11614 90 94 0.705426 0.736434
11615 90 95 0.705426 0.744186
11616 90 96 0.705426 0.751938
11617 90 97 0.705426 0.75969
11618 90 98 0.705426 0.767442
11619 90 99 0.705426 0.775194
11620 90 100 0.705426 0.782946
11621 90 101 0.705426 0.790698
11622 90 102 0.705426 0.79845
11623 90 103 0.705426 0.806202
11624 90 104 0.705426 0.813953
11625 90 105 0.705426 0.821705
11626 90 106 0.705426 0.829457
11627 90 107 0.705426 0.837209
11628 90 108 0.705426 0.844961
11629 90 109 0.705426 0.852713
11630 90 110 0.705426 0.860465
11631 90 111 0.705426 0.868217
11632 90 112 0.705426 0.875969
11633 90 113 0.705426 0.883721
11634 90 114 0.705426 0.891473
11635 90 115 0.705426 0.899225
11636 90 116 0.705426 0.906977
11637 90 117 0.705426 0.914729
11638 90 118 0.705426 0.922481
11639 90 119 0.705426 0.930233
11640 90 120 0.705426 0.937984
11641 90 121 0.705426 0.945736
11642 90 122 0.705426 0.953488
11643 90 123 0.705426 0.96124
11644 90 124 0.705426 0.968992
11645 90 125 0.705426 0.976744
11646 90 126 0.705426 0.984496
11647 90 127 0.705426 0.992248
11648 91 0 0.713178 0.00775194
11649 91 1 0.713178 0.0155039
11650 91 2 0.713178 0.0232558
11651 91 3 0.713178 0.0310078
11652 91 4 0.713178 0.0387597
11653 91 5 0.713178 0.0465116
11654 91 6 0.713178 0.0542636
11655 91 7 0.713178 0.0620155
11656 91 8 0.713178 0.0697674
11657 91 9 0.713178 0.0775194
11658 91 10 0.713178 0.0852713
11659 91 11 0.713178 0.0930233
11660 91 12 0.713178 0.100775
11661 91 13 0.713178 0.108527
11662 91 14 0.713178 0.116279
11663 91 15 0.713178 0.124031
11664 91 16 0.713178 0.131783
11665 91 17 0.713178 0.139535
11666 91 18 0.713178 0.147287
11667 91 19 0.713178 0.155039
11668 91 20 0.713178 0.162791
11669 91 21 0.713178 0.170543
11670 91 22 0.713178 0.178295
11671 91 23 0.713178 0.186047
11672 91 24 0.713178 0.193798
11673 91 25 0.713178 0.20155
11674 91 26 0.713178 0.209302
11675 91 27 0.713178 0.217054
11676 91 28 0.713178 0.224806
11677 91 29 0.713178 0.232558
11678 91 30 0.713178 0.24031
11679 91 31 0.713178 0.248062
11680 91 32 0.713178 0.255814
11681 91 33 0.713178 0.263566
11682 91 34 0.713178 0.271318
11683 91 35 0.713178 0.27907
11684 91 36 0.713178 0.286822
11685 91 37 0.713178 0.294574
11686 91 38 0.713178 0.302326
11687 91 39 0.713178 0.310078
11688 91 40 0.713178 0.317829
11689 91 41 0.713178 0.325581
11690 91 42 0.713178 0.333333
11691 91 43 0.713178 0.341085
11692 91 44 0.713178 0.348837
11693 91 45 0.713178 0.356589
11694 91 46 0.713178 0.364341
11695 91 47 0.713178 0.372093
11696 91 48 0.713178 0.379845
11697 91 49 0.713178 0.387597
11698 91 50 0.713178 0.395349
11699 91 51 0.713178 0.403101
11700 91 52 0.713178 0.410853
11701 91 53 0.713178 0.418605
11702 91 54 0.713178 0.426357
11703 91 55 0.713178 0.434109
11704 91 56 0.713178 0.44186
11705 91 57 0.713178 0.449612
11706 91 58 0.713178 0.457364
11707 91 59 0.713178 0.465116
11708 91 60 0.713178 0.472868
11709 91 61 0.713178 0.48062
11710 91 62 0.713178 0.488372
11711 91 63 0.713178 0.496124
11712 91 64 0.713178 0.503876
11713 91 65 0.713178 0.511628
11714 91 66 0.713178 0.51938
11715 91 67 0.713178 0.527132
11716 91 68 0.713178 0.534884
11717 91 69 0.713178 0.542636
11718 91 70 0.713178 0.550388
11719 91 71 0.713178 0.55814
11720 91 72 0.713178 0.565891
11721 91 73 0.713178 0.573643
11722 91 74 0.713178 0.581395
11723 91 75 0.713178 0.589147
11724 91 76 0.713178 0.596899
11725 91 77 0.713178 0.604651
11726 91 78 0.713178 0.612403
11727 91 79 0.713178 0.620155
11728 91 80 0.713178 0.627907
11729 91 81 0.713178 0.635659
11730 91 82 0.713178 0.643411
11731 91 83 0.713178 0.651163
11732 91 84 0.713178 0.658915
11733 91 85 0.713178 0.666667
11734 91 86 0.713178 0.674419
11735 91 87 0.713178 0.682171
11736 91 88 0.713178 0.689922
11737 91 89 0.713178 0.697674
11738 91 90 0.713178 0.705426
11739 91 91 0.713178 0.713178
11740 91 92 0.713178 0.72093
11741 91 93 0.713178 0.728682
11742 91 94 0.713178 0.736434
11743 91 95 0.713178 0.744186
11744 91 96 0.713178 0.751938
11745 91 97 0.713178 0.75969
11746 91 98 0.713178 0.767442
11747 91 99 0.713178 0.775194
11748 91 100 0.713178 0.782946
11749 91 101 0.713178 0.790698
11750 91 102 0.713178 0.79845
11751 91 103 0.713178 0.806202
11752 91 104 0.713178 0.813953
11753 91 105 0.713178 0.821705
11754 91 106 0.713178 0.829457
11755 91 107 0.713178 0.837209
11756 91 108 0.713178 0.844961
11757 91 109 0.713178 0.852713
11758 91 110 0.713178 0.860465
11759 91 111 0.713178 0.868217
11760 91 112 0.713178 0.875969
11761 91 113 0.713178 0.883721
11762 91 114 0.713178 0.891473
11763 91 115 0.713178 0.899225
11764 91 116 0.713178 0.906977
11765 91 117 0.713178 0.914729
11766 91 118 0.713178 0.922481
11767 91 119 0.713178 0.930233
11768 91 120 0.713178 0.937984
11769 91 121 0.713178 0.945736
11770 91 122 0.713178 0.953488
11771 91 123 0.713178 0.96124
11772 91 124 0.713178 0.968992
11773 91 125 0.713178 0.976744
11774 91 126 0.713178 0.984496
11775 91 127 0.713178 0.992248
11776 92 0 0.72093 0.00775194
11777 92 1 0.72093 0.0155039
11778 92 2 0.72093 0.0232558
11779 92 3 0.72093 0.0310078
11780 92 4 0.72093 0.0387597
11781 92 5 0.72093 0.0465116
11782 92 6 0.72093 0.0542636
11783 92 7 0.72093 0.0620155
11784 92 8 0.72093 0.0697674
11785 92 9 0.72093 0.0775194
11786 92 10 0.72093 0.0852713
11787 92 11 0.72093 0.0930233
11788 92 12 0.72093 0.100775
11789 92 13 0.72093 0.108527
11790 92 14 0.72093 0.116279
11791 92 15 0.72093 0.124031
11792 92 16 0.72093 0.131783
11793 92 17 0.72093 0.139535
11794 92 18 0.72093 0.147287
11795 92 19 0.72093 0.155039
11796 92 20 0.72093 0.162791
11797 92 21 0.72093 0.170543
11798 92 22 0.72093 0.178295
11799 92 23 0.72093 0.186047
11800 92 24 0.72093 0.193798
11801 92 25 0.72093 0.20155
11802 92 26 0.72093 0.209302
11803 92 27 0.72093 0.217054
11804 92 28 0.72093 0.224806
11805 92 29 0.72093 0.232558
11806 92 30 0.72093 0.24031
11807 92 31 0.72093 0.248062
11808 92 32 0.72093 0.255814
11809 92 33 0.72093 0.263566
11810 92 34 0.72093 0.271318
11811 92 35 0.72093 0.27907
11812 92 36 0.72093 0.286822
11813 92 37 0.72093 0.294574
11814 92 38 0.72093 0.302326
11815 92 39 0.72093 0.310078
11816 92 40 0.72093 0.317829
11817 92 41 0.72093 0.325581
11818 92 42 0.72093 0.333333
11819 92 43 0.72093 0.341085
11820 92 44 0.72093 0.348837
11821 92 45 0.72093 0.356589
11822 92 46 0.72093 0.364341
11823 92 47 0.72093 0.372093
11824 92 48 0.72093 0.379845
11825 92 49 0.72093 0.387597
11826 92 50 0.72093 0.395349
11827 92 51 0.72093 0.403101
11828 92 52 0.72093 0.410853
11829 92 53 0.72093 0.418605
11830 92 54 0.72093 0.426357
11831 92 55 0.72093 0.434109
11832 92 56 0.72093 0.44186
11833 92 57 0.72093 0.449612
11834 92 58 0.72093 0.457364
11835 92 59 0.72093 0.465116
11836 92 60 0.72093 0.472868
11837 92 61 0.72093 0.48062
11838 92 62 0.72093 0.488372
11839 92 63 0.72093 0.496124
11840 92 64 0.72093 0.503876
11841 92 65 0.72093 0.511628
11842 92 66 0.72093 0.51938
11843 92 67 0.72093 0.527132
11844 92 68 0.72093 0.534884
11845 92 69 0.72093 0.542636
11846 92 70 0.72093 0.550388
11847 92 71 0.72093 0.55814
11848 92 72 0.72093 0.565891
11849 92 73 0.72093 0.573643
11850 92 74 0.72093 0.581395
11851 92 75 0.72093 0.589147
11852 92 76 0.72093 0.596899
11853 92 77 0.72093 0.604651
11854 92 78 0.72093 0.612403
11855 92 79 0.72093 0.620155
11856 92 80 0.72093 0.627907
11857 92 81 0.72093 0.635659
11858 92 82 0.72093 0.643411
11859 92 83 0.72093 0.651163
11860 92 84 0.72093 0.658915
11861 92 85 0.72093 0.666667
11862 92 86 0.72093 0.674419
11863 92 87 0.72093 0.682171
11864 92 88 0.72093 0.689922
11865 92 89 0.72093 0.697674
11866 92 90 0.72093 0.705426
11867 92 91 0.72093 0.713178
11868 92 92 0.72093 0.72093
11869 92 93 0.72093 0.728682
11870 92 94 0.72093 0.736434
11871 92 95 0.72093 0.744186
11872 92 96 0.72093 0.751938
11873 92 97 0.72093 0.75969
11874 92 98 0.72093 0.767442
11875 92 99 0.72093 0.775194
11876 92 100 0.72093 0.782946
11877 92 101 0.72093 0.790698
11878 92 102 0.72093 0.79845
11879 92 103 0.72093 0.806202
11880 92 104 0.72093 0.813953
11881 92 105 0.72093 0.821705
11882 92 106 0.72093 0.829457
11883 92 107 0.72093 0.837209
11884 92 108 0.72093 0.844961
11885 92 109 0.72093 0.852713
11886 92 110 0.72093 0.860465
11887 92 111 0.72093 0.868217
11888 92 112 0.72093 0.875969
11889 92 113 0.72093 0.883721
11890 92 114 0.72093 0.891473
11891 92 115 0.72093 0.899225
11892 92 116 0.72093 0.906977
11893 92 117 0.72093 0.914729
11894 92 118 0.72093 0.922481
11895 92 119 0.72093 0.930233
11896 92 120 0.72093 0.937984
11897 92 121 0.72093 0.945736
11898 92 122 0.72093 0.953488
11899 92 123 0.72093 0.96124
11900 92 124 0.72093 0.968992
11901 92 125 0.72093 0.976744
11902 92 126 0.72093 0.984496
11903 92 127 0.72093 0.992248
11904 93 0 0.728682 0.00775194
11905 93 1 0.728682 0.0155039
11906 93 2 0.728682 0.0232558
11907 93 3 0.728682 0.0310078
11908 93 4 0.728682 0.0387597
11909 93 5 0.728682 0.0465116
11910 93 6 0.728682 0.0542636
11911 93 7 0.728682 0.0620155
11912 93 8 0.728682 0.0697674
11913 93 9 0.728682 0.0775194
11914 93 10 0.728682 0.0852713
11915 93 11 0.728682 0.0930233
11916 93 12 0.728682 0.100775
11917 93 13 0.728682 0.108527
11918 93 14 0.728682 0.116279
11919 93 15 0.728682 0.124031
11920 93 16 0.728682 0.131783
11921 93 17 0.728682 0.139535
11922 93 18 0.728682 0.147287
11923 93 19 0.728682 0.155039
11924 93 20 0.728682 0.162791
11925 93 21 0.728682 0.170543
11926 93 22 0.728682 0.178295
11927 93 23 0.728682 0.186047
11928 93 24 0.728682 0.193798
11929 93 25 0.728682 0.20155
11930 93 26 0.728682 0.209302
11931 93 27 0.728682 0.217054
11932 93 28 0.728682 0.224806
11933 93 29 0.728682 0.232558
11934 93 30 0.728682 0.24031
11935 93 31 0.728682 0.248062
11936 93 32 0.728682 0.255814
11937 93 33 0.728682 0.263566
11938 93 34 0.728682 0.271318
11939 93 35 0.728682 0.27907
11940 93 36 0.728682 0.286822
11941 93 37 0.728682 0.294574
11942 93 38 0.728682 0.302326
11943 93 39 0.728682 0.310078
11944 93 40 0.728682 0.317829
11945 93 41 0.728682 0.325581
11946 93 42 0.728682 0.333333
11947 93 43 0.728682 0.341085
11948 93 44 0.728682 0.348837
11949 93 45 0.728682 0.356589
11950 93 46 0.728682 0.364341
11951 93 47 0.728682 0.372093
11952 93 48 0.728682 0.379845
11953 93 49 0.728682 0.387597
11954 93 50 0.728682 0.395349
11955 93 51 0.728682 0.403101
11956 93 52 0.728682 0.410853
11957 93 53 0.728682 0.418605
11958 93 54 0.728682 0.426357
11959 93 55 0.728682 0.434109
11960 93 56 0.728682 0.44186
11961 93 57 0.728682 0.449612
11962 93 58 0.728682 0.457364
11963 93 59 0.728682 0.465116
11964 93 60 0.728682 0.472868
11965 93 61 0.728682 0.48062
11966 93 62 0.728682 0.488372
11967 93 63 0.728682 0.496124
11968 93 64 0.728682 0.503876
11969 93 65 0.728682 0.511628
11970 93 66 0.728682 0.51938
11971 93 67 0.728682 0.527132
11972 93 68 0.728682 0.534884
11973 93 69 0.728682 0.542636
11974 93 70 0.728682 0.550388
11975 93 71 0.728682 0.55814
11976 93 72 0.728682 0.565891
11977 93 73 0.728682 0.573643
11978 93 74 0.728682 0.581395
11979 93 75 0.728682 0.589147
11980 93 76 0.728682 0.596899
11981 93 77 0.728682 0.604651
11982 93 78 0.728682 0.612403
11983 93 79 0.728682 0.620155
11984 93 80 0.728682 0.627907
11985 93 81 0.728682 0.635659
11986 93 82 0.728682 0.643411
11987 93 83 0.728682 0.651163
11988 93 84 0.728682 0.658915
11989 93 85 0.728682 0.666667
11990 93 86 0.728682 0.674419
11991 93 87 0.728682 0.682171
11992 93 88 0.728682 0.689922
11993 93 89 0.728682 0.697674
11994 93 90 0.728682 0.705426
11995 93 91 0.728682 0.713178
11996 93 92 0.728682 0.72093
11997 93 93 0.728682 0.728682
11998 93 94 0.728682 0.736434
11999 93 95 0.728682 0.744186
12000 93 96 0.728682 0.751938
12001 93 97 0.728682 0.75969
12002 93 98 0.728682 0.767442
12003 93 99 0.728682 0.775194
12004 93 100 0.728682 0.782946
12005 93 101 0.728682 0.790698
12006 93 102 0.728682 0.79845
12007 93 103 0.728682 0.806202
12008 93 104 0.728682 0.813953
12009 93 105 0.728682 0.821705
12010 93 106 0.728682 0.829457
12011 93 107 0.728682 0.837209
12012 93 108 0.728682 0.844961
12013 93 109 0.728682 0.852713
12014 93 110 0.728682 0.860465
12015 93 111 0.728682 0.868217
12016 93 112 0.728682 0.875969
12017 93 113 0.728682 0.883721
12018 93 114 0.728682 0.891473
12019 93 115 0.728682 0.899225
12020 93 116 0.728682 0.906977
12021 93 117 0.728682 0.914729
12022 93 118 0.728682 0.922481
12023 93 119 0.728682 0.930233
12024 93 120 0.728682 0.937984
12025 93 121 0.728682 0.945736
12026 93 122 0.728682 0.953488
12027 93 123 0.728682 0.96124
12028 93 124 0.728682 0.968992
12029 93 125 0.728682 0.976744
12030 93 126 0.728682 0.984496
12031 93 127 0.728682 0.992248
12032 94 0 0.736434 0.00775194
12033 94 1 0.736434 0.0155039
12034 94 2 0.736434 0.0232558
12035 94 3 0.736434 0.0310078
12036 94 4 0.736434 0.0387597
12037 94 5 0.736434 0.0465116
12038 94 6 0.736434 0.0542636
12039 94 7 0.736434 0.0620155
12040 94 8 0.736434 0.0697674
12041 94 9 0.736434 0.0775194
12042 94 10 0.736434 0.0852713
12043 94 11 0.736434 0.0930233
12044 94 12 0.736434 0.100775
12045 94 13 0.736434 0.108527
12046 94 14 0.736434 0.116279
12047 94 15 0.736434 0.124031
12048 94 16 0.736434 0.131783
12049 94 17 0.736434 0.139535
12050 94 18 0.736434 0.147287
12051 94 19 0.736434 0.155039
12052 94 20 0.736434 0.162791
12053 94 21 0.736434 0.170543
12054 94 22 0.736434 0.178295
12055 94 23 0.736434 0.186047
12056 94 24 0.736434 0.193798
12057 94 25 0.736434 0.20155
12058 94 26 0.736434 0.209302
12059 94 27 0.736434 0.217054
12060 94 28 0.736434 0.224806
12061 94 29 0.736434 0.232558
12062 94 30 0.736434 0.24031
12063 94 31 0.736434 0.248062
12064 94 32 0.736434 0.255814
12065 94 33 0.736434 0.263566
12066 94 34 0.736434 0.271318
12067 94 35 0.736434 0.27907
12068 94 36 0.736434 0.286822
12069 94 37 0.736434 0.294574
12070 94 38 0.736434 0.302326
12071 94 39 0.736434 0.310078
12072 94 40 0.736434 0.317829
12073 94 41 0.736434 0.325581
12074 94 42 0.736434 0.333333
12075 94 43 0.736434 0.341085
12076 94 44 0.736434 0.348837
12077 94 45 0.736434 0.356589
12078 94 46 0.736434 0.364341
12079 94 47 0.736434 0.372093
12080 94 48 0.736434 0.379845
12081 94 49 0.736434 0.387597
12082 94 50 0.736434 0.395349
12083 94 51 0.736434 0.403101
12084 94 52 0.736434 0.410853
12085 94 53 0.736434 0.418605
12086 94 54 0.736434 0.426357
12087 94 55 0.736434 0.434109
12088 94 56 0.736434 0.44186
12089 94 57 0.736434 0.449612
12090 94 58 0.736434 0.457364
12091 94 59 0.736434 0.465116
12092 94 60 0.736434 0.472868
12093 94 61 0.736434 0.48062
12094 94 62 0.736434 0.488372
12095 94 63 0.736434 0.496124
12096 94 64 0.736434 0.503876
12097 94 65 0.736434 0.511628
12098 94 66 0.736434 0.51938
12099 94 67 0.736434 0.527132
12100 94 68 0.736434 0.534884
12101 94 69 0.736434 0.542636
12102 94 70 0.736434 0.550388
12103 94 71 0.736434 0.55814
12104 94 72 0.736434 0.565891
12105 94 73 0.736434 0.573643
12106 94 74 0.736434 0.581395
12107 94 75 0.736434 0.589147
12108 94 76 0.736434 0.596899
12109 94 77 0.736434 0.604651
12110 94 78 0.736434 0.612403
12111 94 79 0.736434 0.620155
12112 94 80 0.736434 0.627907
12113 94 81 0.736434 0.635659
12114 94 82 0.736434 0.643411
12115 94 83 0.736434 0.651163
12116 94 84 0.736434 0.658915
12117 94 85 0.736434 0.666667
12118 94 86 0.736434 0.674419
12119 94 87 0.736434 0.682171
12120 94 88 0.736434 0.689922
12121 94 89 0.736434 0.697674
12122 94 90 0.736434 0.705426
12123 94 91 0.736434 0.713178
12124 94 92 0.736434 0.72093
12125 94 93 0.736434 0.728682
12126 94 94 0.736434 0.736434
12127 94 95 0.736434 0.744186
12128 94 96 0.736434 0.751938
12129 94 97 0.736434 0.75969
12130 94 98 0.736434 0.767442
12131 94 99 0.736434 0.775194
12132 94 100 0.736434 0.782946
12133 94 101 0.736434 0.790698
12134 94 102 0.736434 0.79845
12135 94 103 0.736434 0.806202
12136 94 104 0.736434 0.813953
12137 94 105 0.736434 0.821705
12138 94 106 0.736434 0.829457
12139 94 107 0.736434 0.837209
12140 94 108 0.736434 0.844961
12141 94 109 0.736434 0.852713
12142 94 110 0.736434 0.860465
12143 94 111 0.736434 0.868217
12144 94 112 0.736434 0.875969
12145 94 113 0.736434 0.883721
12146 94 114 0.736434 0.891473
12147 94 115 0.736434 0.899225
12148 94 116 0.736434 0.906977
12149 94 117 0.736434 0.914729
12150 94 118 0.736434 0.922481
12151 94 119 0.736434 0.930233
12152 94 120 0.736434 0.937984
12153 94 121 0.736434 0.945736
12154 94 122 0.736434 0.953488
12155 94 123 0.736434 0.96124
12156 94 124 0.736434 0.968992
12157 94 125 0.736434 0.976744
12158 94 126 0.736434 0.984496
12159 94 127 0.736434 0.992248
12160 95 0 0.744186 0.00775194
12161 95 1 0.744186 0.0155039
12162 95 2 0.744186 0.0232558
12163 95 3 0.744186 0.0310078
12164 95 4 0.744186 0.0387597
12165 95 5 0.744186 0.0465116
12166 95 6 0.744186 0.0542636
12167 95 7 0.744186 0.0620155
12168 95 8 0.744186 0.0697674
12169 95 9 0.744186 0.0775194
12170 95 10 0.744186 0.0852713
12171 95 11 0.744186 0.0930233
12172 95 12 0.744186 0.100775
12173 95 13 0.744186 0.108527
12174 95 14 0.744186 0.116279
12175 95 15 0.744186 0.124031
12176 95 16 0.744186 0.131783
12177 95 17 0.744186 0.139535
12178 95 18 0.744186 0.147287
12179 95 19 0.744186 0.155039
12180 95 20 0.744186 0.162791
12181 95 21 0.744186 0.170543
12182 95 22 0.744186 0.178295
12183 95 23 0.744186 0.186047
12184 95 24 0.744186 0.193798
12185 95 25 0.744186 0.20155
12186 95 26 0.744186 0.209302
12187 95 27 0.744186 0.217054
12188 95 28 0.744186 0.224806
12189 95 29 0.744186 0.232558
12190 95 30 0.744186 0.24031
12191 95 31 0.744186 0.248062
12192 95 32 0.744186 0.255814
12193 95 33 0.744186 0.263566
12194 95 34 0.744186 0.271318
12195 95 35 0.744186 0.27907
12196 95 36 0.744186 0.286822
12197 95 37 0.744186 0.294574
12198 95 38 0.744186 0.302326
12199 95 39 0.744186 0.310078
12200 95 40 0.744186 0.317829
12201 95 41 0.744186 0.325581
12202 95 42 0.744186 0.333333
12203 95 43 0.744186 0.341085
12204 95 44 0.744186 0.348837
12205 95 45 0.744186 0.356589
12206 95 46 0.744186 0.364341
12207 95 47 0.744186 0.372093
12208 95 48 0.744186 0.379845
12209 95 49 0.744186 0.387597
12210 95 50 0.744186 0.395349
12211 95 51 0.744186 0.403101
12212 95 52 0.744186 0.410853
12213 95 53 0.744186 0.418605
12214 95 54 0.744186 0.426357
12215 95 55 0.744186 0.434109
12216 95 56 0.744186 0.44186
12217 95 57 0.744186 0.449612
12218 95 58 0.744186 0.457364
12219 95 59 0.744186 0.465116
12220 95 60 0.744186 0.472868
12221 95 61 0.744186 0.48062
12222 95 62 0.744186 0.488372
12223 95 63 0.744186 0.496124
12224 95 64 0.744186 0.503876
12225 95 65 0.744186 0.511628
12226 95 66 0.744186 0.51938
12227 95 67 0.744186 0.527132
12228 95 68 0.744186 0.534884
12229 95 69 0.744186 0.542636
12230 95 70 0.744186 0.550388
12231 95 71 0.744186 0.55814
12232 95 72 0.744186 0.565891
12233 95 73 0.744186 0.573643
12234 95 74 0.744186 0.581395
12235 95 75 0.744186 0.589147
12236 95 76 0.744186 0.596899
12237 95 77 0.744186 0.604651
12238 95 78 0.744186 0.612403
12239 95 79 0.744186 0.620155
12240 95 80 0.744186 0.627907
12241 95 81 0.744186 0.635659
12242 95 82 0.744186 0.643411
12243 95 83 0.744186 0.651163
12244 95 84 0.744186 0.658915
12245 95 85 0.744186 0.666667
12246 95 86 0.744186 0.674419
12247 95 87 0.744186 0.682171
12248 95 88 0.744186 0.689922
12249 95 89 0.744186 0.697674
12250 95 90 0.744186 0.705426
12251 95 91 0.744186 0.713178
12252 95 92 0.744186 0.72093
12253 95 93 0.744186 0.728682
12254 95 94 0.744186 0.736434
12255 95 95 0.744186 0.744186
12256 95 96 0.744186 0.751938
12257 95 97 0.744186 0.75969
12258 95 98 0.744186 0.767442
12259 95 99 0.744186 0.775194
12260 95 100 0.744186 0.782946
12261 95 101 0.744186 0.790698
12262 95 102 0.744186 0.79845
12263 95 103 0.744186 0.806202
12264 95 104 0.744186 0.813953
12265 95 105 0.744186 0.821705
12266 95 106 0.744186 0.829457
12267 95 107 0.744186 0.837209
12268 95 108 0.744186 0.844961
12269 95 109 0.744186 0.852713
12270 95 110 0.744186 0.860465
12271 95 111 0.744186 0.868217
12272 95 112 0.744186 0.875969
12273 95 113 0.744186 0.883721
12274 95 114 0.744186 0.891473
12275 95 115 0.744186 0.899225
12276 95 116 0.744186 0.906977
12277 95 117 0.744186 0.914729
12278 95 118 0.744186 0.922481
12279 95 119 0.744186 0.930233
12280 95 120 0.744186 0.937984
12281 95 121 0.744186 0.945736
12282 95 122 0.744186 0.953488
12283 95 123 0.744186 0.96124
12284 95 124 0.744186 0.968992
12285 95 125 0.744186 0.976744
12286 95 126 0.744186 0.984496
12287 95 127 0.744186 0.992248
12288 96 0 0.751938 0.00775194
12289 96 1 0.751938 0.0155039
12290 96 2 0.751938 0.0232558
12291 96 3 0.751938 0.0310078
12292 96 4 0.751938 0.0387597
12293 96 5 0.751938 0.0465116
12294 96 6 0.751938 0.0542636
12295 96 7 0.751938 0.0620155
12296 96 8 0.751938 0.0697674
12297 96 9 0.751938 0.0775194
12298 96 10 0.751938 0.0852713
12299 96 11 0.751938 0.0930233
12300 96 12 0.751938 0.100775
12301 96 13 0.751938 0.108527
12302 96 14 0.751938 0.116279
12303 96 15 0.751938 0.124031
12304 96 16 0.751938 0.131783
12305 96 17 0.751938 0.139535
12306 96 18 0.751938 0.147287
12307 96 19 0.751938 0.155039
12308 96 20 0.751938 0.162791
12309 96 21 0.751938 0.170543
12310 96 22 0.751938 0.178295
12311 96 23 0.751938 0.186047
12312 96 24 0.751938 0.193798
12313 96 25 0.751938 0.20155
12314 96 26 0.751938 0.209302
12315 96 27 0.751938 0.217054
12316 96 28 0.751938 0.224806
12317 96 29 0.751938 0.232558
12318 96 30 0.751938 0.24031
12319 96 31 0.751938 0.248062
12320 96 32 0.751938 0.255814
12321 96 33 0.751938 0.263566
12322 96 34 0.751938 0.271318
12323 96 35 0.751938 0.27907
12324 96 36 0.751938 0.286822
12325 96 37 0.751938 0.294574
12326 96 38 0.751938 0.302326
12327 96 39 0.751938 0.310078
12328 96 40 0.751938 0.317829
12329 96 41 0.751938 0.325581
12330 96 42 0.751938 0.333333
12331 96 43 0.751938 0.341085
12332 96 44 0.751938 0.348837
12333 96 45 0.751938 0.356589
12334 96 46 0.751938 0.364341
12335 96 47 0.751938 0.372093
12336 96 48 0.751938 0.379845
12337 96 49 0.751938 0.387597
12338 96 50 0.751938 0.395349
12339 96 51 0.751938 0.403101
12340 96 52 0.751938 0.410853
12341 96 53 0.751938 0.418605
12342 96 54 0.751938 0.426357
12343 96 55 0.751938 0.434109
12344 96 56 0.751938 0.44186
12345 96 57 0.751938 0.449612
12346 96 58 0.751938 0.457364
12347 96 59 0.751938 0.465116
12348 96 60 0.751938 0.472868
12349 96 61 0.751938 0.48062
12350 96 62 0.751938 0.488372
12351 96 63 0.751938 0.496124
12352 96 64 0.751938 0.503876
12353 96 65 0.751938 0.511628
12354 96 66 0.751938 0.51938
12355 96 67 0.751938 0.527132
12356 96 68 0.751938 0.534884
12357 96 69 0.751938 0.542636
12358 96 70 0.751938 0.550388
12359 96 71 0.751938 0.55814
12360 96 72 0.751938 0.565891
12361 96 73 0.751938 0.573643
12362 96 74 0.751938 0.581395
12363 96 75 0.751938 0.589147
12364 96 76 0.751938 0.596899
12365 96 77 0.751938 0.604651
12366 96 78 0.751938 0.612403
12367 96 79 0.751938 0.620155
12368 96 80 0.751938 0.627907
12369 96 81 0.751938 0.635659
12370 96 82 0.751938 0.643411
12371 96 83 0.751938 0.651163
12372 96 84 0.751938 0.658915
12373 96 85 0.751938 0.666667
12374 96 86 0.751938 0.674419
12375 96 87 0.751938 0.682171
12376 96 88 0.751938 0.689922
12377 96 89 0.751938 0.697674
12378 96 90 0.751938 0.705426
12379 96 91 0.751938 0.713178
12380 96 92 0.751938 0.72093
12381 96 93 0.751938 0.728682
12382 96 94 0.751938 0.736434
12383 96 95 0.751938 0.744186
12384 96 96 0.751938 0.751938
12385 96 97 0.751938 0.75969
12386 96 98 0.751938 0.767442
12387 96 99 0.751938 0.775194
12388 96 100 0.751938 0.782946
12389 96 101 0.751938 0.790698
12390 96 102 0.751938 0.79845
12391 96 103 0.751938 0.806202
12392 96 104 0.751938 0.813953
12393 96 105 0.751938 0.821705
12394 96 106 0.751938 0.829457
12395 96 107 0.751938 0.837209
12396 96 108 0.751938 0.844961
12397 96 109 0.751938 0.852713
12398 96 110 0.751938 0.860465
12399 96 111 0.751938 0.868217
12400 96 112 0.751938 0.875969
12401 96 113 0.751938 0.883721
12402 96 114 0.751938 0.891473
12403 96 115 0.751938 0.899225
12404 96 116 0.751938 0.906977
12405 96 117 0.751938 0.914729
12406 96 118 0.751938 0.922481
12407 96 119 0.751938 0.930233
12408 96 120 0.751938 0.937984
12409 96 121 0.751938 0.945736
12410 96 122 0.751938 0.953488
12411 96 123 0.751938 0.96124
12412 96 124 0.751938 0.968992
12413 96 125 0.751938 0.976744
12414 96 126 0.751938 0.984496
12415 96 127 0.751938 0.992248
12416 97 0 0.75969 0.00775194
12417 97 1 0.75969 0.0155039
12418 97 2 0.75969 0.0232558
12419 97 3 0.75969 0.0310078
12420 97 4 0.75969 0.0387597
12421 97 5 0.75969 0.0465116
12422 97 6 0.75969 0.0542636
12423 97 7 0.75969 0.0620155
12424 97 8 0.75969 0.0697674
12425 97 9 0.75969 0.0775194
12426 97 10 0.75969 0.0852713
12427 97 11 0.75969 0.0930233
12428 97 12 0.75969 0.100775
12429 97 13 0.75969 0.108527
12430 97 14 0.75969 0.116279
12431 97 15 0.75969 0.124031
12432 97 16 0.75969 0.131783
12433 97 17 0.75969 0.139535
12434 97 18 0.75969 0.147287
12435 97 19 0.75969 0.155039
12436 97 20 0.75969 0.162791
12437 97 21 0.75969 0.170543
12438 97 22 0.75969 0.178295
12439 97 23 0.75969 0.186047
12440 97 24 0.75969 0.193798
12441 97 25 0.75969 0.20155
12442 97 26 0.75969 0.209302
12443 97 27 0.75969 0.217054
12444 97 28 0.75969 0.224806
12445 97 29 0.75969 0.232558
12446 97 30 0.75969 0.24031
12447 97 31 0.75969 0.248062
12448 97 32 0.75969 0.255814
12449 97 33 0.75969 0.263566
12450 97 34 0.75969 0.271318
12451 97 35 0.75969 0.27907
12452 97 36 0.75969 0.286822
12453 97 37 0.75969 0.294574
12454 97 38 0.75969 0.302326
12455 97 39 0.75969 0.310078
12456 97 40 0.75969 0.317829
12457 97 41 0.75969 0.325581
12458 97 42 0.75969 0.333333
12459 97 43 0.75969 0.341085
12460 97 44 0.75969 0.348837
12461 97 45 0.75969 0.356589
12462 97 46 0.75969 0.364341
12463 97 47 0.75969 0.372093
12464 97 48 0.75969 0.379845
12465 97 49 0.75969 0.387597
12466 97 50 0.75969 0.395349
12467 97 51 0.75969 0.403101
12468 97 52 0.75969 0.410853
12469 97 53 0.75969 0.418605
12470 97 54 0.75969 0.426357
12471 97 55 0.75969 0.434109
12472 97 56 0.75969 0.44186
12473 97 57 0.75969 0.449612
12474 97 58 0.75969 0.457364
12475 97 59 0.75969 0.465116
12476 97 60 0.75969 0.472868
12477 97 61 0.75969 0.48062
12478 97 62 0.75969 0.488372
12479 97 63 0.75969 0.496124
12480 97 64 0.75969 0.503876
12481 97 65 0.75969 0.511628
12482 97 66 0.75969 0.51938
12483 97 67 0.75969 0.527132
12484 97 68 0.75969 0.534884
12485 97 69 0.75969 0.542636
12486 97 70 0.75969 0.550388
12487 97 71 0.75969 0.55814
12488 97 72 0.75969 0.565891
12489 97 73 0.75969 0.573643
12490 97 74 0.75969 0.581395
12491 97 75 0.75969 0.589147
12492 97 76 0.75969 0.596899
12493 97 77 0.75969 0.604651
12494 97 78 0.75969 0.612403
12495 97 79 0.75969 0.620155
12496 97 80 0.75969 0.627907
12497 97 81 0.75969 0.635659
12498 97 82 0.75969 0.643411
12499 97 83 0.75969 0.651163
12500 97 84 0.75969 0.658915
12501 97 85 0.75969 0.666667
12502 97 86 0.75969 0.674419
12503 97 87 0.75969 0.682171
12504 97 88 0.75969 0.689922
12505 97 89 0.75969 0.697674
12506 97 90 0.75969 0.705426
12507 97 91 0.75969 0.713178
12508 97 92 0.75969 0.72093
12509 97 93 0.75969 0.728682
12510 97 94 0.75969 0.736434
12511 97 95 0.75969 0.744186
12512 97 96 0.75969 0.751938
12513 97 97 0.75969 0.75969
12514 97 98 0.75969 0.767442
12515 97 99 0.75969 0.775194
12516 97 100 0.75969 0.782946
12517 97 101 0.75969 0.790698
12518 97 102 0.75969 0.79845
12519 97 103 0.75969 0.806202
12520 97 104 0.75969 0.813953
12521 97 105 0.75969 0.821705
12522 97 106 0.75969 0.829457
12523 97 107 0.75969 0.837209
12524 97 108 0.75969 0.844961
12525 97 109 0.75969 0.852713
12526 97 110 0.75969 0.860465
12527 97 111 0.75969 0.868217
12528 97 112 0.75969 0.875969
12529 97 113 0.75969 0.883721
12530 97 114 0.75969 0.891473
12531 97 115 0.75969 0.899225
12532 97 116 0.75969 0.906977
12533 97 117 0.75969 0.914729
12534 97 118 0.75969 0.922481
12535 97 119 0.75969 0.930233
12536 97 120 0.75969 0.937984
12537 97 121 0.75969 0.945736
12538 97 122 0.75969 0.953488
12539 97 123 0.75969 0.96124
12540 97 124 0.75969 0.968992
12541 97 125 0.75969 0.976744
12542 97 126 0.75969 0.984496
12543 97 127 0.75969 0.992248
12544 98 0 0.767442 0.00775194
12545 98 1 0.767442 0.0155039
12546 98 2 0.767442 0.0232558
12547 98 3 0.767442 0.0310078
12548 98 4 0.767442 0.0387597
12549 98 5 0.767442 0.0465116
12550 98 6 0.767442 0.0542636
12551 98 7 0.767442 0.0620155
12552 98 8 0.767442 0.0697674
12553 98 9 0.767442 0.0775194
12554 98 10 0.767442 0.0852713
12555 98 11 0.767442 0.0930233
12556 98 12 0.767442 0.100775
12557 98 13 0.767442 0.108527
12558 98 14 0.767442 0.116279
12559 98 15 0.767442 0.124031
12560 98 16 0.767442 0.131783
12561 98 17 0.767442 0.139535
12562 98 18 0.767442 0.147287
12563 98 19 0.767442 0.155039
12564 98 20 0.767442 0.162791
12565 98 21 0.767442 0.170543
12566 98 22 0.767442 0.178295
12567 98 23 0.767442 0.186047
12568 98 24 0.767442 0.193798
12569 98 25 0.767442 0.20155
12570 98 26 0.767442 0.209302
12571 98 27 0.767442 0.217054
12572 98 28 0.767442 0.224806
12573 98 29 0.767442 0.232558
12574 98 30 0.767442 0.24031
12575 98 31 0.767442 0.248062
12576 98 32 0.767442 0.255814
12577 98 33 0.767442 0.263566
12578 98 34 0.767442 0.271318
12579 98 35 0.767442 0.27907
12580 98 36 0.767442 0.286822
12581 98 37 0.767442 0.294574
12582 98 38 0.767442 0.302326
12583 98 39 0.767442 0.310078
12584 98 40 0.767442 0.317829
12585 98 41 0.767442 0.325581
12586 98 42 0.767442 0.333333
12587 98 43 0.767442 0.341085
12588 98 44 0.767442 0.348837
12589 98 45 0.767442 0.356589
12590 98 46 0.767442 0.364341
12591 98 47 0.767442 0.372093
12592 98 48 0.767442 0.379845
12593 98 49 0.767442 0.387597
12594 98 50 0.767442 0.395349
12595 98 51 0.767442 0.403101
12596 98 52 0.767442 0.410853
12597 98 53 0.767442 0.418605
12598 98 54 0.767442 0.426357
12599 98 55 0.767442 0.434109
12600 98 56 0.767442 0.44186
12601 98 57 0.767442 0.449612
12602 98 58 0.767442 0.457364
12603 98 59 0.767442 0.465116
12604 98 60 0.767442 0.472868
12605 98 61 0.767442 0.48062
12606 98 62 0.767442 0.488372
12607 98 63 0.767442 0.496124
12608 98 64 0.767442 0.503876
12609 98 65 0.767442 0.511628
12610 98 66 0.767442 0.51938
12611 98 67 0.767442 0.527132
12612 98 68 0.767442 0.534884
12613 98 69 0.767442 0.542636
12614 98 70 0.767442 0.550388
12615 98 71 0.767442 0.55814
12616 98 72 0.767442 0.565891
12617 98 73 0.767442 0.573643
12618 98 74 0.767442 0.581395
12619 98 75 0.767442 0.589147
12620 98 76 0.767442 0.596899
12621 98 77 0.767442 0.604651
12622 98 78 0.767442 0.612403
12623 98 79 0.767442 0.620155
12624 98 80 0.767442 0.627907
12625 98 81 0.767442 0.635659
12626 98 82 0.767442 0.643411
12627 98 83 0.767442 0.651163
12628 98 84 0.767442 0.658915
12629 98 85 0.767442 0.666667
12630 98 86 0.767442 0.674419
12631 98 87 0.767442 0.682171
12632 98 88 0.767442 0.689922
12633 98 89 0.767442 0.697674
12634 98 90 0.767442 0.705426
12635 98 91 0.767442 0.713178
12636 98 92 0.767442 0.72093
12637 98 93 0.767442 0.728682
12638 98 94 0.767442 0.736434
12639 98 95 0.767442 0.744186
12640 98 96 0.767442 0.751938
12641 98 97 0.767442 0.75969
12642 98 98 0.767442 0.767442
12643 98 99 0.767442 0.775194
12644 98 100 0.767442 0.782946
12645 98 101 0.767442 0.790698
12646 98 102 0.767442 0.79845
12647 98 103 0.767442 0.806202
12648 98 104 0.767442 0.813953
12649 98 105 0.767442 0.821705
12650 98 106 0.767442 0.829457
12651 98 107 0.767442 0.837209
12652 98 108 0.767442 0.844961
12653 98 109 0.767442 0.852713
12654 98 110 0.767442 0.860465
12655 98 111 0.767442 0.868217
12656 98 112 0.767442 0.875969
12657 98 113 0.767442 0.883721
12658 98 114 0.767442 0.891473
12659 98 115 0.767442 0.899225
12660 98 116 0.767442 0.906977
12661 98 117 0.767442 0.914729
12662 98 118 0.767442 0.922481
12663 98 119 0.767442 0.930233
12664 98 120 0.767442 0.937984
12665 98 121 0.767442 0.945736
12666 98 122 0.767442 0.953488
12667 98 123 0.767442 0.96124
12668 98 124 0.767442 0.968992
12669 98 125 0.767442 0.976744
12670 98 126 0.767442 0.984496
12671 98 127 0.767442 0.992248
12672 99 0 0.775194 0.00775194
12673 99 1 0.775194 0.0155039
12674 99 2 0.775194 0.0232558
12675 99 3 0.775194 0.0310078
12676 99 4 0.775194 0.0387597
12677 99 5 0.775194 0.0465116
12678 99 6 0.775194 0.0542636
12679 99 7 0.775194 0.0620155
12680 99 8 0.775194 0.0697674
12681 99 9 0.775194 0.0775194
12682 99 10 0.775194 0.0852713
12683 99 11 0.775194 0.0930233
12684 99 12 0.775194 0.100775
12685 99 13 0.775194 0.108527
12686 99 14 0.775194 0.116279
12687 99 15 0.775194 0.124031
12688 99 16 0.775194 0.131783
12689 99 17 0.775194 0.139535
12690 99 18 0.775194 0.147287
12691 99 19 0.775194 0.155039
12692 99 20 0.775194 0.162791
12693 99 21 0.775194 0.170543
12694 99 22 0.775194 0.178295
12695 99 23 0.775194 0.186047
12696 99 24 0.775194 0.193798
12697 99 25 0.775194 0.20155
12698 99 26 0.775194 0.209302
12699 99 27 0.775194 0.217054
12700 99 28 0.775194 0.224806
12701 99 29 0.775194 0.232558
12702 99 30 0.775194 0.24031
12703 99 31 0.775194 0.248062
12704 99 32 0.775194 0.255814
12705 99 33 0.775194 0.263566
12706 99 34 0.775194 0.271318
12707 99 35 0.775194 0.27907
12708 99 36 0.775194 0.286822
12709 99 37 0.775194 0.294574
12710 99 38 0.775194 0.302326
12711 99 39 0.775194 0.310078
12712 99 40 0.775194 0.317829
12713 99 41 0.775194 0.325581
12714 99 42 0.775194 0.333333
12715 99 43 0.775194 0.341085
12716 99 44 0.775194 0.348837
12717 99 45 0.775194 0.356589
12718 99 46 0.775194 0.364341
12719 99 47 0.775194 0.372093
12720 99 48 0.775194 0.379845
12721 99 49 0.775194 0.387597
12722 99 50 0.775194 0.395349
12723 99 51 0.775194 0.403101
12724 99 52 0.775194 0.410853
12725 99 53 0.775194 0.418605
12726 99 54 0.775194 0.426357
12727 99 55 0.775194 0.434109
12728 99 56 0.775194 0.44186
12729 99 57 0.775194 0.449612
12730 99 58 0.775194 0.457364
12731 99 59 0.775194 0.465116
12732 99 60 0.775194 0.472868
12733 99 61 0.775194 0.48062
12734 99 62 0.775194 0.488372
12735 99 63 0.775194 0.496124
12736 99 64 0.775194 0.503876
12737 99 65 0.775194 0.511628
12738 99 66 0.775194 0.51938
12739 99 67 0.775194 0.527132
12740 99 68 0.775194 0.534884
12741 99 69 0.775194 0.542636
12742 99 70 0.775194 0.550388
12743 99 71 0.775194 0.55814
12744 99 72 0.775194 0.565891
12745 99 73 0.775194 0.573643
12746 99 74 0.775194 0.581395
12747 99 75 0.775194 0.589147
12748 99 76 0.775194 0.596899
12749 99 77 0.775194 0.604651
12750 99 78 0.775194 0.612403
12751 99 79 0.775194 0.620155
12752 99 80 0.775194 0.627907
12753 99 81 0.775194 0.635659
12754 99 82 0.775194 0.643411
12755 99 83 0.775194 0.651163
12756 99 84 0.775194 0.658915
12757 99 85 0.775194 0.666667
12758 99 86 0.775194 0.674419
12759 99 87 0.775194 0.682171
12760 99 88 0.775194 0.689922
12761 99 89 0.775194 0.697674
12762 99 90 0.775194 0.705426
12763 99 91 0.775194 0.713178
12764 99 92 0.775194 0.72093
12765 99 93 0.775194 0.728682
12766 99 94 0.775194 0.736434
12767 99 95 0.775194 0.744186
12768 99 96 0.775194 0.751938
12769 99 97 0.775194 0.75969
12770 99 98 0.775194 0.767442
12771 99 99 0.775194 0.775194
12772 99 100 0.775194 0.782946
12773 99 101 0.775194 0.790698
12774 99 102 0.775194 0.79845
12775 99 103 0.775194 0.806202
12776 99 104 0.775194 0.813953
12777 99 105 0.775194 0.821705
12778 99 106 0.775194 0.829457
12779 99 107 0.775194 0.837209
12780 99 108 0.775194 0.844961
12781 99 109 0.775194 0.852713
12782 99 110 0.775194 0.860465
12783 99 111 0.775194 0.868217
12784 99 112 0.775194 0.875969
12785 99 113 0.775194 0.883721
12786 99 114 0.775194 0.891473
12787 99 115 0.775194 0.899225
12788 99 116 0.775194 0.906977
12789 99 117 0.775194 0.914729
12790 99 118 0.775194 0.922481
12791 99 119 0.775194 0.930233
12792 99 120 0.775194 0.937984
12793 99 121 0.775194 0.945736
12794 99 122 0.775194 0.953488
12795 99 123 0.775194 0.96124
12796 99 124 0.775194 0.968992
12797 99 125 0.775194 0.976744
12798 99 126 0.775194 0.984496
12799 99 127 0.775194 0.992248
12800 100 0 0.782946 0.00775194
12801 100 1 0.782946 0.0155039
12802 100 2 0.782946 0.0232558
12803 100 3 0.782946 0.0310078
12804 100 4 0.782946 0.0387597
12805 100 5 0.782946 0.0465116
12806 100 6 0.782946 0.0542636
12807 100 7 0.782946 0.0620155
12808 100 8 0.782946 0.0697674
12809 100 9 0.782946 0.0775194
12810 100 10 0.782946 0.0852713
12811 100 11 0.782946 0.0930233
12812 100 12 0.782946 0.100775
12813 100 13 0.782946 0.108527
12814 100 14 0.782946 0.116279
12815 100 15 0.782946 0.124031
12816 100 16 0.782946 0.131783
12817 100 17 0.782946 0.139535
12818 100 18 0.782946 0.147287
12819 100 19 0.782946 0.155039
12820 100 20 0.782946 0.162791
12821 100 21 0.782946 0.170543
12822 100 22 0.782946 0.178295
12823 100 23 0.782946 0.186047
12824 100 24 0.782946 0.193798
12825 100 25 0.782946 0.20155
12826 100 26 0.782946 0.209302
12827 100 27 0.782946 0.217054
12828 100 28 0.782946 0.224806
12829 100 29 0.782946 0.232558
12830 100 30 0.782946 0.24031
12831 100 31 0.782946 0.248062
12832 100 32 0.782946 0.255814
12833 100 33 0.782946 0.263566
12834 100 34 0.782946 0.271318
12835 100 35 0.782946 0.27907
12836 100 36 0.782946 0.286822
12837 100 37 0.782946 0.294574
12838 100 38 0.782946 0.302326
12839 100 39 0.782946 0.310078
12840 100 40 0.782946 0.317829
12841 100 41 0.782946 0.325581
12842 100 42 0.782946 0.333333
12843 100 43 0.782946 0.341085
12844 100 44 0.782946 0.348837
12845 100 45 0.782946 0.356589
12846 100 46 0.782946 0.364341
12847 100 47 0.782946 0.372093
12848 100 48 0.782946 0.379845
12849 100 49 0.782946 0.387597
12850 100 50 0.782946 0.395349
12851 100 51 0.782946 0.403101
12852 100 52 0.782946 0.410853
12853 100 53 0.782946 0.418605
12854 100 54 0.782946 0.426357
12855 100 55 0.782946 0.434109
12856 100 56 0.782946 0.44186
12857 100 57 0.782946 0.449612
12858 100 58 0.782946 0.457364
12859 100 59 0.782946 0.465116
12860 100 60 0.782946 0.472868
12861 100 61 0.782946 0.48062
12862 100 62 0.782946 0.488372
12863 100 63 0.782946 0.496124
12864 100 64 0.782946 0.503876
12865 100 65 0.782946 0.511628
12866 100 66 0.782946 0.51938
12867 100 67 0.782946 0.527132
12868 100 68 0.782946 0.534884
12869 100 69 0.782946 0.542636
12870 100 70 0.782946 0.550388
12871 100 71 0.782946 0.55814
12872 100 72 0.782946 0.565891
12873 100 73 0.782946 0.573643
12874 100 74 0.782946 0.581395
12875 100 75 0.782946 0.589147
12876 100 76 0.782946 0.596899
12877 100 77 0.782946 0.604651
12878 100 78 0.782946 0.612403
12879 100 79 0.782946 0.620155
12880 100 80 0.782946 0.627907
12881 100 81 0.782946 0.635659
12882 100 82 0.782946 0.643411
12883 100 83 0.782946 0.651163
12884 100 84 0.782946 0.658915
12885 100 85 0.782946 0.666667
12886 100 86 0.782946 0.674419
12887 100 87 0.782946 0.682171
12888 100 88 0.782946 0.689922
12889 100 89 0.782946 0.697674
12890 100 90 0.782946 0.705426
12891 100 91 0.782946 0.713178
12892 100 92 0.782946 0.72093
12893 100 93 0.782946 0.728682
12894 100 94 0.782946 0.736434
12895 100 95 0.782946 0.744186
12896 100 96 0.782946 0.751938
12897 100 97 0.782946 0.75969
12898 100 98 0.782946 0.767442
12899 100 99 0.782946 0.775194
12900 100 100 0.782946 0.782946
12901 100 101 0.782946 0.790698
12902 100 102 0.782946 0.79845
12903 100 103 0.782946 0.806202
12904 100 104 0.782946 0.813953
12905 100 105 0.782946 0.821705
12906 100 106 0.782946 0.829457
12907 100 107 0.782946 0.837209
12908 100 108 0.782946 0.844961
12909 100 109 0.782946 0.852713
12910 100 110 0.782946 0.860465
12911 100 111 0.782946 0.868217
12912 100 112 0.782946 0.875969
12913 100 113 0.782946 0.883721
12914 100 114 0.782946 0.891473
12915 100 115 0.782946 0.899225
12916 100 116 0.782946 0.906977
12917 100 117 0.782946 0.914729
12918 100 118 0.782946 0.922481
12919 100 119 0.782946 0.930233
12920 100 120 0.782946 0.937984
12921 100 121 0.782946 0.945736
12922 100 122 0.782946 0.953488
12923 100 123 0.782946 0.96124
12924 100 124 0.782946 0.968992
12925 100 125 0.782946 0.976744
12926 100 126 0.782946 0.984496
12927 100 127 0.782946 0.992248
12928 101 0 0.790698 0.00775194
12929 101 1 0.790698 0.0155039
12930 101 2 0.790698 0.0232558
12931 101 3 0.790698 0.0310078
12932 101 4 0.790698 0.0387597
12933 101 5 0.790698 0.0465116
12934 101 6 0.790698 0.0542636
12935 101 7 0.790698 0.0620155
12936 101 8 0.790698 0.0697674
12937 101 9 0.790698 0.0775194
12938 101 10 0.790698 0.0852713
12939 101 11 0.790698 0.0930233
12940 101 12 0.790698 0.100775
12941 101 13 0.790698 0.108527
12942 101 14 0.790698 0.116279
12943 101 15 0.790698 0.124031
12944 101 16 0.790698 0.131783
12945 101 17 0.790698 0.139535
12946 101 18 0.790698 0.147287
12947 101 19 0.790698 0.155039
12948 101 20 0.790698 0.162791
12949 101 21 0.790698 0.170543
12950 101 22 0.790698 0.178295
12951 101 23 0.790698 0.186047
12952 101 24 0.790698 0.193798
12953 101 25 0.790698 0.20155
12954 101 26 0.790698 0.209302
12955 101 27 0.790698 0.217054
12956 101 28 0.790698 0.224806
12957 101 29 0.790698 0.232558
12958 101 30 0.790698 0.24031
12959 101 31 0.790698 0.248062
12960 101 32 0.790698 0.255814
12961 101 33 0.790698 0.263566
12962 101 34 0.790698 0.271318
12963 101 35 0.790698 0.27907
12964 101 36 0.790698 0.286822
12965 101 37 0.790698 0.294574
12966 101 38 0.790698 0.302326
12967 101 39 0.790698 0.310078
12968 101 40 0.790698 0.317829
12969 101 41 0.790698 0.325581
12970 101 42 0.790698 0.333333
12971 101 43 0.790698 0.341085
12972 101 44 0.790698 0.348837
12973 101 45 0.790698 0.356589
12974 101 46 0.790698 0.364341
12975 101 47 0.790698 0.372093
12976 101 48 0.790698 0.379845
12977 101 49 0.790698 0.387597
12978 101 50 0.790698 0.395349
12979 101 51 0.790698 0.403101
12980 101 52 0.790698 0.410853
12981 101 53 0.790698 0.418605
12982 101 54 0.790698 0.426357
12983 101 55 0.790698 0.434109
12984 101 56 0.790698 0.44186
12985 101 57 0.790698 0.449612
12986 101 58 0.790698 0.457364
12987 101 59 0.790698 0.465116
12988 101 60 0.790698 0.472868
12989 101 61 0.790698 0.48062
12990 101 62 0.790698 0.488372
12991 101 63 0.790698 0.496124
12992 101 64 0.790698 0.503876
12993 101 65 0.790698 0.511628
12994 101 66 0.790698 0.51938
12995 101 67 0.790698 0.527132
12996 101 68 0.790698 0.534884
12997 101 69 0.790698 0.542636
12998 101 70 0.790698 0.550388
12999 101 71 0.790698 0.55814
13000 101 72 0.790698 0.565891
13001 101 73 0.790698 0.573643
13002 101 74 0.790698 0.581395
13003 101 75 0.790698 0.589147
13004 101 76 0.790698 0.596899
13005 101 77 0.790698 0.604651
13006 101 78 0.790698 0.612403
13007 101 79 0.790698 0.620155
13008 101 80 0.790698 0.627907
13009 101 81 0.790698 0.635659
13010 101 82 0.790698 0.643411
13011 101 83 0.790698 0.651163
13012 101 84 0.790698 0.658915
13013 101 85 0.790698 0.666667
13014 101 86 0.790698 0.674419
13015 101 87 0.790698 0.682171
13016 101 88 0.790698 0.689922
13017 101 89 0.790698 0.697674
13018 101 90 0.790698 0.705426
13019 101 91 0.790698 0.713178
13020 101 92 0.790698 0.72093
13021 101 93 0.790698 0.728682
13022 101 94 0.790698 0.736434
13023 101 95 0.790698 0.744186
13024 101 96 0.790698 0.751938
13025 101 97 0.790698 0.75969
13026 101 98 0.790698 0.767442
13027 101 99 0.790698 0.775194
13028 101 100 0.790698 0.782946
13029 101 101 0.790698 0.790698
13030 101 102 0.790698 0.79845
13031 101 103 0.790698 0.806202
13032 101 104 0.790698 0.813953
13033 101 105 0.790698 0.821705
13034 101 106 0.790698 0.829457
13035 101 107 0.790698 0.837209
13036 101 108 0.790698 0.844961
13037 101 109 0.790698 0.852713
13038 101 110 0.790698 0.860465
13039 101 111 0.790698 0.868217
13040 101 112 0.790698 0.875969
13041 101 113 0.790698 0.883721
13042 101 114 0.790698 0.891473
13043 101 115 0.790698 0.899225
13044 101 116 0.790698 0.906977
13045 101 117 0.790698 0.914729
13046 101 118 0.790698 0.922481
13047 101 119 0.790698 0.930233
13048 101 120 0.790698 0.937984
13049 101 121 0.790698 0.945736
13050 101 122 0.790698 0.953488
13051 101 123 0.790698 0.96124
13052 101 124 0.790698 0.968992
13053 101 125 0.790698 0.976744
13054 101 126 0.790698 0.984496
13055 101 127 0.790698 0.992248
13056 102 0 0.79845 0.00775194
13057 102 1 0.79845 0.0155039
13058 102 2 0.79845 0.0232558
13059 102 3 0.79845 0.0310078
13060 102 4 0.79845 0.0387597
13061 102 5 0.79845 0.0465116
13062 102 6 0.79845 0.0542636
13063 102 7 0.79845 0.0620155
13064 102 8 0.79845 0.0697674
13065 102 9 0.79845 0.0775194
13066 102 10 0.79845 0.0852713
13067 102 11 0.79845 0.0930233
13068 102 12 0.79845 0.100775
13069 102 13 0.79845 0.108527
13070 102 14 0.79845 0.116279
13071 102 15 0.79845 0.124031
13072 102 16 0.79845 0.131783
13073 102 17 0.79845 0.139535
13074 102 18 0.79845 0.147287
13075 102 19 0.79845 0.155039
13076 102 20 0.79845 0.162791
13077 102 21 0.79845 0.170543
13078 102 22 0.79845 0.178295
13079 102 23 0.79845 0.186047
13080 102 24 0.79845 0.193798
13081 102 25 0.79845 0.20155
13082 102 26 0.79845 0.209302
13083 102 27 0.79845 0.217054
13084 102 28 0.79845 0.224806
13085 102 29 0.79845 0.232558
13086 102 30 0.79845 0.24031
13087 102 31 0.79845 0.248062
13088 102 32 0.79845 0.255814
13089 102 33 0.79845 0.263566
13090 102 34 0.79845 0.271318
13091 102 35 0.79845 0.27907
13092 102 36 0.79845 0.286822
13093 102 37 0.79845 0.294574
13094 102 38 0.79845 0.302326
13095 102 39 0.79845 0.310078
13096 102 40 0.79845 0.317829
13097 102 41 0.79845 0.325581
13098 102 42 0.79845 0.333333
13099 102 43 0.79845 0.341085
13100 102 44 0.79845 0.348837
13101 102 45 0.79845 0.356589
13102 102 46 0.79845 0.364341
13103 102 47 0.79845 0.372093
13104 102 48 0.79845 0.379845
13105 102 49 0.79845 0.387597
13106 102 50 0.79845 0.395349
13107 102 51 0.79845 0.403101
13108 102 52 0.79845 0.410853
13109 102 53 0.79845 0.418605
13110 102 54 0.79845 0.426357
13111 102 55 0.79845 0.434109
13112 102 56 0.79845 0.44186
13113 102 57 0.79845 0.449612
13114 102 58 0.79845 0.457364
13115 102 59 0.79845 0.465116
13116 102 60 0.79845 0.472868
13117 102 61 0.79845 0.48062
13118 102 62 0.79845 0.488372
13119 102 63 0.79845 0.496124
13120 102 64 0.79845 0.503876
13121 102 65 0.79845 0.511628
13122 102 66 0.79845 0.51938
13123 102 67 0.79845 0.527132
13124 102 68 0.79845 0.534884
13125 102 69 0.79845 0.542636
13126 102 70 0.79845 0.550388
13127 102 71 0.79845 0.55814
13128 102 72 0.79845 0.565891
13129 102 73 0.79845 0.573643
13130 102 74 0.79845 0.581395
13131 102 75 0.79845 0.589147
13132 102 76 0.79845 0.596899
13133 102 77 0.79845 0.604651
13134 102 78 0.79845 0.612403
13135 102 79 0.79845 0.620155
13136 102 80 0.79845 0.627907
13137 102 81 0.79845 0.635659
13138 102 82 0.79845 0.643411
13139 102 83 0.79845 0.651163
13140 102 84 0.79845 0.658915
13141 102 85 0.79845 0.666667
13142 102 86 0.79845 0.674419
13143 102 87 0.79845 0.682171
13144 102 88 0.79845 0.689922
13145 102 89 0.79845 0.697674
13146 102 90 0.79845 0.705426
13147 102 91 0.79845 0.713178
13148 102 92 0.79845 0.72093
13149 102 93 0.79845 0.728682
13150 102 94 0.79845 0.736434
13151 102 95 0.79845 0.744186
13152 102 96 0.79845 0.751938
13153 102 97 0.79845 0.75969
13154 102 98 0.79845 0.767442
13155 102 99 0.79845 0.775194
13156 102 100 0.79845 0.782946
13157 102 101 0.79845 0.790698
13158 102 102 0.79845 0.79845
13159 102 103 0.79845 0.806202
13160 102 104 0.79845 0.813953
13161 102 105 0.79845 0.821705
13162 102 106 0.79845 0.829457
13163 102 107 0.79845 0.837209
13164 102 108 0.79845 0.844961
13165 102 109 0.79845 0.852713
13166 102 110 0.79845 0.860465
13167 102 111 0.79845 0.868217
13168 102 112 0.79845 0.875969
13169 102 113 0.79845 0.883721
13170 102 114 0.79845 0.891473
13171 102 115 0.79845 0.899225
13172 102 116 0.79845 0.906977
13173 102 117 0.79845 0.914729
13174 102 118 0.79845 0.922481
13175 102 119 0.79845 0.930233
13176 102 120 0.79845 0.937984
13177 102 121 0.79845 0.945736
13178 102 122 0.79845 0.953488
13179 102 123 0.79845 0.96124
13180 102 124 0.79845 0.968992
13181 102 125 0.79845 0.976744
13182 102 126 0.79845 0.984496
13183 102 127 0.79845 0.992248
13184 103 0 0.806202 0.00775194
13185 103 1 0.806202 0.0155039
13186 103 2 0.806202 0.0232558
13187 103 3 0.806202 0.0310078
13188 103 4 0.806202 0.0387597
13189 103 5 0.806202 0.0465116
13190 103 6 0.806202 0.0542636
13191 103 7 0.806202 0.0620155
13192 103 8 0.806202 0.0697674
13193 103 9 0.806202 0.0775194
13194 103 10 0.806202 0.0852713
13195 103 11 0.806202 0.0930233
13196 103 12 0.806202 0.100775
13197 103 13 0.806202 0.108527
13198 103 14 0.806202 0.116279
13199 103 15 0.806202 0.124031
13200 103 16 0.806202 0.131783
13201 103 17 0.806202 0.139535
13202 103 18 0.806202 0.147287
13203 103 19 0.806202 0.155039
13204 103 20 0.806202 0.162791
13205 103 21 0.806202 0.170543
13206 103 22 0.806202 0.178295
13207 103 23 0.806202 0.186047
13208 103 24 0.806202 0.193798
13209 103 25 0.806202 0.20155
13210 103 26 0.806202 0.209302
13211 103 27 0.806202 0.217054
13212 103 28 0.806202 0.224806
13213 103 29 0.806202 0.232558
13214 103 30 0.806202 0.24031
13215 103 31 0.806202 0.248062
13216 103 32 0.806202 0.255814
13217 103 33 0.806202 0.263566
13218 103 34 0.806202 0.271318
13219 103 35 0.806202 0.27907
13220 103 36 0.806202 0.286822
13221 103 37 0.806202 0.294574
13222 103 38 0.806202 0.302326
13223 103 39 0.806202 0.310078
13224 103 40 0.806202 0.317829
13225 103 41 0.806202 0.325581
13226 103 42 0.806202 0.333333
13227 103 43 0.806202 0.341085
13228 103 44 0.806202 0.348837
13229 103 45 0.806202 0.356589
13230 103 46 0.806202 0.364341
13231 103 47 0.806202 0.372093
13232 103 48 0.806202 0.379845
13233 103 49 0.806202 0.387597
13234 103 50 0.806202 0.395349
13235 103 51 0.806202 0.403101
13236 103 52 0.806202 0.410853
13237 103 53 0.806202 0.418605
13238 103 54 0.806202 0.426357
13239 103 55 0.806202 0.434109
13240 103 56 0.806202 0.44186
13241 103 57 0.806202 0.449612
13242 103 58 0.806202 0.457364
13243 103 59 0.806202 0.465116
13244 103 60 0.806202 0.472868
13245 103 61 0.806202 0.48062
13246 103 62 0.806202 0.488372
13247 103 63 0.806202 0.496124
13248 103 64 0.806202 0.503876
13249 103 65 0.806202 0.511628
13250 103 66 0.806202 0.51938
13251 103 67 0.806202 0.527132
13252 103 68 0.806202 0.534884
13253 103 69 0.806202 0.542636
13254 103 70 0.806202 0.550388
13255 103 71 0.806202 0.55814
13256 103 72 0.806202 0.565891
13257 103 73 0.806202 0.573643
13258 103 74 0.806202 0.581395
13259 103 75 0.806202 0.589147
13260 103 76 0.806202 0.596899
13261 103 77 0.806202 0.604651
13262 103 78 0.806202 0.612403
13263 103 79 0.806202 0.620155
13264 103 80 0.806202 0.627907
13265 103 81 0.806202 0.635659
13266 103 82 0.806202 0.643411
13267 103 83 0.806202 0.651163
13268 103 84 0.806202 0.658915
13269 103 85 0.806202 0.666667
13270 103 86 0.806202 0.674419
13271 103 87 0.806202 0.682171
13272 103 88 0.806202 0.689922
13273 103 89 0.806202 0.697674
13274 103 90 0.806202 0.705426
13275 103 91 0.806202 0.713178
13276 103 92 0.806202 0.72093
13277 103 93 0.806202 0.728682
13278 103 94 0.806202 0.736434
13279 103 95 0.806202 0.744186
13280 103 96 0.806202 0.751938
13281 103 97 0.806202 0.75969
13282 103 98 0.806202 0.767442
13283 103 99 0.806202 0.775194
13284 103 100 0.806202 0.782946
13285 103 101 0.806202 0.790698
13286 103 102 0.806202 0.79845
13287 103 103 0.806202 0.806202
13288 103 104 0.806202 0.813953
13289 103 105 0.806202 0.821705
13290 103 106 0.806202 0.829457
13291 103 107 0.806202 0.837209
13292 103 108 0.806202 0.844961
13293 103 109 0.806202 0.852713
13294 103 110 0.806202 0.860465
13295 103 111 0.806202 0.868217
13296 103 112 0.806202 0.875969
13297 103 113 0.806202 0.883721
13298 103 114 0.806202 0.891473
13299 103 115 0.806202 0.899225
13300 103 116 0.806202 0.906977
13301 103 117 0.806202 0.914729
13302 103 118 0.806202 0.922481
13303 103 119 0.806202 0.930233
13304 103 120 0.806202 0.937984
13305 103 121 0.806202 0.945736
13306 103 122 0.806202 0.953488
13307 103 123 0.806202 0.96124
13308 103 124 0.806202 0.968992
13309 103 125 0.806202 0.976744
13310 103 126 0.806202 0.984496
13311 103 127 0.806202 0.992248
13312 104 0 0.813953 0.00775194
13313 104 1 0.813953 0.0155039
13314 104 2 0.813953 0.0232558
13315 104 3 0.813953 0.0310078
13316 104 4 0.813953 0.0387597
13317 104 5 0.813953 0.0465116
13318 104 6 0.813953 0.0542636
13319 104 7 0.813953 0.0620155
13320 104 8 0.813953 0.0697674
13321 104 9 0.813953 0.0775194
13322 104 10 0.813953 0.0852713
13323 104 11 0.813953 0.0930233
13324 104 12 0.813953 0.100775
13325 104 13 0.813953 0.108527
13326 104 14 0.813953 0.116279
13327 104 15 0.813953 0.124031
13328 104 16 0.813953 0.131783
13329 104 17 0.813953 0.139535
13330 104 18 0.813953 0.147287
13331 104 19 0.813953 0.155039
13332 104 20 0.813953 0.162791
13333 104 21 0.813953 0.170543
13334 104 22 0.813953 0.178295
13335 104 23 0.813953 0.186047
13336 104 24 0.813953 0.193798
13337 104 25 0.813953 0.20155
13338 104 26 0.813953 0.209302
13339 104 27 0.813953 0.217054
13340 104 28 0.813953 0.224806
13341 104 29 0.813953 0.232558
13342 104 30 0.813953 0.24031
13343 104 31 0.813953 0.248062
13344 104 32 0.813953 0.255814
13345 104 33 0.813953 0.263566
13346 104 34 0.813953 0.271318
13347 104 35 0.813953 0.27907
13348 104 36 0.813953 0.286822
13349 104 37 0.813953 0.294574
13350 104 38 0.813953 0.302326
13351 104 39 0.813953 0.310078
13352 104 40 0.813953 0.317829
13353 104 41 0.813953 0.325581
13354 104 42 0.813953 0.333333
13355 104 43 0.813953 0.341085
13356 104 44 0.813953 0.348837
13357 104 45 0.813953 0.356589
13358 104 46 0.813953 0.364341
13359 104 47 0.813953 0.372093
13360 104 48 0.813953 0.379845
13361 104 49 0.813953 0.387597
13362 104 50 0.813953 0.395349
13363 104 51 0.813953 0.403101
13364 104 52 0.813953 0.410853
13365 104 53 0.813953 0.418605
13366 104 54 0.813953 0.426357
13367 104 55 0.813953 0.434109
13368 104 56 0.813953 0.44186
13369 104 57 0.813953 0.449612
13370 104 58 0.813953 0.457364
13371 104 59 0.813953 0.465116
13372 104 60 0.813953 0.472868
13373 104 61 0.813953 0.48062
13374 104 62 0.813953 0.488372
13375 104 63 0.813953 0.496124
13376 104 64 0.813953 0.503876
13377 104 65 0.813953 0.511628
13378 104 66 0.813953 0.51938
13379 104 67 0.813953 0.527132
13380 104 68 0.813953 0.534884
13381 104 69 0.813953 0.542636
13382 104 70 0.813953 0.550388
13383 104 71 0.813953 0.55814
13384 104 72 0.813953 0.565891
13385 104 73 0.813953 0.573643
13386 104 74 0.813953 0.581395
13387 104 75 0.813953 0.589147
13388 104 76 0.813953 0.596899
13389 104 77 0.813953 0.604651
13390 104 78 0.813953 0.612403
13391 104 79 0.813953 0.620155
13392 104 80 0.813953 0.627907
13393 104 81 0.813953 0.635659
13394 104 82 0.813953 0.643411
13395 104 83 0.813953 0.651163
13396 104 84 0.813953 0.658915
13397 104 85 0.813953 0.666667
13398 104 86 0.813953 0.674419
13399 104 87 0.813953 0.682171
13400 104 88 0.813953 0.689922
13401 104 89 0.813953 0.697674
13402 104 90 0.813953 0.705426
13403 104 91 0.813953 0.713178
13404 104 92 0.813953 0.72093
13405 104 93 0.813953 0.728682
13406 104 94 0.813953 0.736434
13407 104 95 0.813953 0.744186
13408 104 96 0.813953 0.751938
13409 104 97 0.813953 0.75969
13410 104 98 0.813953 0.767442
13411 104 99 0.813953 0.775194
13412 104 100 0.813953 0.782946
13413 104 101 0.813953 0.790698
13414 104 102 0.813953 0.79845
13415 104 103 0.813953 0.806202
13416 104 104 0.813953 0.813953
13417 104 105 0.813953 0.821705
13418 104 106 0.813953 0.829457
13419 104 107 0.813953 0.837209
13420 104 108 0.813953 0.844961
13421 104 109 0.813953 0.852713
13422 104 110 0.813953 0.860465
13423 104 111 0.813953 0.868217
13424 104 112 0.813953 0.875969
13425 104 113 0.813953 0.883721
13426 104 114 0.813953 0.891473
13427 104 115 0.813953 0.899225
13428 104 116 0.813953 0.906977
13429 104 117 0.813953 0.914729
13430 104 118 0.813953 0.922481
13431 104 119 0.813953 0.930233
13432 104 120 0.813953 0.937984
13433 104 121 0.813953 0.945736
13434 104 122 0.813953 0.953488
13435 104 123 0.813953 0.96124
13436 104 124 0.813953 0.968992
13437 104 125 0.813953 0.976744
13438 104 126 0.813953 0.984496
13439 104 127 0.813953 0.992248
13440 105 0 0.821705 0.00775194
13441 105 1 0.821705 0.0155039
13442 105 2 0.821705 0.0232558
13443 105 3 0.821705 0.0310078
13444 105 4 0.821705 0.0387597
13445 105 5 0.821705 0.0465116
13446 105 6 0.821705 0.0542636
13447 105 7 0.821705 0.0620155
13448 105 8 0.821705 0.0697674
13449 105 9 0.821705 0.0775194
13450 105 10 0.821705 0.0852713
13451 105 11 0.821705 0.0930233
13452 105 12 0.821705 0.100775
13453 105 13 0.821705 0.108527
13454 105 14 0.821705 0.116279
13455 105 15 0.821705 0.124031
13456 105 16 0.821705 0.131783
13457 105 17 0.821705 0.139535
13458 105 18 0.821705 0.147287
13459 105 19 0.821705 0.155039
13460 105 20 0.821705 0.162791
13461 105 21 0.821705 0.170543
13462 105 22 0.821705 0.178295
13463 105 23 0.821705 0.186047
13464 105 24 0.821705 0.193798
13465 105 25 0.821705 0.20155
13466 105 26 0.821705 0.209302
13467 105 27 0.821705 0.217054
13468 105 28 0.821705 0.224806
13469 105 29 0.821705 0.232558
13470 105 30 0.821705 0.24031
13471 105 31 0.821705 0.248062
13472 105 32 0.821705 0.255814
13473 105 33 0.821705 0.263566
13474 105 34 0.821705 0.271318
13475 105 35 0.821705 0.27907
13476 105 36 0.821705 0.286822
13477 105 37 0.821705 0.294574
13478 105 38 0.821705 0.302326
13479 105 39 0.821705 0.310078
13480 105 40 0.821705 0.317829
13481 105 41 0.821705 0.325581
13482 105 42 0.821705 0.333333
13483 105 43 0.821705 0.341085
13484 105 44 0.821705 0.348837
13485 105 45 0.821705 0.356589
13486 105 46 0.821705 0.364341
13487 105 47 0.821705 0.372093
13488 105 48 0.821705 0.379845
13489 105 49 0.821705 0.387597
13490 105 50 0.821705 0.395349
13491 105 51 0.821705 0.403101
13492 105 52 0.821705 0.410853
13493 105 53 0.821705 0.418605
13494 105 54 0.821705 0.426357
13495 105 55 0.821705 0.434109
13496 105 56 0.821705 0.44186
13497 105 57 0.821705 0.449612
13498 105 58 0.821705 0.457364
13499 105 59 0.821705 0.465116
13500 105 60 0.821705 0.472868
13501 105 61 0.821705 0.48062
13502 105 62 0.821705 0.488372
13503 105 63 0.821705 0.496124
13504 105 64 0.821705 0.503876
13505 105 65 0.821705 0.511628
13506 105 66 0.821705 0.51938
13507 105 67 0.821705 0.527132
13508 105 68 0.821705 0.534884
13509 105 69 0.821705 0.542636
13510 105 70 0.821705 0.550388
13511 105 71 0.821705 0.55814
13512 105 72 0.821705 0.565891
13513 105 73 0.821705 0.573643
13514 105 74 0.821705 0.581395
13515 105 75 0.821705 0.589147
13516 105 76 0.821705 0.596899
13517 105 77 0.821705 0.604651
13518 105 78 0.821705 0.612403
13519 105 79 0.821705 0.620155
13520 105 80 0.821705 0.627907
13521 105 81 0.821705 0.635659
13522 105 82 0.821705 0.643411
13523 105 83 0.821705 0.651163
13524 105 84 0.821705 0.658915
13525 105 85 0.821705 0.666667
13526 105 86 0.821705 0.674419
13527 105 87 0.821705 0.682171
13528 105 88 0.821705 0.689922
13529 105 89 0.821705 0.697674
13530 105 90 0.821705 0.705426
13531 105 91 0.821705 0.713178
13532 105 92 0.821705 0.72093
13533 105 93 0.821705 0.728682
13534 105 94 0.821705 0.736434
13535 105 95 0.821705 0.744186
13536 105 96 0.821705 0.751938
13537 105 97 0.821705 0.75969
13538 105 98 0.821705 0.767442
13539 105 99 0.821705 0.775194
13540 105 100 0.821705 0.782946
13541 105 101 0.821705 0.790698
13542 105 102 0.821705 0.79845
13543 105 103 0.821705 0.806202
13544 105 104 0.821705 0.813953
13545 105 105 0.821705 0.821705
13546 105 106 0.821705 0.829457
13547 105 107 0.821705 0.837209
13548 105 108 0.821705 0.844961
13549 105 109 0.821705 0.852713
13550 105 110 0.821705 0.860465
13551 105 111 0.821705 0.868217
13552 105 112 0.821705 0.875969
13553 105 113 0.821705 0.883721
13554 105 114 0.821705 0.891473
13555 105 115 0.821705 0.899225
13556 105 116 0.821705 0.906977
13557 105 117 0.821705 0.914729
13558 105 118 0.821705 0.922481
13559 105 119 0.821705 0.930233
13560 105 120 0.821705 0.937984
13561 105 121 0.821705 0.945736
13562 105 122 0.821705 0.953488
13563 105 123 0.821705 0.96124
13564 105 124 0.821705 0.968992
13565 105 125 0.821705 0.976744
13566 105 126 0.821705 0.984496
13567 105 127 0.821705 0.992248
13568 106 0 0.829457 0.00775194
13569 106 1 0.829457 0.0155039
13570 106 2 0.829457 0.0232558
13571 106 3 0.829457 0.0310078
13572 106 4 0.829457 0.0387597
13573 106 5 0.829457 0.0465116
13574 106 6 0.829457 0.0542636
13575 106 7 0.829457 0.0620155
13576 106 8 0.829457 0.0697674
13577 106 9 0.829457 0.0775194
13578 106 10 0.829457 0.0852713
13579 106 11 0.829457 0.0930233
13580 106 12 0.829457 0.100775
13581 106 13 0.829457 0.108527
13582 106 14 0.829457 0.116279
13583 106 15 0.829457 0.124031
13584 106 16 0.829457 0.131783
13585 106 17 0.829457 0.139535
13586 106 18 0.829457 0.147287
13587 106 19 0.829457 0.155039
13588 106 20 0.829457 0.162791
13589 106 21 0.829457 0.170543
13590 106 22 0.829457 0.178295
13591 106 23 0.829457 0.186047
13592 106 24 0.829457 0.193798
13593 106 25 0.829457 0.20155
13594 106 26 0.829457 0.209302
13595 106 27 0.829457 0.217054
13596 106 28 0.829457 0.224806
13597 106 29 0.829457 0.232558
13598 106 30 0.829457 0.24031
13599 106 31 0.829457 0.248062
13600 106 32 0.829457 0.255814
13601 106 33 0.829457 0.263566
13602 106 34 0.829457 0.271318
13603 106 35 0.829457 0.27907
13604 106 36 0.829457 0.286822
13605 106 37 0.829457 0.294574
13606 106 38 0.829457 0.302326
13607 106 39 0.829457 0.310078
13608 106 40 0.829457 0.317829
13609 106 41 0.829457 0.325581
13610 106 42 0.829457 0.333333
13611 106 43 0.829457 0.341085
13612 106 44 0.829457 0.348837
13613 106 45 0.829457 0.356589
13614 106 46 0.829457 0.364341
13615 106 47 0.829457 0.372093
13616 106 48 0.829457 0.379845
13617 106 49 0.829457 0.387597
13618 106 50 0.829457 0.395349
13619 106 51 0.829457 0.403101
13620 106 52 0.829457 0.410853
13621 106 53 0.829457 0.418605
13622 106 54 0.829457 0.426357
13623 106 55 0.829457 0.434109
13624 106 56 0.829457 0.44186
13625 106 57 0.829457 0.449612
13626 106 58 0.829457 0.457364
13627 106 59 0.829457 0.465116
13628 106 60 0.829457 0.472868
13629 106 61 0.829457 0.48062
13630 106 62 0.829457 0.488372
13631 106 63 0.829457 0.496124
13632 106 64 0.829457 0.503876
13633 106 65 0.829457 0.511628
13634 106 66 0.829457 0.51938
13635 106 67 0.829457 0.527132
13636 106 68 0.829457 0.534884
13637 106 69 0.829457 0.542636
13638 106 70 0.829457 0.550388
13639 106 71 0.829457 0.55814
13640 106 72 0.829457 0.565891
13641 106 73 0.829457 0.573643
13642 106 74 0.829457 0.581395
13643 106 75 0.829457 0.589147
13644 106 76 0.829457 0.596899
13645 106 77 0.829457 0.604651
13646 106 78 0.829457 0.612403
13647 106 79 0.829457 0.620155
13648 106 80 0.829457 0.627907
13649 106 81 0.829457 0.635659
13650 106 82 0.829457 0.643411
13651 106 83 0.829457 0.651163
13652 106 84 0.829457 0.658915
13653 106 85 0.829457 0.666667
13654 106 86 0.829457 0.674419
13655 106 87 0.829457 0.682171
13656 106 88 0.829457 0.689922
13657 106 89 0.829457 0.697674
13658 106 90 0.829457 0.705426
13659 106 91 0.829457 0.713178
13660 106 92 0.829457 0.72093
13661 106 93 0.829457 0.728682
13662 106 94 0.829457 0.736434
13663 106 95 0.829457 0.744186
13664 106 96 0.829457 0.751938
13665 106 97 0.829457 0.75969
13666 106 98 0.829457 0.767442
13667 106 99 0.829457 0.775194
13668 106 100 0.829457 0.782946
13669 106 101 0.829457 0.790698
13670 106 102 0.829457 0.79845
13671 106 103 0.829457 0.806202
13672 106 104 0.829457 0.813953
13673 106 105 0.829457 0.821705
13674 106 106 0.829457 0.829457
13675 106 107 0.829457 0.837209
13676 106 108 0.829457 0.844961
13677 106 109 0.829457 0.852713
13678 106 110 0.829457 0.860465
13679 106 111 0.829457 0.868217
13680 106 112 0.829457 0.875969
13681 106 113 0.829457 0.883721
13682 106 114 0.829457 0.891473
13683 106 115 0.829457 0.899225
13684 106 116 0.829457 0.906977
13685 106 117 0.829457 0.914729
13686 106 118 0.829457 0.922481
13687 106 119 0.829457 0.930233
13688 106 120 0.829457 0.937984
13689 106 121 0.829457 0.945736
13690 106 122 0.829457 0.953488
13691 106 123 0.829457 0.96124
13692 106 124 0.829457 0.968992
13693 106 125 0.829457 0.976744
13694 106 126 0.829457 0.984496
13695 106 127 0.829457 0.992248
13696 107 0 0.837209 0.00775194
13697 107 1 0.837209 0.0155039
13698 107 2 0.837209 0.0232558
13699 107 3 0.837209 0.0310078
13700 107 4 0.837209 0.0387597
13701 107 5 0.837209 0.0465116
13702 107 6 0.837209 0.0542636
13703 107 7 0.837209 0.0620155
13704 107 8 0.837209 0.0697674
13705 107 9 0.837209 0.0775194
13706 107 10 0.837209 0.0852713
13707 107 11 0.837209 0.0930233
13708 107 12 0.837209 0.100775
13709 107 13 0.837209 0.108527
13710 107 14 0.837209 0.116279
13711 107 15 0.837209 0.124031
13712 107 16 0.837209 0.131783
13713 107 17 0.837209 0.139535
13714 107 18 0.837209 0.147287
13715 107 19 0.837209 0.155039
13716 107 20 0.837209 0.162791
13717 107 21 0.837209 0.170543
13718 107 22 0.837209 0.178295
13719 107 23 0.837209 0.186047
13720 107 24 0.837209 0.193798
13721 107 25 0.837209 0.20155
13722 107 26 0.837209 0.209302
13723 107 27 0.837209 0.217054
13724 107 28 0.837209 0.224806
13725 107 29 0.837209 0.232558
13726 107 30 0.837209 0.24031
13727 107 31 0.837209 0.248062
13728 107 32 0.837209 0.255814
13729 107 33 0.837209 0.263566
13730 107 34 0.837209 0.271318
13731 107 35 0.837209 0.27907
13732 107 36 0.837209 0.286822
13733 107 37 0.837209 0.294574
13734 107 38 0.837209 0.302326
13735 107 39 0.837209 0.310078
13736 107 40 0.837209 0.317829
13737 107 41 0.837209 0.325581
13738 107 42 0.837209 0.333333
13739 107 43 0.837209 0.341085
13740 107 44 0.837209 0.348837
13741 107 45 0.837209 0.356589
13742 107 46 0.837209 0.364341
13743 107 47 0.837209 0.372093
13744 107 48 0.837209 0.379845
13745 107 49 0.837209 0.387597
13746 107 50 0.837209 0.395349
13747 107 51 0.837209 0.403101
13748 107 52 0.837209 0.410853
13749 107 53 0.837209 0.418605
13750 107 54 0.837209 0.426357
13751 107 55 0.837209 0.434109
13752 107 56 0.837209 0.44186
13753 107 57 0.837209 0.449612
13754 107 58 0.837209 0.457364
13755 107 59 0.837209 0.465116
13756 107 60 0.837209 0.472868
13757 107 61 0.837209 0.48062
13758 107 62 0.837209 0.488372
13759 107 63 0.837209 0.496124
13760 107 64 0.837209 0.503876
13761 107 65 0.837209 0.511628
13762 107 66 0.837209 0.51938
13763 107 67 0.837209 0.527132
13764 107 68 0.837209 0.534884
13765 107 69 0.837209 0.542636
13766 107 70 0.837209 0.550388
13767 107 71 0.837209 0.55814
13768 107 72 0.837209 0.565891
13769 107 73 0.837209 0.573643
13770 107 74 0.837209 0.581395
13771 107 75 0.837209 0.589147
13772 107 76 0.837209 0.596899
13773 107 77 0.837209 0.604651
13774 107 78 0.837209 0.612403
13775 107 79 0.837209 0.620155
13776 107 80 0.837209 0.627907
13777 107 81 0.837209 0.635659
13778 107 82 0.837209 0.643411
13779 107 83 0.837209 0.651163
13780 107 84 0.837209 0.658915
13781 107 85 0.837209 0.666667
13782 107 86 0.837209 0.674419
13783 107 87 0.837209 0.682171
13784 107 88 0.837209 0.689922
13785 107 89 0.837209 0.697674
13786 107 90 0.837209 0.705426
13787 107 91 0.837209 0.713178
13788 107 92 0.837209 0.72093
13789 107 93 0.837209 0.728682
13790 107 94 0.837209 0.736434
13791 107 95 0.837209 0.744186
13792 107 96 0.837209 0.751938
13793 107 97 0.837209 0.75969
13794 107 98 0.837209 0.767442
13795 107 99 0.837209 0.775194
13796 107 100 0.837209 0.782946
13797 107 101 0.837209 0.790698
13798 107 102 0.837209 0.79845
13799 107 103 0.837209 0.806202
13800 107 104 0.837209 0.813953
13801 107 105 0.837209 0.821705
13802 107 106 0.837209 0.829457
13803 107 107 0.837209 0.837209
13804 107 108 0.837209 0.844961
13805 107 109 0.837209 0.852713
13806 107 110 0.837209 0.860465
13807 107 111 0.837209 0.868217
13808 107 112 0.837209 0.875969
13809 107 113 0.837209 0.883721
13810 107 114 0.837209 0.891473
13811 107 115 0.837209 0.899225
13812 107 116 0.837209 0.906977
13813 107 117 0.837209 0.914729
13814 107 118 0.837209 0.922481
13815 107 119 0.837209 0.930233
13816 107 120 0.837209 0.937984
13817 107 121 0.837209 0.945736
13818 107 122 0.837209 0.953488
13819 107 123 0.837209 0.96124
13820 107 124 0.837209 0.968992
13821 107 125 0.837209 0.976744
13822 107 126 0.837209 0.984496
13823 107 127 0.837209 0.992248
13824 108 0 0.844961 0.00775194
13825 108 1 0.844961 0.0155039
13826 108 2 0.844961 0.0232558
13827 108 3 0.844961 0.0310078
13828 108 4 0.844961 0.0387597
13829 108 5 0.844961 0.0465116
13830 108 6 0.844961 0.0542636
13831 108 7 0.844961 0.0620155
13832 108 8 0.844961 0.0697674
13833 108 9 0.844961 0.0775194
13834 108 10 0.844961 0.0852713
13835 108 11 0.844961 0.0930233
13836 108 12 0.844961 0.100775
13837 108 13 0.844961 0.108527
13838 108 14 0.844961 0.116279
13839 108 15 0.844961 0.124031
13840 108 16 0.844961 0.131783
13841 108 17 0.844961 0.139535
13842 108 18 0.844961 0.147287
13843 108 19 0.844961 0.155039
13844 108 20 0.844961 0.162791
13845 108 21 0.844961 0.170543
13846 108 22 0.844961 0.178295
13847 108 23 0.844961 0.186047
13848 108 24 0.844961 0.193798
13849 108 25 0.844961 0.20155
13850 108 26 0.844961 0.209302
13851 108 27 0.844961 0.217054
13852 108 28 0.844961 0.224806
13853 108 29 0.844961 0.232558
13854 108 30 0.844961 0.24031
13855 108 31 0.844961 0.248062
13856 108 32 0.844961 0.255814
13857 108 33 0.844961 0.263566
13858 108 34 0.844961 0.271318
13859 108 35 0.844961 0.27907
13860 108 36 0.844961 0.286822
13861 108 37 0.844961 0.294574
13862 108 38 0.844961 0.302326
13863 108 39 0.844961 0.310078
13864 108 40 0.844961 0.317829
13865 108 41 0.844961 0.325581
13866 108 42 0.844961 0.333333
13867 108 43 0.844961 0.341085
13868 108 44 0.844961 0.348837
13869 108 45 0.844961 0.356589
13870 108 46 0.844961 0.364341
13871 108 47 0.844961 0.372093
13872 108 48 0.844961 0.379845
13873 108 49 0.844961 0.387597
13874 108 50 0.844961 0.395349
13875 108 51 0.844961 0.403101
13876 108 52 0.844961 0.410853
13877 108 53 0.844961 0.418605
13878 108 54 0.844961 0.426357
13879 108 55 0.844961 0.434109
13880 108 56 0.844961 0.44186
13881 108 57 0.844961 0.449612
13882 108 58 0.844961 0.457364
13883 108 59 0.844961 0.465116
13884 108 60 0.844961 0.472868
13885 108 61 0.844961 0.48062
13886 108 62 0.844961 0.488372
13887 108 63 0.844961 0.496124
13888 108 64 0.844961 0.503876
13889 108 65 0.844961 0.511628
13890 108 66 0.844961 0.51938
13891 108 67 0.844961 0.527132
13892 108 68 0.844961 0.534884
13893 108 69 0.844961 0.542636
13894 108 70 0.844961 0.550388
13895 108 71 0.844961 0.55814
13896 108 72 0.844961 0.565891
13897 108 73 0.844961 0.573643
13898 108 74 0.844961 0.581395
13899 108 75 0.844961 0.589147
13900 108 76 0.844961 0.596899
13901 108 77 0.844961 0.604651
13902 108 78 0.844961 0.612403
13903 108 79 0.844961 0.620155
13904 108 80 0.844961 0.627907
13905 108 81 0.844961 0.635659
13906 108 82 0.844961 0.643411
13907 108 83 0.844961 0.651163
13908 108 84 0.844961 0.658915
13909 108 85 0.844961 0.666667
13910 108 86 0.844961 0.674419
13911 108 87 0.844961 0.682171
13912 108 88 0.844961 0.689922
13913 108 89 0.844961 0.697674
13914 108 90 0.844961 0.705426
13915 108 91 0.844961 0.713178
13916 108 92 0.844961 0.72093
13917 108 93 0.844961 0.728682
13918 108 94 0.844961 0.736434
13919 108 95 0.844961 0.744186
13920 108 96 0.844961 0.751938
13921 108 97 0.844961 0.75969
13922 108 98 0.844961 0.767442
13923 108 99 0.844961 0.775194
13924 108 100 0.844961 0.782946
13925 108 101 0.844961 0.790698
13926 108 102 0.844961 0.79845
13927 108 103 0.844961 0.806202
13928 108 104 0.844961 0.813953
13929 108 105 0.844961 0.821705
13930 108 106 0.844961 0.829457
13931 108 107 0.844961 0.837209
13932 108 108 0.844961 0.844961
13933 108 109 0.844961 0.852713
13934 108 110 0.844961 0.860465
13935 108 111 0.844961 0.868217
13936 108 112 0.844961 0.875969
13937 108 113 0.844961 0.883721
13938 108 114 0.844961 0.891473
13939 108 115 0.844961 0.899225
13940 108 116 0.844961 0.906977
13941 108 117 0.844961 0.914729
13942 108 118 0.844961 0.922481
13943 108 119 0.844961 0.930233
13944 108 120 0.844961 0.937984
13945 108 121 0.844961 0.945736
13946 108 122 0.844961 0.953488
13947 108 123 0.844961 0.96124
13948 108 124 0.844961 0.968992
13949 108 125 0.844961 0.976744
13950 108 126 0.844961 0.984496
13951 108 127 0.844961 0.992248
13952 109 0 0.852713 0.00775194
13953 109 1 0.852713 0.0155039
13954 109 2 0.852713 0.0232558
13955 109 3 0.852713 0.0310078
13956 109 4 0.852713 0.0387597
13957 109 5 0.852713 0.0465116
13958 109 6 0.852713 0.0542636
13959 109 7 0.852713 0.0620155
13960 109 8 0.852713 0.0697674
13961 109 9 0.852713 0.0775194
13962 109 10 0.852713 0.0852713
13963 109 11 0.852713 0.0930233
13964 109 12 0.852713 0.100775
13965 109 13 0.852713 0.108527
13966 109 14 0.852713 0.116279
13967 109 15 0.852713 0.124031
13968 109 16 0.852713 0.131783
13969 109 17 0.852713 0.139535
13970 109 18 0.852713 0.147287
13971 109 19 0.852713 0.155039
13972 109 20 0.852713 0.162791
13973 109 21 0.852713 0.170543
13974 109 22 0.852713 0.178295
13975 109 23 0.852713 0.186047
13976 109 24 0.852713 0.193798
13977 109 25 0.852713 0.20155
13978 109 26 0.852713 0.209302
13979 109 27 0.852713 0.217054
13980 109 28 0.852713 0.224806
13981 109 29 0.852713 0.232558
13982 109 30 0.852713 0.24031
13983 109 31 0.852713 0.248062
13984 109 32 0.852713 0.255814
13985 109 33 0.852713 0.263566
13986 109 34 0.852713 0.271318
13987 109 35 0.852713 0.27907
13988 109 36 0.852713 0.286822
13989 109 37 0.852713 0.294574
13990 109 38 0.852713 0.302326
13991 109 39 0.852713 0.310078
13992 109 40 0.852713 0.317829
13993 109 41 0.852713 0.325581
13994 109 42 0.852713 0.333333
13995 109 43 0.852713 0.341085
13996 109 44 0.852713 0.348837
13997 109 45 0.852713 0.356589
13998 109 46 0.852713 0.364341
13999 109 47 0.852713 0.372093
14000 109 48 0.852713 0.379845
14001 109 49 0.852713 0.387597
14002 109 50 0.852713 0.395349
14003 109 51 0.852713 0.403101
14004 109 52 0.852713 0.410853
14005 109 53 0.852713 0.418605
14006 109 54 0.852713 0.426357
14007 109 55 0.852713 0.434109
14008 109 56 0.852713 0.44186
14009 109 57 0.852713 0.449612
14010 109 58 0.852713 0.457364
14011 109 59 0.852713 0.465116
14012 109 60 0.852713 0.472868
14013 109 61 0.852713 0.48062
14014 109 62 0.852713 0.488372
14015 109 63 0.852713 0.496124
14016 109 64 0.852713 0.503876
14017 109 65 0.852713 0.511628
14018 109 66 0.852713 0.51938
14019 109 67 0.852713 0.527132
14020 109 68 0.852713 0.534884
14021 109 69 0.852713 0.542636
14022 109 70 0.852713 0.550388
14023 109 71 0.852713 0.55814
14024 109 72 0.852713 0.565891
14025 109 73 0.852713 0.573643
14026 109 74 0.852713 0.581395
14027 109 75 0.852713 0.589147
14028 109 76 0.852713 0.596899
14029 109 77 0.852713 0.604651
14030 109 78 0.852713 0.612403
14031 109 79 0.852713 0.620155
14032 109 80 0.852713 0.627907
14033 109 81 0.852713 0.635659
14034 109 82 0.852713 0.643411
14035 109 83 0.852713 0.651163
14036 109 84 0.852713 0.658915
14037 109 85 0.852713 0.666667
14038 109 86 0.852713 0.674419
14039 109 87 0.852713 0.682171
14040 109 88 0.852713 0.689922
14041 109 89 0.852713 0.697674
14042 109 90 0.852713 0.705426
14043 109 91 0.852713 0.713178
14044 109 92 0.852713 0.72093
14045 109 93 0.852713 0.728682
14046 109 94 0.852713 0.736434
14047 109 95 0.852713 0.744186
14048 109 96 0.852713 0.751938
14049 109 97 0.852713 0.75969
14050 109 98 0.852713 0.767442
14051 109 99 0.852713 0.775194
14052 109 100 0.852713 0.782946
14053 109 101 0.852713 0.790698
14054 109 102 0.852713 0.79845
14055 109 103 0.852713 0.806202
14056 109 104 0.852713 0.813953
14057 109 105 0.852713 0.821705
14058 109 106 0.852713 0.829457
14059 109 107 0.852713 0.837209
14060 109 108 0.852713 0.844961
14061 109 109 0.852713 0.852713
14062 109 110 0.852713 0.860465
14063 109 111 0.852713 0.868217
14064 109 112 0.852713 0.875969
14065 109 113 0.852713 0.883721
14066 109 114 0.852713 0.891473
14067 109 115 0.852713 0.899225
14068 109 116 0.852713 0.906977
14069 109 117 0.852713 0.914729
14070 109 118 0.852713 0.922481
14071 109 119 0.852713 0.930233
14072 109 120 0.852713 0.937984
14073 109 121 0.852713 0.945736
14074 109 122 0.852713 0.953488
14075 109 123 0.852713 0.96124
14076 109 124 0.852713 0.968992
14077 109 125 0.852713 0.976744
14078 109 126 0.852713 0.984496
14079 109 127 0.852713 0.992248
14080 110 0 0.860465 0.00775194
14081 110 1 0.860465 0.0155039
14082 110 2 0.860465 0.0232558
14083 110 3 0.860465 0.0310078
14084 110 4 0.860465 0.0387597
14085 110 5 0.860465 0.0465116
14086 110 6 0.860465 0.0542636
14087 110 7 0.860465 0.0620155
14088 110 8 0.860465 0.0697674
14089 110 9 0.860465 0.0775194
14090 110 10 0.860465 0.0852713
14091 110 11 0.860465 0.0930233
14092 110 12 0.860465 0.100775
14093 110 13 0.860465 0.108527
14094 110 14 0.860465 0.116279
14095 110 15 0.860465 0.124031
14096 110 16 0.860465 0.131783
14097 110 17 0.860465 0.139535
14098 110 18 0.860465 0.147287
14099 110 19 0.860465 0.155039
14100 110 20 0.860465 0.162791
14101 110 21 0.860465 0.170543
14102 110 22 0.860465 0.178295
14103 110 23 0.860465 0.186047
14104 110 24 0.860465 0.193798
14105 110 25 0.860465 0.20155
14106 110 26 0.860465 0.209302
14107 110 27 0.860465 0.217054
14108 110 28 0.860465 0.224806
14109 110 29 0.860465 0.232558
14110 110 30 0.860465 0.24031
14111 110 31 0.860465 0.248062
14112 110 32 0.860465 0.255814
14113 110 33 0.860465 0.263566
14114 110 34 0.860465 0.271318
14115 110 35 0.860465 0.27907
14116 110 36 0.860465 0.286822
14117 110 37 0.860465 0.294574
14118 110 38 0.860465 0.302326
14119 110 39 0.860465 0.310078
14120 110 40 0.860465 0.317829
14121 110 41 0.860465 0.325581
14122 110 42 0.860465 0.333333
14123 110 43 0.860465 0.341085
14124 110 44 0.860465 0.348837
14125 110 45 0.860465 0.356589
14126 110 46 0.860465 0.364341
14127 110 47 0.860465 0.372093
14128 110 48 0.860465 0.379845
14129 110 49 0.860465 0.387597
14130 110 50 0.860465 0.395349
14131 110 51 0.860465 0.403101
14132 110 52 0.860465 0.410853
14133 110 53 0.860465 0.418605
14134 110 54 0.860465 0.426357
14135 110 55 0.860465 0.434109
14136 110 56 0.860465 0.44186
14137 110 57 0.860465 0.449612
14138 110 58 0.860465 0.457364
14139 110 59 0.860465 0.465116
14140 110 60 0.860465 0.472868
14141 110 61 0.860465 0.48062
14142 110 62 0.860465 0.488372
14143 110 63 0.860465 0.496124
14144 110 64 0.860465 0.503876
14145 110 65 0.860465 0.511628
14146 110 66 0.860465 0.51938
14147 110 67 0.860465 0.527132
14148 110 68 0.860465 0.534884
14149 110 69 0.860465 0.542636
14150 110 70 0.860465 0.550388
14151 110 71 0.860465 0.55814
14152 110 72 0.860465 0.565891
14153 110 73 0.860465 0.573643
14154 110 74 0.860465 0.581395
14155 110 75 0.860465 0.589147
14156 110 76 0.860465 0.596899
14157 110 77 0.860465 0.604651
14158 110 78 0.860465 0.612403
14159 110 79 0.860465 0.620155
14160 110 80 0.860465 0.627907
14161 110 81 0.860465 0.635659
14162 110 82 0.860465 0.643411
14163 110 83 0.860465 0.651163
14164 110 84 0.860465 0.658915
14165 110 85 0.860465 0.666667
14166 110 86 0.860465 0.674419
14167 110 87 0.860465 0.682171
14168 110 88 0.860465 0.689922
14169 110 89 0.860465 0.697674
14170 110 90 0.860465 0.705426
14171 110 91 0.860465 0.713178
14172 110 92 0.860465 0.72093
14173 110 93 0.860465 0.728682
14174 110 94 0.860465 0.736434
14175 110 95 0.860465 0.744186
14176 110 96 0.860465 0.751938
14177 110 97 0.860465 0.75969
14178 110 98 0.860465 0.767442
14179 110 99 0.860465 0.775194
14180 110 100 0.860465 0.782946
14181 110 101 0.860465 0.790698
14182 110 102 0.860465 0.79845
14183 110 103 0.860465 0.806202
14184 110 104 0.860465 0.813953
14185 110 105 0.860465 0.821705
14186 110 106 0.860465 0.829457
14187 110 107 0.860465 0.837209
14188 110 108 0.860465 0.844961
14189 110 109 0.860465 0.852713
14190 110 110 0.860465 0.860465
14191 110 111 0.860465 0.868217
14192 110 112 0.860465 0.875969
14193 110 113 0.860465 0.883721
14194 110 114 0.860465 0.891473
14195 110 115 0.860465 0.899225
14196 110 116 0.860465 0.906977
14197 110 117 0.860465 0.914729
14198 110 118 0.860465 0.922481
14199 110 119 0.860465 0.930233
14200 110 120 0.860465 0.937984
14201 110 121 0.860465 0.945736
14202 110 122 0.860465 0.953488
14203 110 123 0.860465 0.96124
14204 110 124 0.860465 0.968992
14205 110 125 0.860465 0.976744
14206 110 126 0.860465 0.984496
14207 110 127 0.860465 0.992248
14208 111 0 0.868217 0.00775194
14209 111 1 0.868217 0.0155039
14210 111 2 0.868217 0.0232558
14211 111 3 0.868217 0.0310078
14212 111 4 0.868217 0.0387597
14213 111 5 0.868217 0.0465116
14214 111 6 0.868217 0.0542636
14215 111 7 0.868217 0.0620155
14216 111 8 0.868217 0.0697674
14217 111 9 0.868217 0.0775194
14218 111 10 0.868217 0.0852713
14219 111 11 0.868217 0.0930233
14220 111 12 0.868217 0.100775
14221 111 13 0.868217 0.108527
14222 111 14 0.868217 0.116279
14223 111 15 0.868217 0.124031
14224 111 16 0.868217 0.131783
14225 111 17 0.868217 0.139535
14226 111 18 0.868217 0.147287
14227 111 19 0.868217 0.155039
14228 111 20 0.868217 0.162791
14229 111 21 0.868217 0.170543
14230 111 22 0.868217 0.178295
14231 111 23 0.868217 0.186047
14232 111 24 0.868217 0.193798
14233 111 25 0.868217 0.20155
14234 111 26 0.868217 0.209302
14235 111 27 0.868217 0.217054
14236 111 28 0.868217 0.224806
14237 111 29 0.868217 0.232558
14238 111 30 0.868217 0.24031
14239 111 31 0.868217 0.248062
14240 111 32 0.868217 0.255814
14241 111 33 0.868217 0.263566
14242 111 34 0.868217 0.271318
14243 111 35 0.868217 0.27907
14244 111 36 0.868217 0.286822
14245 111 37 0.868217 0.294574
14246 111 38 0.868217 0.302326
14247 111 39 0.868217 0.310078
14248 111 40 0.868217 0.317829
14249 111 41 0.868217 0.325581
14250 111 42 0.868217 0.333333
14251 111 43 0.868217 0.341085
14252 111 44 0.868217 0.348837
14253 111 45 0.868217 0.356589
14254 111 46 0.868217 0.364341
14255 111 47 0.868217 0.372093
14256 111 48 0.868217 0.379845
14257 111 49 0.868217 0.387597
14258 111 50 0.868217 0.395349
14259 111 51 0.868217 0.403101
14260 111 52 0.868217 0.410853
14261 111 53 0.868217 0.418605
14262 111 54 0.868217 0.426357
14263 111 55 0.868217 0.434109
14264 111 56 0.868217 0.44186
14265 111 57 0.868217 0.449612
14266 111 58 0.868217 0.457364
14267 111 59 0.868217 0.465116
14268 111 60 0.868217 0.472868
14269 111 61 0.868217 0.48062
14270 111 62 0.868217 0.488372
14271 111 63 0.868217 0.496124
14272 111 64 0.868217 0.503876
14273 111 65 0.868217 0.511628
14274 111 66 0.868217 0.51938
14275 111 67 0.868217 0.527132
14276 111 68 0.868217 0.534884
14277 111 69 0.868217 0.542636
14278 111 70 0.868217 0.550388
14279 111 71 0.868217 0.55814
14280 111 72 0.868217 0.565891
14281 111 73 0.868217 0.573643
14282 111 74 0.868217 0.581395
14283 111 75 0.868217 0.589147
14284 111 76 0.868217 0.596899
14285 111 77 0.868217 0.604651
14286 111 78 0.868217 0.612403
14287 111 79 0.868217 0.620155
14288 111 80 0.868217 0.627907
14289 111 81 0.868217 0.635659
14290 111 82 0.868217 0.643411
14291 111 83 0.868217 0.651163
14292 111 84 0.868217 0.658915
14293 111 85 0.868217 0.666667
14294 111 86 0.868217 0.674419
14295 111 87 0.868217 0.682171
14296 111 88 0.868217 0.689922
14297 111 89 0.868217 0.697674
14298 111 90 0.868217 0.705426
14299 111 91 0.868217 0.713178
14300 111 92 0.868217 0.72093
14301 111 93 0.868217 0.728682
14302 111 94 0.868217 0.736434
14303 111 95 0.868217 0.744186
14304 111 96 0.868217 0.751938
14305 111 97 0.868217 0.75969
14306 111 98 0.868217 0.767442
14307 111 99 0.868217 0.775194
14308 111 100 0.868217 0.782946
14309 111 101 0.868217 0.790698
14310 111 102 0.868217 0.79845
14311 111 103 0.868217 0.806202
14312 111 104 0.868217 0.813953
14313 111 105 0.868217 0.821705
14314 111 106 0.868217 0.829457
14315 111 107 0.868217 0.837209
14316 111 108 0.868217 0.844961
14317 111 109 0.868217 0.852713
14318 111 110 0.868217 0.860465
14319 111 111 0.868217 0.868217
14320 111 112 0.868217 0.875969
14321 111 113 0.868217 0.883721
14322 111 114 0.868217 0.891473
14323 111 115 0.868217 0.899225
14324 111 116 0.868217 0.906977
14325 111 117 0.868217 0.914729
14326 111 118 0.868217 0.922481
14327 111 119 0.868217 0.930233
14328 111 120 0.868217 0.937984
14329 111 121 0.868217 0.945736
14330 111 122 0.868217 0.953488
14331 111 123 0.868217 0.96124
14332 111 124 0.868217 0.968992
14333 111 125 0.868217 0.976744
14334 111 126 0.868217 0.984496
14335 111 127 0.868217 0.992248
14336 112 0 0.875969 0.00775194
14337 112 1 0.875969 0.0155039
14338 112 2 0.875969 0.0232558
14339 112 3 0.875969 0.0310078
14340 112 4 0.875969 0.0387597
14341 112 5 0.875969 0.0465116
14342 112 6 0.875969 0.0542636
14343 112 7 0.875969 0.0620155
14344 112 8 0.875969 0.0697674
14345 112 9 0.875969 0.0775194
14346 112 10 0.875969 0.0852713
14347 112 11 0.875969 0.0930233
14348 112 12 0.875969 0.100775
14349 112 13 0.875969 0.108527
14350 112 14 0.875969 0.116279
14351 112 15 0.875969 0.124031
14352 112 16 0.875969 0.131783
14353 112 17 0.875969 0.139535
14354 112 18 0.875969 0.147287
14355 112 19 0.875969 0.155039
14356 112 20 0.875969 0.162791
14357 112 21 0.875969 0.170543
14358 112 22 0.875969 0.178295
14359 112 23 0.875969 0.186047
14360 112 24 0.875969 0.193798
14361 112 25 0.875969 0.20155
14362 112 26 0.875969 0.209302
14363 112 27 0.875969 0.217054
14364 112 28 0.875969 0.224806
14365 112 29 0.875969 0.232558
14366 112 30 0.875969 0.24031
14367 112 31 0.875969 0.248062
14368 112 32 0.875969 0.255814
14369 112 33 0.875969 0.263566
14370 112 34 0.875969 0.271318
14371 112 35 0.875969 0.27907
14372 112 36 0.875969 0.286822
14373 112 37 0.875969 0.294574
14374 112 38 0.875969 0.302326
14375 112 39 0.875969 0.310078
14376 112 40 0.875969 0.317829
14377 112 41 0.875969 0.325581
14378 112 42 0.875969 0.333333
14379 112 43 0.875969 0.341085
14380 112 44 0.875969 0.348837
14381 112 45 0.875969 0.356589
14382 112 46 0.875969 0.364341
14383 112 47 0.875969 0.372093
14384 112 48 0.875969 0.379845
14385 112 49 0.875969 0.387597
14386 112 50 0.875969 0.395349
14387 112 51 0.875969 0.403101
14388 112 52 0.875969 0.410853
14389 112 53 0.875969 0.418605
14390 112 54 0.875969 0.426357
14391 112 55 0.875969 0.434109
14392 112 56 0.875969 0.44186
14393 112 57 0.875969 0.449612
14394 112 58 0.875969 0.457364
14395 112 59 0.875969 0.465116
14396 112 60 0.875969 0.472868
14397 112 61 0.875969 0.48062
14398 112 62 0.875969 0.488372
14399 112 63 0.875969 0.496124
14400 112 64 0.875969 0.503876
14401 112 65 0.875969 0.511628
14402 112 66 0.875969 0.51938
14403 112 67 0.875969 0.527132
14404 112 68 0.875969 0.534884
14405 112 69 0.875969 0.542636
14406 112 70 0.875969 0.550388
14407 112 71 0.875969 0.55814
14408 112 72 0.875969 0.565891
14409 112 73 0.875969 0.573643
14410 112 74 0.875969 0.581395
14411 112 75 0.875969 0.589147
14412 112 76 0.875969 0.596899
14413 112 77 0.875969 0.604651
14414 112 78 0.875969 0.612403
14415 112 79 0.875969 0.620155
14416 112 80 0.875969 0.627907
14417 112 81 0.875969 0.635659
14418 112 82 0.875969 0.643411
14419 112 83 0.875969 0.651163
14420 112 84 0.875969 0.658915
14421 112 85 0.875969 0.666667
14422 112 86 0.875969 0.674419
14423 112 87 0.875969 0.682171
14424 112 88 0.875969 0.689922
14425 112 89 0.875969 0.697674
14426 112 90 0.875969 0.705426
14427 112 91 0.875969 0.713178
14428 112 92 0.875969 0.72093
14429 112 93 0.875969 0.728682
14430 112 94 0.875969 0.736434
14431 112 95 0.875969 0.744186
14432 112 96 0.875969 0.751938
14433 112 97 0.875969 0.75969
14434 112 98 0.875969 0.767442
14435 112 99 0.875969 0.775194
14436 112 100 0.875969 0.782946
14437 112 101 0.875969 0.790698
14438 112 102 0.875969 0.79845
14439 112 103 0.875969 0.806202
14440 112 104 0.875969 0.813953
14441 112 105 0.875969 0.821705
14442 112 106 0.875969 0.829457
14443 112 107 0.875969 0.837209
14444 112 108 0.875969 0.844961
14445 112 109 0.875969 0.852713
14446 112 110 0.875969 0.860465
14447 112 111 0.875969 0.868217
14448 112 112 0.875969 0.875969
14449 112 113 0.875969 0.883721
14450 112 114 0.875969 0.891473
14451 112 115 0.875969 0.899225
14452 112 116 0.875969 0.906977
14453 112 117 0.875969 0.914729
14454 112 118 0.875969 0.922481
14455 112 119 0.875969 0.930233
14456 112 120 0.875969 0.937984
14457 112 121 0.875969 0.945736
14458 112 122 0.875969 0.953488
14459 112 123 0.875969 0.96124
14460 112 124 0.875969 0.968992
14461 112 125 0.875969 0.976744
14462 112 126 0.875969 0.984496
14463 112 127 0.875969 0.992248
14464 113 0 0.883721 0.00775194
14465 113 1 0.883721 0.0155039
14466 113 2 0.883721 0.0232558
14467 113 3 0.883721 0.0310078
14468 113 4 0.883721 0.0387597
14469 113 5 0.883721 0.0465116
14470 113 6 0.883721 0.0542636
14471 113 7 0.883721 0.0620155
14472 113 8 0.883721 0.0697674
14473 113 9 0.883721 0.0775194
14474 113 10 0.883721 0.0852713
14475 113 11 0.883721 0.0930233
14476 113 12 0.883721 0.100775
14477 113 13 0.883721 0.108527
14478 113 14 0.883721 0.116279
14479 113 15 0.883721 0.124031
14480 113 16 0.883721 0.131783
14481 113 17 0.883721 0.139535
14482 113 18 0.883721 0.147287
14483 113 19 0.883721 0.155039
14484 113 20 0.883721 0.162791
14485 113 21 0.883721 0.170543
14486 113 22 0.883721 0.178295
14487 113 23 0.883721 0.186047
14488 113 24 0.883721 0.193798
14489 113 25 0.883721 0.20155
14490 113 26 0.883721 0.209302
14491 113 27 0.883721 0.217054
14492 113 28 0.883721 0.224806
14493 113 29 0.883721 0.232558
14494 113 30 0.883721 0.24031
14495 113 31 0.883721 0.248062
14496 113 32 0.883721 0.255814
14497 113 33 0.883721 0.263566
14498 113 34 0.883721 0.271318
14499 113 35 0.883721 0.27907
14500 113 36 0.883721 0.286822
14501 113 37 0.883721 0.294574
14502 113 38 0.883721 0.302326
14503 113 39 0.883721 0.310078
14504 113 40 0.883721 0.317829
14505 113 41 0.883721 0.325581
14506 113 42 0.883721 0.333333
14507 113 43 0.883721 0.341085
14508 113 44 0.883721 0.348837
14509 113 45 0.883721 0.356589
14510 113 46 0.883721 0.364341
14511 113 47 0.883721 0.372093
14512 113 48 0.883721 0.379845
14513 113 49 0.883721 0.387597
14514 113 50 0.883721 0.395349
14515 113 51 0.883721 0.403101
14516 113 52 0.883721 0.410853
14517 113 53 0.883721 0.418605
14518 113 54 0.883721 0.426357
14519 113 55 0.883721 0.434109
14520 113 56 0.883721 0.44186
14521 113 57 0.883721 0.449612
14522 113 58 0.883721 0.457364
14523 113 59 0.883721 0.465116
14524 113 60 0.883721 0.472868
14525 113 61 0.883721 0.48062
14526 113 62 0.883721 0.488372
14527 113 63 0.883721 0.496124
14528 113 64 0.883721 0.503876
14529 113 65 0.883721 0.511628
14530 113 66 0.883721 0.51938
14531 113 67 0.883721 0.527132
14532 113 68 0.883721 0.534884
14533 113 69 0.883721 0.542636
14534 113 70 0.883721 0.550388
14535 113 71 0.883721 0.55814
14536 113 72 0.883721 0.565891
14537 113 73 0.883721 0.573643
14538 113 74 0.883721 0.581395
14539 113 75 0.883721 0.589147
14540 113 76 0.883721 0.596899
14541 113 77 0.883721 0.604651
14542 113 78 0.883721 0.612403
14543 113 79 0.883721 0.620155
14544 113 80 0.883721 0.627907
14545 113 81 0.883721 0.635659
14546 113 82 0.883721 0.643411
14547 113 83 0.883721 0.651163
14548 113 84 0.883721 0.658915
14549 113 85 0.883721 0.666667
14550 113 86 0.883721 0.674419
14551 113 87 0.883721 0.682171
14552 113 88 0.883721 0.689922
14553 113 89 0.883721 0.697674
14554 113 90 0.883721 0.705426
14555 113 91 0.883721 0.713178
14556 113 92 0.883721 0.72093
14557 113 93 0.883721 0.728682
14558 113 94 0.883721 0.736434
14559 113 95 0.883721 0.744186
14560 113 96 0.883721 0.751938
14561 113 97 0.883721 0.75969
14562 113 98 0.883721 0.767442
14563 113 99 0.883721 0.775194
14564 113 100 0.883721 0.782946
14565 113 101 0.883721 0.790698
14566 113 102 0.883721 0.79845
14567 113 103 0.883721 0.806202
14568 113 104 0.883721 0.813953
14569 113 105 0.883721 0.821705
14570 113 106 0.883721 0.829457
14571 113 107 0.883721 0.837209
14572 113 108 0.883721 0.844961
14573 113 109 0.883721 0.852713
14574 113 110 0.883721 0.860465
14575 113 111 0.883721 0.868217
14576 113 112 0.883721 0.875969
14577 113 113 0.883721 0.883721
14578 113 114 0.883721 0.891473
14579 113 115 0.883721 0.899225
14580 113 116 0.883721 0.906977
14581 113 117 0.883721 0.914729
14582 113 118 0.883721 0.922481
14583 113 119 0.883721 0.930233
14584 113 120 0.883721 0.937984
14585 113 121 0.883721 0.945736
14586 113 122 0.883721 0.953488
14587 113 123 0.883721 0.96124
14588 113 124 0.883721 0.968992
14589 113 125 0.883721 0.976744
14590 113 126 0.883721 0.984496
14591 113 127 0.883721 0.992248
14592 114 0 0.891473 0.00775194
14593 114 1 0.891473 0.0155039
14594 114 2 0.891473 0.0232558
14595 114 3 0.891473 0.0310078
14596 114 4 0.891473 0.0387597
14597 114 5 0.891473 0.0465116
14598 114 6 0.891473 0.0542636
14599 114 7 0.891473 0.0620155
14600 114 8 0.891473 0.0697674
14601 114 9 0.891473 0.0775194
14602 114 10 0.891473 0.0852713
14603 114 11 0.891473 0.0930233
14604 114 12 0.891473 0.100775
14605 114 13 0.891473 0.108527
14606 114 14 0.891473 0.116279
14607 114 15 0.891473 0.124031
14608 114 16 0.891473 0.131783
14609 114 17 0.891473 0.139535
14610 114 18 0.891473 0.147287
14611 114 19 0.891473 0.155039
14612 114 20 0.891473 0.162791
14613 114 21 0.891473 0.170543
14614 114 22 0.891473 0.178295
14615 114 23 0.891473 0.186047
14616 114 24 0.891473 0.193798
14617 114 25 0.891473 0.20155
14618 114 26 0.891473 0.209302
14619 114 27 0.891473 0.217054
14620 114 28 0.891473 0.224806
14621 114 29 0.891473 0.232558
14622 114 30 0.891473 0.24031
14623 114 31 0.891473 0.248062
14624 114 32 0.891473 0.255814
14625 114 33 0.891473 0.263566
14626 114 34 0.891473 0.271318
14627 114 35 0.891473 0.27907
14628 114 36 0.891473 0.286822
14629 114 37 0.891473 0.294574
14630 114 38 0.891473 0.302326
14631 114 39 0.891473 0.310078
14632 114 40 0.891473 0.317829
14633 114 41 0.891473 0.325581
14634 114 42 0.891473 0.333333
14635 114 43 0.891473 0.341085
14636 114 44 0.891473 0.348837
14637 114 45 0.891473 0.356589
14638 114 46 0.891473 0.364341
14639 114 47 0.891473 0.372093
14640 114 48 0.891473 0.379845
14641 114 49 0.891473 0.387597
14642 114 50 0.891473 0.395349
14643 114 51 0.891473 0.403101
14644 114 52 0.891473 0.410853
14645 114 53 0.891473 0.418605
14646 114 54 0.891473 0.426357
14647 114 55 0.891473 0.434109
14648 114 56 0.891473 0.44186
14649 114 57 0.891473 0.449612
14650 114 58 0.891473 0.457364
14651 114 59 0.891473 0.465116
14652 114 60 0.891473 0.472868
14653 114 61 0.891473 0.48062
14654 114 62 0.891473 0.488372
14655 114 63 0.891473 0.496124
14656 114 64 0.891473 0.503876
14657 114 65 0.891473 0.511628
14658 114 66 0.891473 0.51938
14659 114 67 0.891473 0.527132
14660 114 68 0.891473 0.534884
14661 114 69 0.891473 0.542636
14662 114 70 0.891473 0.550388
14663 114 71 0.891473 0.55814
14664 114 72 0.891473 0.565891
14665 114 73 0.891473 0.573643
14666 114 74 0.891473 0.581395
14667 114 75 0.891473 0.589147
14668 114 76 0.891473 0.596899
14669 114 77 0.891473 0.604651
14670 114 78 0.891473 0.612403
14671 114 79 0.891473 0.620155
14672 114 80 0.891473 0.627907
14673 114 81 0.891473 0.635659
14674 114 82 0.891473 0.643411
14675 114 83 0.891473 0.651163
14676 114 84 0.891473 0.658915
14677 114 85 0.891473 0.666667
14678 114 86 0.891473 0.674419
14679 114 87 0.891473 0.682171
14680 114 88 0.891473 0.689922
14681 114 89 0.891473 0.697674
14682 114 90 0.891473 0.705426
14683 114 91 0.891473 0.713178
14684 114 92 0.891473 0.72093
14685 114 93 0.891473 0.728682
14686 114 94 0.891473 0.736434
14687 114 95 0.891473 0.744186
14688 114 96 0.891473 0.751938
14689 114 97 0.891473 0.75969
14690 114 98 0.891473 0.767442
14691 114 99 0.891473 0.775194
14692 114 100 0.891473 0.782946
14693 114 101 0.891473 0.790698
14694 114 102 0.891473 0.79845
14695 114 103 0.891473 0.806202
14696 114 104 0.891473 0.813953
14697 114 105 0.891473 0.821705
14698 114 106 0.891473 0.829457
14699 114 107 0.891473 0.837209
14700 114 108 0.891473 0.844961
14701 114 109 0.891473 0.852713
14702 114 110 0.891473 0.860465
14703 114 111 0.891473 0.868217
14704 114 112 0.891473 0.875969
14705 114 113 0.891473 0.883721
14706 114 114 0.891473 0.891473
14707 114 115 0.891473 0.899225
14708 114 116 0.891473 0.906977
14709 114 117 0.891473 0.914729
14710 114 118 0.891473 0.922481
14711 114 119 0.891473 0.930233
14712 114 120 0.891473 0.937984
14713 114 121 0.891473 0.945736
14714 114 122 0.891473 0.953488
14715 114 123 0.891473 0.96124
14716 114 124 0.891473 0.968992
14717 114 125 0.891473 0.976744
14718 114 126 0.891473 0.984496
14719 114 127 0.891473 0.992248
14720 115 0 0.899225 0.00775194
14721 115 1 0.899225 0.0155039
14722 115 2 0.899225 0.0232558
14723 115 3 0.899225 0.0310078
14724 115 4 0.899225 0.0387597
14725 115 5 0.899225 0.0465116
14726 115 6 0.899225 0.0542636
14727 115 7 0.899225 0.0620155
14728 115 8 0.899225 0.0697674
14729 115 9 0.899225 0.0775194
14730 115 10 0.899225 0.0852713
14731 115 11 0.899225 0.0930233
14732 115 12 0.899225 0.100775
14733 115 13 0.899225 0.108527
14734 115 14 0.899225 0.116279
14735 115 15 0.899225 0.124031
14736 115 16 0.899225 0.131783
14737 115 17 0.899225 0.139535
14738 115 18 0.899225 0.147287
14739 115 19 0.899225 0.155039
14740 115 20 0.899225 0.162791
14741 115 21 0.899225 0.170543
14742 115 22 0.899225 0.178295
14743 115 23 0.899225 0.186047
14744 115 24 0.899225 0.193798
14745 115 25 0.899225 0.20155
14746 115 26 0.899225 0.209302
14747 115 27 0.899225 0.217054
14748 115 28 0.899225 0.224806
14749 115 29 0.899225 0.232558
14750 115 30 0.899225 0.24031
14751 115 31 0.899225 0.248062
14752 115 32 0.899225 0.255814
14753 115 33 0.899225 0.263566
14754 115 34 0.899225 0.271318
14755 115 35 0.899225 0.27907
14756 115 36 0.899225 0.286822
14757 115 37 0.899225 0.294574
14758 115 38 0.899225 0.302326
14759 115 39 0.899225 0.310078
14760 115 40 0.899225 0.317829
14761 115 41 0.899225 0.325581
14762 115 42 0.899225 0.333333
14763 115 43 0.899225 0.341085
14764 115 44 0.899225 0.348837
14765 115 45 0.899225 0.356589
14766 115 46 0.899225 0.364341
14767 115 47 0.899225 0.372093
14768 115 48 0.899225 0.379845
14769 115 49 0.899225 0.387597
14770 115 50 0.899225 0.395349
14771 115 51 0.899225 0.403101
14772 115 52 0.899225 0.410853
14773 115 53 0.899225 0.418605
14774 115 54 0.899225 0.426357
14775 115 55 0.899225 0.434109
14776 115 56 0.899225 0.44186
14777 115 57 0.899225 0.449612
14778 115 58 0.899225 0.457364
14779 115 59 0.899225 0.465116
14780 115 60 0.899225 0.472868
14781 115 61 0.899225 0.48062
14782 115 62 0.899225 0.488372
14783 115 63 0.899225 0.496124
14784 115 64 0.899225 0.503876
14785 115 65 0.899225 0.511628
14786 115 66 0.899225 0.51938
14787 115 67 0.899225 0.527132
14788 115 68 0.899225 0.534884
14789 115 69 0.899225 0.542636
14790 115 70 0.899225 0.550388
14791 115 71 0.899225 0.55814
14792 115 72 0.899225 0.565891
14793 115 73 0.899225 0.573643
14794 115 74 0.899225 0.581395
14795 115 75 0.899225 0.589147
14796 115 76 0.899225 0.596899
14797 115 77 0.899225 0.604651
14798 115 78 0.899225 0.612403
14799 115 79 0.899225 0.620155
14800 115 80 0.899225 0.627907
14801 115 81 0.899225 0.635659
14802 115 82 0.899225 0.643411
14803 115 83 0.899225 0.651163
14804 115 84 0.899225 0.658915
14805 115 85 0.899225 0.666667
14806 115 86 0.899225 0.674419
14807 115 87 0.899225 0.682171
14808 115 88 0.899225 0.689922
14809 115 89 0.899225 0.697674
14810 115 90 0.899225 0.705426
14811 115 91 0.899225 0.713178
14812 115 92 0.899225 0.72093
14813 115 93 0.899225 0.728682
14814 115 94 0.899225 0.736434
14815 115 95 0.899225 0.744186
14816 115 96 0.899225 0.751938
14817 115 97 0.899225 0.75969
14818 115 98 0.899225 0.767442
14819 115 99 0.899225 0.775194
14820 115 100 0.899225 0.782946
14821 115 101 0.899225 0.790698
14822 115 102 0.899225 0.79845
14823 115 103 0.899225 0.806202
14824 115 104 0.899225 0.813953
14825 115 105 0.899225 0.821705
14826 115 106 0.899225 0.829457
14827 115 107 0.899225 0.837209
14828 115 108 0.899225 0.844961
14829 115 109 0.899225 0.852713
14830 115 110 0.899225 0.860465
14831 115 111 0.899225 0.868217
14832 115 112 0.899225 0.875969
14833 115 113 0.899225 0.883721
14834 115 114 0.899225 0.891473
14835 115 115 0.899225 0.899225
14836 115 116 0.899225 0.906977
14837 115 117 0.899225 0.914729
14838 115 118 0.899225 0.922481
14839 115 119 0.899225 0.930233
14840 115 120 0.899225 0.937984
14841 115 121 0.899225 0.945736
14842 115 122 0.899225 0.953488
14843 115 123 0.899225 0.96124
14844 115 124 0.899225 0.968992
14845 115 125 0.899225 0.976744
14846 115 126 0.899225 0.984496
14847 115 127 0.899225 0.992248
14848 116 0 0.906977 0.00775194
14849 116 1 0.906977 0.0155039
14850 116 2 0.906977 0.0232558
14851 116 3 0.906977 0.0310078
14852 116 4 0.906977 0.0387597
14853 116 5 0.906977 0.0465116
14854 116 6 0.906977 0.0542636
14855 116 7 0.906977 0.0620155
14856 116 8 0.906977 0.0697674
14857 116 9 0.906977 0.0775194
14858 116 10 0.906977 0.0852713
14859 116 11 0.906977 0.0930233
14860 116 12 0.906977 0.100775
14861 116 13 0.906977 0.108527
14862 116 14 0.906977 0.116279
14863 116 15 0.906977 0.124031
14864 116 16 0.906977 0.131783
14865 116 17 0.906977 0.139535
14866 116 18 0.906977 0.147287
14867 116 19 0.906977 0.155039
14868 116 20 0.906977 0.162791
14869 116 21 0.906977 0.170543
14870 116 22 0.906977 0.178295
14871 116 23 0.906977 0.186047
14872 116 24 0.906977 0.193798
14873 116 25 0.906977 0.20155
14874 116 26 0.906977 0.209302
14875 116 27 0.906977 0.217054
14876 116 28 0.906977 0.224806
14877 116 29 0.906977 0.232558
14878 116 30 0.906977 0.24031
14879 116 31 0.906977 0.248062
14880 116 32 0.906977 0.255814
14881 116 33 0.906977 0.263566
14882 116 34 0.906977 0.271318
14883 116 35 0.906977 0.27907
14884 116 36 0.906977 0.286822
14885 116 37 0.906977 0.294574
14886 116 38 0.906977 0.302326
14887 116 39 0.906977 0.310078
14888 116 40 0.906977 0.317829
14889 116 41 0.906977 0.325581
14890 116 42 0.906977 0.333333
14891 116 43 0.906977 0.341085
14892 116 44 0.906977 0.348837
14893 116 45 0.906977 0.356589
14894 116 46 0.906977 0.364341
14895 116 47 0.906977 0.372093
14896 116 48 0.906977 0.379845
14897 116 49 0.906977 0.387597
14898 116 50 0.906977 0.395349
14899 116 51 0.906977 0.403101
14900 116 52 0.906977 0.410853
14901 116 53 0.906977 0.418605
14902 116 54 0.906977 0.426357
14903 116 55 0.906977 0.434109
14904 116 56 0.906977 0.44186
14905 116 57 0.906977 0.449612
14906 116 58 0.906977 0.457364
14907 116 59 0.906977 0.465116
14908 116 60 0.906977 0.472868
14909 116 61 0.906977 0.48062
14910 116 62 0.906977 0.488372
14911 116 63 0.906977 0.496124
14912 116 64 0.906977 0.503876
14913 116 65 0.906977 0.511628
14914 116 66 0.906977 0.51938
14915 116 67 0.906977 0.527132
14916 116 68 0.906977 0.534884
14917 116 69 0.906977 0.542636
14918 116 70 0.906977 0.550388
14919 116 71 0.906977 0.55814
14920 116 72 0.906977 0.565891
14921 116 73 0.906977 0.573643
14922 116 74 0.906977 0.581395
14923 116 75 0.906977 0.589147
14924 116 76 0.906977 0.596899
14925 116 77 0.906977 0.604651
14926 116 78 0.906977 0.612403
14927 116 79 0.906977 0.620155
14928 116 80 0.906977 0.627907
14929 116 81 0.906977 0.635659
14930 116 82 0.906977 0.643411
14931 116 83 0.906977 0.651163
14932 116 84 0.906977 0.658915
14933 116 85 0.906977 0.666667
14934 116 86 0.906977 0.674419
14935 116 87 0.906977 0.682171
14936 116 88 0.906977 0.689922
14937 116 89 0.906977 0.697674
14938 116 90 0.906977 0.705426
14939 116 91 0.906977 0.713178
14940 116 92 0.906977 0.72093
14941 116 93 0.906977 0.728682
14942 116 94 0.906977 0.736434
14943 116 95 0.906977 0.744186
14944 116 96 0.906977 0.751938
14945 116 97 0.906977 0.75969
14946 116 98 0.906977 0.767442
14947 116 99 0.906977 0.775194
14948 116 100 0.906977 0.782946
14949 116 101 0.906977 0.790698
14950 116 102 0.906977 0.79845
14951 116 103 0.906977 0.806202
14952 116 104 0.906977 0.813953
14953 116 105 0.906977 0.821705
14954 116 106 0.906977 0.829457
14955 116 107 0.906977 0.837209
14956 116 108 0.906977 0.844961
14957 116 109 0.906977 0.852713
14958 116 110 0.906977 0.860465
14959 116 111 0.906977 0.868217
14960 116 112 0.906977 0.875969
14961 116 113 0.906977 0.883721
14962 116 114 0.906977 0.891473
14963 116 115 0.906977 0.899225
14964 116 116 0.906977 0.906977
14965 116 117 0.906977 0.914729
14966 116 118 0.906977 0.922481
14967 116 119 0.906977 0.930233
14968 116 120 0.906977 0.937984
14969 116 121 0.906977 0.945736
14970 116 122 0.906977 0.953488
14971 116 123 0.906977 0.96124
14972 116 124 0.906977 0.968992
14973 116 125 0.906977 0.976744
14974 116 126 0.906977 0.984496
14975 116 127 0.906977 0.992248
14976 117 0 0.914729 0.00775194
14977 117 1 0.914729 0.0155039
14978 117 2 0.914729 0.0232558
14979 117 3 0.914729 0.0310078
14980 117 4 0.914729 0.0387597
14981 117 5 0.914729 0.0465116
14982 117 6 0.914729 0.0542636
14983 117 7 0.914729 0.0620155
14984 117 8 0.914729 0.0697674
14985 117 9 0.914729 0.0775194
14986 117 10 0.914729 0.0852713
14987 117 11 0.914729 0.0930233
14988 117 12 0.914729 0.100775
14989 117 13 0.914729 0.108527
14990 117 14 0.914729 0.116279
14991 117 15 0.914729 0.124031
14992 117 16 0.914729 0.131783
14993 117 17 0.914729 0.139535
14994 117 18 0.914729 0.147287
14995 117 19 0.914729 0.155039
14996 117 20 0.914729 0.162791
14997 117 21 0.914729 0.170543
14998 117 22 0.914729 0.178295
14999 117 23 0.914729 0.186047
15000 117 24 0.914729 0.193798
15001 117 25 0.914729 0.20155
15002 117 26 0.914729 0.209302
15003 117 27 0.914729 0.217054
15004 117 28 0.914729 0.224806
15005 117 29 0.914729 0.232558
15006 117 30 0.914729 0.24031
15007 117 31 0.914729 0.248062
15008 117 32 0.914729 0.255814
15009 117 33 0.914729 0.263566
15010 117 34 0.914729 0.271318
15011 117 35 0.914729 0.27907
15012 117 36 0.914729 0.286822
15013 117 37 0.914729 0.294574
15014 117 38 0.914729 0.302326
15015 117 39 0.914729 0.310078
15016 117 40 0.914729 0.317829
15017 117 41 0.914729 0.325581
15018 117 42 0.914729 0.333333
15019 117 43 0.914729 0.341085
15020 117 44 0.914729 0.348837
15021 117 45 0.914729 0.356589
15022 117 46 0.914729 0.364341
15023 117 47 0.914729 0.372093
15024 117 48 0.914729 0.379845
15025 117 49 0.914729 0.387597
15026 117 50 0.914729 0.395349
15027 117 51 0.914729 0.403101
15028 117 52 0.914729 0.410853
15029 117 53 0.914729 0.418605
15030 117 54 0.914729 0.426357
15031 117 55 0.914729 0.434109
15032 117 56 0.914729 0.44186
15033 117 57 0.914729 0.449612
15034 117 58 0.914729 0.457364
15035 117 59 0.914729 0.465116
15036 117 60 0.914729 0.472868
15037 117 61 0.914729 0.48062
15038 117 62 0.914729 0.488372
15039 117 63 0.914729 0.496124
15040 117 64 0.914729 0.503876
15041 117 65 0.914729 0.511628
15042 117 66 0.914729 0.51938
15043 117 67 0.914729 0.527132
15044 117 68 0.914729 0.534884
15045 117 69 0.914729 0.542636
15046 117 70 0.914729 0.550388
15047 117 71 0.914729 0.55814
15048 117 72 0.914729 0.565891
15049 117 73 0.914729 0.573643
15050 117 74 0.914729 0.581395
15051 117 75 0.914729 0.589147
15052 117 76 0.914729 0.596899
15053 117 77 0.914729 0.604651
15054 117 78 0.914729 0.612403
15055 117 79 0.914729 0.620155
15056 117 80 0.914729 0.627907
15057 117 81 0.914729 0.635659
15058 117 82 0.914729 0.643411
15059 117 83 0.914729 0.651163
15060 117 84 0.914729 0.658915
15061 117 85 0.914729 0.666667
15062 117 86 0.914729 0.674419
15063 117 87 0.914729 0.682171
15064 117 88 0.914729 0.689922
15065 117 89 0.914729 0.697674
15066 117 90 0.914729 0.705426
15067 117 91 0.914729 0.713178
15068 117 92 0.914729 0.72093
15069 117 93 0.914729 0.728682
15070 117 94 0.914729 0.736434
15071 117 95 0.914729 0.744186
15072 117 96 0.914729 0.751938
15073 117 97 0.914729 0.75969
15074 117 98 0.914729 0.767442
15075 117 99 0.914729 0.775194
15076 117 100 0.914729 0.782946
15077 117 101 0.914729 0.790698
15078 117 102 0.914729 0.79845
15079 117 103 0.914729 0.806202
15080 117 104 0.914729 0.813953
15081 117 105 0.914729 0.821705
15082 117 106 0.914729 0.829457
15083 117 107 0.914729 0.837209
15084 117 108 0.914729 0.844961
15085 117 109 0.914729 0.852713
15086 117 110 0.914729 0.860465
15087 117 111 0.914729 0.868217
15088 117 112 0.914729 0.875969
15089 117 113 0.914729 0.883721
15090 117 114 0.914729 0.891473
15091 117 115 0.914729 0.899225
15092 117 116 0.914729 0.906977
15093 117 117 0.914729 0.914729
15094 117 118 0.914729 0.922481
15095 117 119 0.914729 0.930233
15096 117 120 0.914729 0.937984
15097 117 121 0.914729 0.945736
15098 117 122 0.914729 0.953488
15099 117 123 0.914729 0.96124
15100 117 124 0.914729 0.968992
15101 117 125 0.914729 0.976744
15102 117 126 0.914729 0.984496
15103 117 127 0.914729 0.992248
15104 118 0 0.922481 0.00775194
15105 118 1 0.922481 0.0155039
15106 118 2 0.922481 0.0232558
15107 118 3 0.922481 0.0310078
15108 118 4 0.922481 0.0387597
15109 118 5 0.922481 0.0465116
15110 118 6 0.922481 0.0542636
15111 118 7 0.922481 0.0620155
15112 118 8 0.922481 0.0697674
15113 118 9 0.922481 0.0775194
15114 118 10 0.922481 0.0852713
15115 118 11 0.922481 0.0930233
15116 118 12 0.922481 0.100775
15117 118 13 0.922481 0.108527
15118 118 14 0.922481 0.116279
15119 118 15 0.922481 0.124031
15120 118 16 0.922481 0.131783
15121 118 17 0.922481 0.139535
15122 118 18 0.922481 0.147287
15123 118 19 0.922481 0.155039
15124 118 20 0.922481 0.162791
15125 118 21 0.922481 0.170543
15126 118 22 0.922481 0.178295
15127 118 23 0.922481 0.186047
15128 118 24 0.922481 0.193798
15129 118 25 0.922481 0.20155
15130 118 26 0.922481 0.209302
15131 118 27 0.922481 0.217054
15132 118 28 0.922481 0.224806
15133 118 29 0.922481 0.232558
15134 118 30 0.922481 0.24031
15135 118 31 0.922481 0.248062
15136 118 32 0.922481 0.255814
15137 118 33 0.922481 0.263566
15138 118 34 0.922481 0.271318
15139 118 35 0.922481 0.27907
15140 118 36 0.922481 0.286822
15141 118 37 0.922481 0.294574
15142 118 38 0.922481 0.302326
15143 118 39 0.922481 0.310078
15144 118 40 0.922481 0.317829
15145 118 41 0.922481 0.325581
15146 118 42 0.922481 0.333333
15147 118 43 0.922481 0.341085
15148 118 44 0.922481 0.348837
15149 118 45 0.922481 0.356589
15150 118 46 0.922481 0.364341
15151 118 47 0.922481 0.372093
15152 118 48 0.922481 0.379845
15153 118 49 0.922481 0.387597
15154 118 50 0.922481 0.395349
15155 118 51 0.922481 0.403101
15156 118 52 0.922481 0.410853
15157 118 53 0.922481 0.418605
15158 118 54 0.922481 0.426357
15159 118 55 0.922481 0.434109
15160 118 56 0.922481 0.44186
15161 118 57 0.922481 0.449612
15162 118 58 0.922481 0.457364
15163 118 59 0.922481 0.465116
15164 118 60 0.922481 0.472868
15165 118 61 0.922481 0.48062
15166 118 62 0.922481 0.488372
15167 118 63 0.922481 0.496124
15168 118 64 0.922481 0.503876
15169 118 65 0.922481 0.511628
15170 118 66 0.922481 0.51938
15171 118 67 0.922481 0.527132
15172 118 68 0.922481 0.534884
15173 118 69 0.922481 0.542636
15174 118 70 0.922481 0.550388
15175 118 71 0.922481 0.55814
15176 118 72 0.922481 0.565891
15177 118 73 0.922481 0.573643
15178 118 74 0.922481 0.581395
15179 118 75 0.922481 0.589147
15180 118 76 0.922481 0.596899
15181 118 77 0.922481 0.604651
15182 118 78 0.922481 0.612403
15183 118 79 0.922481 0.620155
15184 118 80 0.922481 0.627907
15185 118 81 0.922481 0.635659
15186 118 82 0.922481 0.643411
15187 118 83 0.922481 0.651163
15188 118 84 0.922481 0.658915
15189 118 85 0.922481 0.666667
15190 118 86 0.922481 0.674419
15191 118 87 0.922481 0.682171
15192 118 88 0.922481 0.689922
15193 118 89 0.922481 0.697674
15194 118 90 0.922481 0.705426
15195 118 91 0.922481 0.713178
15196 118 92 0.922481 0.72093
15197 118 93 0.922481 0.728682
15198 118 94 0.922481 0.736434
15199 118 95 0.922481 0.744186
15200 118 96 0.922481 0.751938
15201 118 97 0.922481 0.75969
15202 118 98 0.922481 0.767442
15203 118 99 0.922481 0.775194
15204 118 100 0.922481 0.782946
15205 118 101 0.922481 0.790698
15206 118 102 0.922481 0.79845
15207 118 103 0.922481 0.806202
15208 118 104 0.922481 0.813953
15209 118 105 0.922481 0.821705
15210 118 106 0.922481 0.829457
15211 118 107 0.922481 0.837209
15212 118 108 0.922481 0.844961
15213 118 109 0.922481 0.852713
15214 118 110 0.922481 0.860465
15215 118 111 0.922481 0.868217
15216 118 112 0.922481 0.875969
15217 118 113 0.922481 0.883721
15218 118 114 0.922481 0.891473
15219 118 115 0.922481 0.899225
15220 118 116 0.922481 0.906977
15221 118 117 0.922481 0.914729
15222 118 118 0.922481 0.922481
15223 118 119 0.922481 0.930233
15224 118 120 0.922481 0.937984
15225 118 121 0.922481 0.945736
15226 118 122 0.922481 0.953488
15227 118 123 0.922481 0.96124
15228 118 124 0.922481 0.968992
15229 118 125 0.922481 0.976744
15230 118 126 0.922481 0.984496
15231 118 127 0.922481 0.992248
15232 119 0 0.930233 0.00775194
15233 119 1 0.930233 0.0155039
15234 119 2 0.930233 0.0232558
15235 119 3 0.930233 0.0310078
15236 119 4 0.930233 0.0387597
15237 119 5 0.930233 0.0465116
15238 119 6 0.930233 0.0542636
15239 119 7 0.930233 0.0620155
15240 119 8 0.930233 0.0697674
15241 119 9 0.930233 0.0775194
15242 119 10 0.930233 0.0852713
15243 119 11 0.930233 0.0930233
15244 119 12 0.930233 0.100775
15245 119 13 0.930233 0.108527
15246 119 14 0.930233 0.116279
15247 119 15 0.930233 0.124031
15248 119 16 0.930233 0.131783
15249 119 17 0.930233 0.139535
15250 119 18 0.930233 0.147287
15251 119 19 0.930233 0.155039
15252 119 20 0.930233 0.162791
15253 119 21 0.930233 0.170543
15254 119 22 0.930233 0.178295
15255 119 23 0.930233 0.186047
15256 119 24 0.930233 0.193798
15257 119 25 0.930233 0.20155
15258 119 26 0.930233 0.209302
15259 119 27 0.930233 0.217054
15260 119 28 0.930233 0.224806
15261 119 29 0.930233 0.232558
15262 119 30 0.930233 0.24031
15263 119 31 0.930233 0.248062
15264 119 32 0.930233 0.255814
15265 119 33 0.930233 0.263566
15266 119 34 0.930233 0.271318
15267 119 35 0.930233 0.27907
15268 119 36 0.930233 0.286822
15269 119 37 0.930233 0.294574
15270 119 38 0.930233 0.302326
15271 119 39 0.930233 0.310078
15272 119 40 0.930233 0.317829
15273 119 41 0.930233 0.325581
15274 119 42 0.930233 0.333333
15275 119 43 0.930233 0.341085
15276 119 44 0.930233 0.348837
15277 119 45 0.930233 0.356589
15278 119 46 0.930233 0.364341
15279 119 47 0.930233 0.372093
15280 119 48 0.930233 0.379845
15281 119 49 0.930233 0.387597
15282 119 50 0.930233 0.395349
15283 119 51 0.930233 0.403101
15284 119 52 0.930233 0.410853
15285 119 53 0.930233 0.418605
15286 119 54 0.930233 0.426357
15287 119 55 0.930233 0.434109
15288 119 56 0.930233 0.44186
15289 119 57 0.930233 0.449612
15290 119 58 0.930233 0.457364
15291 119 59 0.930233 0.465116
15292 119 60 0.930233 0.472868
15293 119 61 0.930233 0.48062
15294 119 62 0.930233 0.488372
15295 119 63 0.930233 0.496124
15296 119 64 0.930233 0.503876
15297 119 65 0.930233 0.511628
15298 119 66 0.930233 0.51938
15299 119 67 0.930233 0.527132
15300 119 68 0.930233 0.534884
15301 119 69 0.930233 0.542636
15302 119 70 0.930233 0.550388
15303 119 71 0.930233 0.55814
15304 119 72 0.930233 0.565891
15305 119 73 0.930233 0.573643
15306 119 74 0.930233 0.581395
15307 119 75 0.930233 0.589147
15308 119 76 0.930233 0.596899
15309 119 77 0.930233 0.604651
15310 119 78 0.930233 0.612403
15311 119 79 0.930233 0.620155
15312 119 80 0.930233 0.627907
15313 119 81 0.930233 0.635659
15314 119 82 0.930233 0.643411
15315 119 83 0.930233 0.651163
15316 119 84 0.930233 0.658915
15317 119 85 0.930233 0.666667
15318 119 86 0.930233 0.674419
15319 119 87 0.930233 0.682171
15320 119 88 0.930233 0.689922
15321 119 89 0.930233 0.697674
15322 119 90 0.930233 0.705426
15323 119 91 0.930233 0.713178
15324 119 92 0.930233 0.72093
15325 119 93 0.930233 0.728682
15326 119 94 0.930233 0.736434
15327 119 95 0.930233 0.744186
15328 119 96 0.930233 0.751938
15329 119 97 0.930233 0.75969
15330 119 98 0.930233 0.767442
15331 119 99 0.930233 0.775194
15332 119 100 0.930233 0.782946
15333 119 101 0.930233 0.790698
15334 119 102 0.930233 0.79845
15335 119 103 0.930233 0.806202
15336 119 104 0.930233 0.813953
15337 119 105 0.930233 0.821705
15338 119 106 0.930233 0.829457
15339 119 107 0.930233 0.837209
15340 119 108 0.930233 0.844961
15341 119 109 0.930233 0.852713
15342 119 110 0.930233 0.860465
15343 119 111 0.930233 0.868217
15344 119 112 0.930233 0.875969
15345 119 113 0.930233 0.883721
15346 119 114 0.930233 0.891473
15347 119 115 0.930233 0.899225
15348 119 116 0.930233 0.906977
15349 119 117 0.930233 0.914729
15350 119 118 0.930233 0.922481
15351 119 119 0.930233 0.930233
15352 119 120 0.930233 0.937984
15353 119 121 0.930233 0.945736
15354 119 122 0.930233 0.953488
15355 119 123 0.930233 0.96124
15356 119 124 0.930233 0.968992
15357 119 125 0.930233 0.976744
15358 119 126 0.930233 0.984496
15359 119 127 0.930233 0.992248
15360 120 0 0.937984 0.00775194
15361 120 1 0.937984 0.0155039
15362 120 2 0.937984 0.0232558
15363 120 3 0.937984 0.0310078
15364 120 4 0.937984 0.0387597
15365 120 5 0.937984 0.0465116
15366 120 6 0.937984 0.0542636
15367 120 7 0.937984 0.0620155
15368 120 8 0.937984 0.0697674
15369 120 9 0.937984 0.0775194
15370 120 10 0.937984 0.0852713
15371 120 11 0.937984 0.0930233
15372 120 12 0.937984 0.100775
15373 120 13 0.937984 0.108527
15374 120 14 0.937984 0.116279
15375 120 15 0.937984 0.124031
15376 120 16 0.937984 0.131783
15377 120 17 0.937984 0.139535
15378 120 18 0.937984 0.147287
15379 120 19 0.937984 0.155039
15380 120 20 0.937984 0.162791
15381 120 21 0.937984 0.170543
15382 120 22 0.937984 0.178295
15383 120 23 0.937984 0.186047
15384 120 24 0.937984 0.193798
15385 120 25 0.937984 0.20155
15386 120 26 0.937984 0.209302
15387 120 27 0.937984 0.217054
15388 120 28 0.937984 0.224806
15389 120 29 0.937984 0.232558
15390 120 30 0.937984 0.24031
15391 120 31 0.937984 0.248062
15392 120 32 0.937984 0.255814
15393 120 33 0.937984 0.263566
15394 120 34 0.937984 0.271318
15395 120 35 0.937984 0.27907
15396 120 36 0.937984 0.286822
15397 120 37 0.937984 0.294574
15398 120 38 0.937984 0.302326
15399 120 39 0.937984 0.310078
15400 120 40 0.937984 0.317829
15401 120 41 0.937984 0.325581
15402 120 42 0.937984 0.333333
15403 120 43 0.937984 0.341085
15404 120 44 0.937984 0.348837
15405 120 45 0.937984 0.356589
15406 120 46 0.937984 0.364341
15407 120 47 0.937984 0.372093
15408 120 48 0.937984 0.379845
15409 120 49 0.937984 0.387597
15410 120 50 0.937984 0.395349
15411 120 51 0.937984 0.403101
15412 120 52 0.937984 0.410853
15413 120 53 0.937984 0.418605
15414 120 54 0.937984 0.426357
15415 120 55 0.937984 0.434109
15416 120 56 0.937984 0.44186
15417 120 57 0.937984 0.449612
15418 120 58 0.937984 0.457364
15419 120 59 0.937984 0.465116
15420 120 60 0.937984 0.472868
15421 120 61 0.937984 0.48062
15422 120 62 0.937984 0.488372
15423 120 63 0.937984 0.496124
15424 120 64 0.937984 0.503876
15425 120 65 0.937984 0.511628
15426 120 66 0.937984 0.51938
15427 120 67 0.937984 0.527132
15428 120 68 0.937984 0.534884
15429 120 69 0.937984 0.542636
15430 120 70 0.937984 0.550388
15431 120 71 0.937984 0.55814
15432 120 72 0.937984 0.565891
15433 120 73 0.937984 0.573643
15434 120 74 0.937984 0.581395
15435 120 75 0.937984 0.589147
15436 120 76 0.937984 0.596899
15437 120 77 0.937984 0.604651
15438 120 78 0.937984 0.612403
15439 120 79 0.937984 0.620155
15440 120 80 0.937984 0.627907
15441 120 81 0.937984 0.635659
15442 120 82 0.937984 0.643411
15443 120 83 0.937984 0.651163
15444 120 84 0.937984 0.658915
15445 120 85 0.937984 0.666667
15446 120 86 0.937984 0.674419
15447 120 87 0.937984 0.682171
15448 120 88 0.937984 0.689922
15449 120 89 0.937984 0.697674
15450 120 90 0.937984 0.705426
15451 120 91 0.937984 0.713178
15452 120 92 0.937984 0.72093
15453 120 93 0.937984 0.728682
15454 120 94 0.937984 0.736434
15455 120 95 0.937984 0.744186
15456 120 96 0.937984 0.751938
15457 120 97 0.937984 0.75969
15458 120 98 0.937984 0.767442
15459 120 99 0.937984 0.775194
15460 120 100 0.937984 0.782946
15461 120 101 0.937984 0.790698
15462 120 102 0.937984 0.79845
15463 120 103 0.937984 0.806202
15464 120 104 0.937984 0.813953
15465 120 105 0.937984 0.821705
15466 120 106 0.937984 0.829457
15467 120 107 0.937984 0.837209
15468 120 108 0.937984 0.844961
15469 120 109 0.937984 0.852713
15470 120 110 0.937984 0.860465
15471 120 111 0.937984 0.868217
15472 120 112 0.937984 0.875969
15473 120 113 0.937984 0.883721
15474 120 114 0.937984 0.891473
15475 120 115 0.937984 0.899225
15476 120 116 0.937984 0.906977
15477 120 117 0.937984 0.914729
15478 120 118 0.937984 0.922481
15479 120 119 0.937984 0.930233
15480 120 120 0.937984 0.937984
15481 120 121 0.937984 0.945736
15482 120 122 0.937984 0.953488
15483 120 123 0.937984 0.96124
15484 120 124 0.937984 0.968992
15485 120 125 0.937984 0.976744
15486 120 126 0.937984 0.984496
15487 120 127 0.937984 0.992248
15488 121 0 0.945736 0.00775194
15489 121 1 0.945736 0.0155039
15490 121 2 0.945736 0.0232558
15491 121 3 0.945736 0.0310078
15492 121 4 0.945736 0.0387597
15493 121 5 0.945736 0.0465116
15494 121 6 0.945736 0.0542636
15495 121 7 0.945736 0.0620155
15496 121 8 0.945736 0.0697674
15497 121 9 0.945736 0.0775194
15498 121 10 0.945736 0.0852713
15499 121 11 0.945736 0.0930233
15500 121 12 0.945736 0.100775
15501 121 13 0.945736 0.108527
15502 121 14 0.945736 0.116279
15503 121 15 0.945736 0.124031
15504 121 16 0.945736 0.131783
15505 121 17 0.945736 0.139535
15506 121 18 0.945736 0.147287
15507 121 19 0.945736 0.155039
15508 121 20 0.945736 0.162791
15509 121 21 0.945736 0.170543
15510 121 22 0.945736 0.178295
15511 121 23 0.945736 0.186047
15512 121 24 0.945736 0.193798
15513 121 25 0.945736 0.20155
15514 121 26 0.945736 0.209302
15515 121 27 0.945736 0.217054
15516 121 28 0.945736 0.224806
15517 121 29 0.945736 0.232558
15518 121 30 0.945736 0.24031
15519 121 31 0.945736 0.248062
15520 121 32 0.945736 0.255814
15521 121 33 0.945736 0.263566
15522 121 34 0.945736 0.271318
15523 121 35 0.945736 0.27907
15524 121 36 0.945736 0.286822
15525 121 37 0.945736 0.294574
15526 121 38 0.945736 0.302326
15527 121 39 0.945736 0.310078
15528 121 40 0.945736 0.317829
15529 121 41 0.945736 0.325581
15530 121 42 0.945736 0.333333
15531 121 43 0.945736 0.341085
15532 121 44 0.945736 0.348837
15533 121 45 0.945736 0.356589
15534 121 46 0.945736 0.364341
15535 121 47 0.945736 0.372093
15536 121 48 0.945736 0.379845
15537 121 49 0.945736 0.387597
15538 121 50 0.945736 0.395349
15539 121 51 0.945736 0.403101
15540 121 52 0.945736 0.410853
15541 121 53 0.945736 0.418605
15542 121 54 0.945736 0.426357
15543 121 55 0.945736 0.434109
15544 121 56 0.945736 0.44186
15545 121 57 0.945736 0.449612
15546 121 58 0.945736 0.457364
15547 121 59 0.945736 0.465116
15548 121 60 0.945736 0.472868
15549 121 61 0.945736 0.48062
15550 121 62 0.945736 0.488372
15551 121 63 0.945736 0.496124
15552 121 64 0.945736 0.503876
15553 121 65 0.945736 0.511628
15554 121 66 0.945736 0.51938
15555 121 67 0.945736 0.527132
15556 121 68 0.945736 0.534884
15557 121 69 0.945736 0.542636
15558 121 70 0.945736 0.550388
15559 121 71 0.945736 0.55814
15560 121 72 0.945736 0.565891
15561 121 73 0.945736 0.573643
15562 121 74 0.945736 0.581395
15563 121 75 0.945736 0.589147
15564 121 76 0.945736 0.596899
15565 121 77 0.945736 0.604651
15566 121 78 0.945736 0.612403
15567 121 79 0.945736 0.620155
15568 121 80 0.945736 0.627907
15569 121 81 0.945736 0.635659
15570 121 82 0.945736 0.643411
15571 121 83 0.945736 0.651163
15572 121 84 0.945736 0.658915
15573 121 85 0.945736 0.666667
15574 121 86 0.945736 0.674419
15575 121 87 0.945736 0.682171
15576 121 88 0.945736 0.689922
15577 121 89 0.945736 0.697674
15578 121 90 0.945736 0.705426
15579 121 91 0.945736 0.713178
15580 121 92 0.945736 0.72093
15581 121 93 0.945736 0.728682
15582 121 94 0.945736 0.736434
15583 121 95 0.945736 0.744186
15584 121 96 0.945736 0.751938
15585 121 97 0.945736 0.75969
15586 121 98 0.945736 0.767442
15587 121 99 0.945736 0.775194
15588 121 100 0.945736 0.782946
15589 121 101 0.945736 0.790698
15590 121 102 0.945736 0.79845
15591 121 103 0.945736 0.806202
15592 121 104 0.945736 0.813953
15593 121 105 0.945736 0.821705
15594 121 106 0.945736 0.829457
15595 121 107 0.945736 0.837209
15596 121 108 0.945736 0.844961
15597 121 109 0.945736 0.852713
15598 121 110 0.945736 0.860465
15599 121 111 0.945736 0.868217
15600 121 112 0.945736 0.875969
15601 121 113 0.945736 0.883721
15602 121 114 0.945736 0.891473
15603 121 115 0.945736 0.899225
15604 121 116 0.945736 0.906977
15605 121 117 0.945736 0.914729
15606 121 118 0.945736 0.922481
15607 121 119 0.945736 0.930233
15608 121 120 0.945736 0.937984
15609 121 121 0.945736 0.945736
15610 121 122 0.945736 0.953488
15611 121 123 0.945736 0.96124
15612 121 124 0.945736 0.968992
15613 121 125 0.945736 0.976744
15614 121 126 0.945736 0.984496
15615 121 127 0.945736 0.992248
15616 122 0 0.953488 0.00775194
15617 122 1 0.953488 0.0155039
15618 122 2 0.953488 0.0232558
15619 122 3 0.953488 0.0310078
15620 122 4 0.953488 0.0387597
15621 122 5 0.953488 0.0465116
15622 122 6 0.953488 0.0542636
15623 122 7 0.953488 0.0620155
15624 122 8 0.953488 0.0697674
15625 122 9 0.953488 0.0775194
15626 122 10 0.953488 0.0852713
15627 122 11 0.953488 0.0930233
15628 122 12 0.953488 0.100775
15629 122 13 0.953488 0.108527
15630 122 14 0.953488 0.116279
15631 122 15 0.953488 0.124031
15632 122 16 0.953488 0.131783
15633 122 17 0.953488 0.139535
15634 122 18 0.953488 0.147287
15635 122 19 0.953488 0.155039
15636 122 20 0.953488 0.162791
15637 122 21 0.953488 0.170543
15638 122 22 0.953488 0.178295
15639 122 23 0.953488 0.186047
15640 122 24 0.953488 0.193798
15641 122 25 0.953488 0.20155
15642 122 26 0.953488 0.209302
15643 122 27 0.953488 0.217054
15644 122 28 0.953488 0.224806
15645 122 29 0.953488 0.232558
15646 122 30 0.953488 0.24031
15647 122 31 0.953488 0.248062
15648 122 32 0.953488 0.255814
15649 122 33 0.953488 0.263566
15650 122 34 0.953488 0.271318
15651 122 35 0.953488 0.27907
15652 122 36 0.953488 0.286822
15653 122 37 0.953488 0.294574
15654 122 38 0.953488 0.302326
15655 122 39 0.953488 0.310078
15656 122 40 0.953488 0.317829
15657 122 41 0.953488 0.325581
15658 122 42 0.953488 0.333333
15659 122 43 0.953488 0.341085
15660 122 44 0.953488 0.348837
15661 122 45 0.953488 0.356589
15662 122 46 0.953488 0.364341
15663 122 47 0.953488 0.372093
15664 122 48 0.953488 0.379845
15665 122 49 0.953488 0.387597
15666 122 50 0.953488 0.395349
15667 122 51 0.953488 0.403101
15668 122 52 0.953488 0.410853
15669 122 53 0.953488 0.418605
15670 122 54 0.953488 0.426357
15671 122 55 0.953488 0.434109
15672 122 56 0.953488 0.44186
15673 122 57 0.953488 0.449612
15674 122 58 0.953488 0.457364
15675 122 59 0.953488 0.465116
15676 122 60 0.953488 0.472868
15677 122 61 0.953488 0.48062
15678 122 62 0.953488 0.488372
15679 122 63 0.953488 0.496124
15680 122 64 0.953488 0.503876
15681 122 65 0.953488 0.511628
15682 122 66 0.953488 0.51938
15683 122 67 0.953488 0.527132
15684 122 68 0.953488 0.534884
15685 122 69 0.953488 0.542636
15686 122 70 0.953488 0.550388
15687 122 71 0.953488 0.55814
15688 122 72 0.953488 0.565891
15689 122 73 0.953488 0.573643
15690 122 74 0.953488 0.581395
15691 122 75 0.953488 0.589147
15692 122 76 0.953488 0.596899
15693 122 77 0.953488 0.604651
15694 122 78 0.953488 0.612403
15695 122 79 0.953488 0.620155
15696 122 80 0.953488 0.627907
15697 122 81 0.953488 0.635659
15698 122 82 0.953488 0.643411
15699 122 83 0.953488 0.651163
15700 122 84 0.953488 0.658915
15701 122 85 0.953488 0.666667
15702 122 86 0.953488 0.674419
15703 122 87 0.953488 0.682171
15704 122 88 0.953488 0.689922
15705 122 89 0.953488 0.697674
15706 122 90 0.953488 0.705426
15707 122 91 0.953488 0.713178
15708 122 92 0.953488 0.72093
15709 122 93 0.953488 0.728682
15710 122 94 0.953488 0.736434
15711 122 95 0.953488 0.744186
15712 122 96 0.953488 0.751938
15713 122 97 0.953488 0.75969
15714 122 98 0.953488 0.767442
15715 122 99 0.953488 0.775194
15716 122 100 0.953488 0.782946
15717 122 101 0.953488 0.790698
15718 122 102 0.953488 0.79845
15719 122 103 0.953488 0.806202
15720 122 104 0.953488 0.813953
15721 122 105 0.953488 0.821705
15722 122 106 0.953488 0.829457
15723 122 107 0.953488 0.837209
15724 122 108 0.953488 0.844961
15725 122 109 0.953488 0.852713
15726 122 110 0.953488 0.860465
15727 122 111 0.953488 0.868217
15728 122 112 0.953488 0.875969
15729 122 113 0.953488 0.883721
15730 122 114 0.953488 0.891473
15731 122 115 0.953488 0.899225
15732 122 116 0.953488 0.906977
15733 122 117 0.953488 0.914729
15734 122 118 0.953488 0.922481
15735 122 119 0.953488 0.930233
15736 122 120 0.953488 0.937984
15737 122 121 0.953488 0.945736
15738 122 122 0.953488 0.953488
15739 122 123 0.953488 0.96124
15740 122 124 0.953488 0.968992
15741 122 125 0.953488 0.976744
15742 122 126 0.953488 0.984496
15743 122 127 0.953488 0.992248
15744 123 0 0.96124 0.00775194
15745 123 1 0.96124 0.0155039
15746 123 2 0.96124 0.0232558
15747 123 3 0.96124 0.0310078
15748 123 4 0.96124 0.0387597
15749 123 5 0.96124 0.0465116
15750 123 6 0.96124 0.0542636
15751 123 7 0.96124 0.0620155
15752 123 8 0.96124 0.0697674
15753 123 9 0.96124 0.0775194
15754 123 10 0.96124 0.0852713
15755 123 11 0.96124 0.0930233
15756 123 12 0.96124 0.100775
15757 123 13 0.96124 0.108527
15758 123 14 0.96124 0.116279
15759 123 15 0.96124 0.124031
15760 123 16 0.96124 0.131783
15761 123 17 0.96124 0.139535
15762 123 18 0.96124 0.147287
15763 123 19 0.96124 0.155039
15764 123 20 0.96124 0.162791
15765 123 21 0.96124 0.170543
15766 123 22 0.96124 0.178295
15767 123 23 0.96124 0.186047
15768 123 24 0.96124 0.193798
15769 123 25 0.96124 0.20155
15770 123 26 0.96124 0.209302
15771 123 27 0.96124 0.217054
15772 123 28 0.96124 0.224806
15773 123 29 0.96124 0.232558
15774 123 30 0.96124 0.24031
15775 123 31 0.96124 0.248062
15776 123 32 0.96124 0.255814
15777 123 33 0.96124 0.263566
15778 123 34 0.96124 0.271318
15779 123 35 0.96124 0.27907
15780 123 36 0.96124 0.286822
15781 123 37 0.96124 0.294574
15782 123 38 0.96124 0.302326
15783 123 39 0.96124 0.310078
15784 123 40 0.96124 0.317829
15785 123 41 0.96124 0.325581
15786 123 42 0.96124 0.333333
15787 123 43 0.96124 0.341085
15788 123 44 0.96124 0.348837
15789 123 45 0.96124 0.356589
15790 123 46 0.96124 0.364341
15791 123 47 0.96124 0.372093
15792 123 48 0.96124 0.379845
15793 123 49 0.96124 0.387597
15794 123 50 0.96124 0.395349
15795 123 51 0.96124 0.403101
15796 123 52 0.96124 0.410853
15797 123 53 0.96124 0.418605
15798 123 54 0.96124 0.426357
15799 123 55 0.96124 0.434109
15800 123 56 0.96124 0.44186
15801 123 57 0.96124 0.449612
15802 123 58 0.96124 0.457364
15803 123 59 0.96124 0.465116
15804 123 60 0.96124 0.472868
15805 123 61 0.96124 0.48062
15806 123 62 0.96124 0.488372
15807 123 63 0.96124 0.496124
15808 123 64 0.96124 0.503876
15809 123 65 0.96124 0.511628
15810 123 66 0.96124 0.51938
15811 123 67 0.96124 0.527132
15812 123 68 0.96124 0.534884
15813 123 69 0.96124 0.542636
15814 123 70 0.96124 0.550388
15815 123 71 0.96124 0.55814
15816 123 72 0.96124 0.565891
15817 123 73 0.96124 0.573643
15818 123 74 0.96124 0.581395
15819 123 75 0.96124 0.589147
15820 123 76 0.96124 0.596899
15821 123 77 0.96124 0.604651
15822 123 78 0.96124 0.612403
15823 123 79 0.96124 0.620155
15824 123 80 0.96124 0.627907
15825 123 81 0.96124 0.635659
15826 123 82 0.96124 0.643411
15827 123 83 0.96124 0.651163
15828 123 84 0.96124 0.658915
15829 123 85 0.96124 0.666667
15830 123 86 0.96124 0.674419
15831 123 87 0.96124 0.682171
15832 123 88 0.96124 0.689922
15833 123 89 0.96124 0.697674
15834 123 90 0.96124 0.705426
15835 123 91 0.96124 0.713178
15836 123 92 0.96124 0.72093
15837 123 93 0.96124 0.728682
15838 123 94 0.96124 0.736434
15839 123 95 0.96124 0.744186
15840 123 96 0.96124 0.751938
15841 123 97 0.96124 0.75969
15842 123 98 0.96124 0.767442
15843 123 99 0.96124 0.775194
15844 123 100 0.96124 0.782946
15845 123 101 0.96124 0.790698
15846 123 102 0.96124 0.79845
15847 123 103 0.96124 0.806202
15848 123 104 0.96124 0.813953
15849 123 105 0.96124 0.821705
15850 123 106 0.96124 0.829457
15851 123 107 0.96124 0.837209
15852 123 108 0.96124 0.844961
15853 123 109 0.96124 0.852713
15854 123 110 0.96124 0.860465
15855 123 111 0.96124 0.868217
15856 123 112 0.96124 0.875969
15857 123 113 0.96124 0.883721
15858 123 114 0.96124 0.891473
15859 123 115 0.96124 0.899225
15860 123 116 0.96124 0.906977
15861 123 117 0.96124 0.914729
15862 123 118 0.96124 0.922481
15863 123 119 0.96124 0.930233
15864 123 120 0.96124 0.937984
15865 123 121 0.96124 0.945736
15866 123 122 0.96124 0.953488
15867 123 123 0.96124 0.96124
15868 123 124 0.96124 0.968992
15869 123 125 0.96124 0.976744
15870 123 126 0.96124 0.984496
15871 123 127 0.96124 0.992248
15872 124 0 0.968992 0.00775194
15873 124 1 0.968992 0.0155039
15874 124 2 0.968992 0.0232558
15875 124 3 0.968992 0.0310078
15876 124 4 0.968992 0.0387597
15877 124 5 0.968992 0.0465116
15878 124 6 0.968992 0.0542636
15879 124 7 0.968992 0.0620155
15880 124 8 0.968992 0.0697674
15881 124 9 0.968992 0.0775194
15882 124 10 0.968992 0.0852713
15883 124 11 0.968992 0.0930233
15884 124 12 0.968992 0.100775
15885 124 13 0.968992 0.108527
15886 124 14 0.968992 0.116279
15887 124 15 0.968992 0.124031
15888 124 16 0.968992 0.131783
15889 124 17 0.968992 0.139535
15890 124 18 0.968992 0.147287
15891 124 19 0.968992 0.155039
15892 124 20 0.968992 0.162791
15893 124 21 0.968992 0.170543
15894 124 22 0.968992 0.178295
15895 124 23 0.968992 0.186047
15896 124 24 0.968992 0.193798
15897 124 25 0.968992 0.20155
15898 124 26 0.968992 0.209302
15899 124 27 0.968992 0.217054
15900 124 28 0.968992 0.224806
15901 124 29 0.968992 0.232558
15902 124 30 0.968992 0.24031
15903 124 31 0.968992 0.248062
15904 124 32 0.968992 0.255814
15905 124 33 0.968992 0.263566
15906 124 34 0.968992 0.271318
15907 124 35 0.968992 0.27907
15908 124 36 0.968992 0.286822
15909 124 37 0.968992 0.294574
15910 124 38 0.968992 0.302326
15911 124 39 0.968992 0.310078
15912 124 40 0.968992 0.317829
15913 124 41 0.968992 0.325581
15914 124 42 0.968992 0.333333
15915 124 43 0.968992 0.341085
15916 124 44 0.968992 0.348837
15917 124 45 0.968992 0.356589
15918 124 46 0.968992 0.364341
15919 124 47 0.968992 0.372093
15920 124 48 0.968992 0.379845
15921 124 49 0.968992 0.387597
15922 124 50 0.968992 0.395349
15923 124 51 0.968992 0.403101
15924 124 52 0.968992 0.410853
15925 124 53 0.968992 0.418605
15926 124 54 0.968992 0.426357
15927 124 55 0.968992 0.434109
15928 124 56 0.968992 0.44186
15929 124 57 0.968992 0.449612
15930 124 58 0.968992 0.457364
15931 124 59 0.968992 0.465116
15932 124 60 0.968992 0.472868
15933 124 61 0.968992 0.48062
15934 124 62 0.968992 0.488372
15935 124 63 0.968992 0.496124
15936 124 64 0.968992 0.503876
15937 124 65 0.968992 0.511628
15938 124 66 0.968992 0.51938
15939 124 67 0.968992 0.527132
15940 124 68 0.968992 0.534884
15941 124 69 0.968992 0.542636
15942 124 70 0.968992 0.550388
15943 124 71 0.968992 0.55814
15944 124 72 0.968992 0.565891
15945 124 73 0.968992 0.573643
15946 124 74 0.968992 0.581395
15947 124 75 0.968992 0.589147
15948 124 76 0.968992 0.596899
15949 124 77 0.968992 0.604651
15950 124 78 0.968992 0.612403
15951 124 79 0.968992 0.620155
15952 124 80 0.968992 0.627907
15953 124 81 0.968992 0.635659
15954 124 82 0.968992 0.643411
15955 124 83 0.968992 0.651163
15956 124 84 0.968992 0.658915
15957 124 85 0.968992 0.666667
15958 124 86 0.968992 0.674419
15959 124 87 0.968992 0.682171
15960 124 88 0.968992 0.689922
15961 124 89 0.968992 0.697674
15962 124 90 0.968992 0.705426
15963 124 91 0.968992 0.713178
15964 124 92 0.968992 0.72093
15965 124 93 0.968992 0.728682
15966 124 94 0.968992 0.736434
15967 124 95 0.968992 0.744186
15968 124 96 0.968992 0.751938
15969 124 97 0.968992 0.75969
15970 124 98 0.968992 0.767442
15971 124 99 0.968992 0.775194
15972 124 100 0.968992 0.782946
15973 124 101 0.968992 0.790698
15974 124 102 0.968992 0.79845
15975 124 103 0.968992 0.806202
15976 124 104 0.968992 0.813953
15977 124 105 0.968992 0.821705
15978 124 106 0.968992 0.829457
15979 124 107 0.968992 0.837209
15980 124 108 0.968992 0.844961
15981 124 109 0.968992 0.852713
15982 124 110 0.968992 0.860465
15983 124 111 0.968992 0.868217
15984 124 112 0.968992 0.875969
15985 124 113 0.968992 0.883721
15986 124 114 0.968992 0.891473
15987 124 115 0.968992 0.899225
15988 124 116 0.968992 0.906977
15989 124 117 0.968992 0.914729
15990 124 118 0.968992 0.922481
15991 124 119 0.968992 0.930233
15992 124 120 0.968992 0.937984
15993 124 121 0.968992 0.945736
15994 124 122 0.968992 0.953488
15995 124 123 0.968992 0.96124
15996 124 124 0.968992 0.968992
15997 124 125 0.968992 0.976744
15998 124 126 0.968992 0.984496
15999 124 127 0.968992 0.992248
16000 125 0 0.976744 0.00775194
16001 125 1 0.976744 0.0155039
16002 125 2 0.976744 0.0232558
16003 125 3 0.976744 0.0310078
16004 125 4 0.976744 0.0387597
16005 125 5 0.976744 0.0465116
16006 125 6 0.976744 0.0542636
16007 125 7 0.976744 0.0620155
16008 125 8 0.976744 0.0697674
16009 125 9 0.976744 0.0775194
16010 125 10 0.976744 0.0852713
16011 125 11 0.976744 0.0930233
16012 125 12 0.976744 0.100775
16013 125 13 0.976744 0.108527
16014 125 14 0.976744 0.116279
16015 125 15 0.976744 0.124031
16016 125 16 0.976744 0.131783
16017 125 17 0.976744 0.139535
16018 125 18 0.976744 0.147287
16019 125 19 0.976744 0.155039
16020 125 20 0.976744 0.162791
16021 125 21 0.976744 0.170543
16022 125 22 0.976744 0.178295
16023 125 23 0.976744 0.186047
16024 125 24 0.976744 0.193798
16025 125 25 0.976744 0.20155
16026 125 26 0.976744 0.209302
16027 125 27 0.976744 0.217054
16028 125 28 0.976744 0.224806
16029 125 29 0.976744 0.232558
16030 125 30 0.976744 0.24031
16031 125 31 0.976744 0.248062
16032 125 32 0.976744 0.255814
16033 125 33 0.976744 0.263566
16034 125 34 0.976744 0.271318
16035 125 35 0.976744 0.27907
16036 125 36 0.976744 0.286822
16037 125 37 0.976744 0.294574
16038 125 38 0.976744 0.302326
16039 125 39 0.976744 0.310078
16040 125 40 0.976744 0.317829
16041 125 41 0.976744 0.325581
16042 125 42 0.976744 0.333333
16043 125 43 0.976744 0.341085
16044 125 44 0.976744 0.348837
16045 125 45 0.976744 0.356589
16046 125 46 0.976744 0.364341
16047 125 47 0.976744 0.372093
16048 125 48 0.976744 0.379845
16049 125 49 0.976744 0.387597
16050 125 50 0.976744 0.395349
16051 125 51 0.976744 0.403101
16052 125 52 0.976744 0.410853
16053 125 53 0.976744 0.418605
16054 125 54 0.976744 0.426357
16055 125 55 0.976744 0.434109
16056 125 56 0.976744 0.44186
16057 125 57 0.976744 0.449612
16058 125 58 0.976744 0.457364
16059 125 59 0.976744 0.465116
16060 125 60 0.976744 0.472868
16061 125 61 0.976744 0.48062
16062 125 62 0.976744 0.488372
16063 125 63 0.976744 0.496124
16064 125 64 0.976744 0.503876
16065 125 65 0.976744 0.511628
16066 125 66 0.976744 0.51938
16067 125 67 0.976744 0.527132
16068 125 68 0.976744 0.534884
16069 125 69 0.976744 0.542636
16070 125 70 0.976744 0.550388
16071 125 71 0.976744 0.55814
16072 125 72 0.976744 0.565891
16073 125 73 0.976744 0.573643
16074 125 74 0.976744 0.581395
16075 125 75 0.976744 0.589147
16076 125 76 0.976744 0.596899
16077 125 77 0.976744 0.604651
16078 125 78 0.976744 0.612403
16079 125 79 0.976744 0.620155
16080 125 80 0.976744 0.627907
16081 125 81 0.976744 0.635659
16082 125 82 0.976744 0.643411
16083 125 83 0.976744 0.651163
16084 125 84 0.976744 0.658915
16085 125 85 0.976744 0.666667
16086 125 86 0.976744 0.674419
16087 125 87 0.976744 0.682171
16088 125 88 0.976744 0.689922
16089 125 89 0.976744 0.697674
16090 125 90 0.976744 0.705426
16091 125 91 0.976744 0.713178
16092 125 92 0.976744 0.72093
16093 125 93 0.976744 0.728682
16094 125 94 0.976744 0.736434
16095 125 95 0.976744 0.744186
16096 125 96 0.976744 0.751938
16097 125 97 0.976744 0.75969
16098 125 98 0.976744 0.767442
16099 125 99 0.976744 0.775194
16100 125 100 0.976744 0.782946
16101 125 101 0.976744 0.790698
16102 125 102 0.976744 0.79845
16103 125 103 0.976744 0.806202
16104 125 104 0.976744 0.813953
16105 125 105 0.976744 0.821705
16106 125 106 0.976744 0.829457
16107 125 107 0.976744 0.837209
16108 125 108 0.976744 0.844961
16109 125 109 0.976744 0.852713
16110 125 110 0.976744 0.860465
16111 125 111 0.976744 0.868217
16112 125 112 0.976744 0.875969
16113 125 113 0.976744 0.883721
16114 125 114 0.976744 0.891473
16115 125 115 0.976744 0.899225
16116 125 116 0.976744 0.906977
16117 125 117 0.976744 0.914729
16118 125 118 0.976744 0.922481
16119 125 119 0.976744 0.930233
16120 125 120 0.976744 0.937984
16121 125 121 0.976744 0.945736
16122 125 122 0.976744 0.953488
16123 125 123 0.976744 0.96124
16124 125 124 0.976744 0.968992
16125 125 125 0.976744 0.976744
16126 125 126 0.976744 0.984496
16127 125 127 0.976744 0.992248
16128 126 0 0.984496 0.00775194
16129 126 1 0.984496 0.0155039
16130 126 2 0.984496 0.0232558
16131 126 3 0.984496 0.0310078
16132 126 4 0.984496 0.0387597
16133 126 5 0.984496 0.0465116
16134 126 6 0.984496 0.0542636
16135 126 7 0.984496 0.0620155
16136 126 8 0.984496 0.0697674
16137 126 9 0.984496 0.0775194
16138 126 10 0.984496 0.0852713
16139 126 11 0.984496 0.0930233
16140 126 12 0.984496 0.100775
16141 126 13 0.984496 0.108527
16142 126 14 0.984496 0.116279
16143 126 15 0.984496 0.124031
16144 126 16 0.984496 0.131783
16145 126 17 0.984496 0.139535
16146 126 18 0.984496 0.147287
16147 126 19 0.984496 0.155039
16148 126 20 0.984496 0.162791
16149 126 21 0.984496 0.170543
16150 126 22 0.984496 0.178295
16151 126 23 0.984496 0.186047
16152 126 24 0.984496 0.193798
16153 126 25 0.984496 0.20155
16154 126 26 0.984496 0.209302
16155 126 27 0.984496 0.217054
16156 126 28 0.984496 0.224806
16157 126 29 0.984496 0.232558
16158 126 30 0.984496 0.24031
16159 126 31 0.984496 0.248062
16160 126 32 0.984496 0.255814
16161 126 33 0.984496 0.263566
16162 126 34 0.984496 0.271318
16163 126 35 0.984496 0.27907
16164 126 36 0.984496 0.286822
16165 126 37 0.984496 0.294574
16166 126 38 0.984496 0.302326
16167 126 39 0.984496 0.310078
16168 126 40 0.984496 0.317829
16169 126 41 0.984496 0.325581
16170 126 42 0.984496 0.333333
16171 126 43 0.984496 0.341085
16172 126 44 0.984496 0.348837
16173 126 45 0.984496 0.356589
16174 126 46 0.984496 0.364341
16175 126 47 0.984496 0.372093
16176 126 48 0.984496 0.379845
16177 126 49 0.984496 0.387597
16178 126 50 0.984496 0.395349
16179 126 51 0.984496 0.403101
16180 126 52 0.984496 0.410853
16181 126 53 0.984496 0.418605
16182 126 54 0.984496 0.426357
16183 126 55 0.984496 0.434109
16184 126 56 0.984496 0.44186
16185 126 57 0.984496 0.449612
16186 126 58 0.984496 0.457364
16187 126 59 0.984496 0.465116
16188 126 60 0.984496 0.472868
16189 126 61 0.984496 0.48062
16190 126 62 0.984496 0.488372
16191 126 63 0.984496 0.496124
16192 126 64 0.984496 0.503876
16193 126 65 0.984496 0.511628
16194 126 66 0.984496 0.51938
16195 126 67 0.984496 0.527132
16196 126 68 0.984496 0.534884
16197 126 69 0.984496 0.542636
16198 126 70 0.984496 0.550388
16199 126 71 0.984496 0.55814
16200 126 72 0.984496 0.565891
16201 126 73 0.984496 0.573643
16202 126 74 0.984496 0.581395
16203 126 75 0.984496 0.589147
16204 126 76 0.984496 0.596899
16205 126 77 0.984496 0.604651
16206 126 78 0.984496 0.612403
16207 126 79 0.984496 0.620155
16208 126 80 0.984496 0.627907
16209 126 81 0.984496 0.635659
16210 126 82 0.984496 0.643411
16211 126 83 0.984496 0.651163
16212 126 84 0.984496 0.658915
16213 126 85 0.984496 0.666667
16214 126 86 0.984496 0.674419
16215 126 87 0.984496 0.682171
16216 126 88 0.984496 0.689922
16217 126 89 0.984496 0.697674
16218 126 90 0.984496 0.705426
16219 126 91 0.984496 0.713178
16220 126 92 0.984496 0.72093
16221 126 93 0.984496 0.728682
16222 126 94 0.984496 0.736434
16223 126 95 0.984496 0.744186
16224 126 96 0.984496 0.751938
16225 126 97 0.984496 0.75969
16226 126 98 0.984496 0.767442
16227 126 99 0.984496 0.775194
16228 126 100 0.984496 0.782946
16229 126 101 0.984496 0.790698
16230 126 102 0.984496 0.79845
16231 126 103 0.984496 0.806202
16232 126 104 0.984496 0.813953
16233 126 105 0.984496 0.821705
16234 126 106 0.984496 0.829457
16235 126 107 0.984496 0.837209
16236 126 108 0.984496 0.844961
16237 126 109 0.984496 0.852713
16238 126 110 0.984496 0.860465
16239 126 111 0.984496 0.868217
16240 126 112 0.984496 0.875969
16241 126 113 0.984496 0.883721
16242 126 114 0.984496 0.891473
16243 126 115 0.984496 0.899225
16244 126 116 0.984496 0.906977
16245 126 117 0.984496 0.914729
16246 126 118 0.984496 0.922481
16247 126 119 0.984496 0.930233
16248 126 120 0.984496 0.937984
16249 126 121 0.984496 0.945736
16250 126 122 0.984496 0.953488
16251 126 123 0.984496 0.96124
16252 126 124 0.984496 0.968992
16253 126 125 0.984496 0.976744
16254 126 126 0.984496 0.984496
16255 126 127 0.984496 0.992248
16256 127 0 0.992248 0.00775194
16257 127 1 0.992248 0.0155039
16258 127 2 0.992248 0.0232558
16259 127 3 0.992248 0.0310078
16260 127 4 0.992248 0.0387597
16261 127 5 0.992248 0.0465116
16262 127 6 0.992248 0.0542636
16263 127 7 0.992248 0.0620155
16264 127 8 0.992248 0.0697674
16265 127 9 0.992248 0.0775194
16266 127 10 0.992248 0.0852713
16267 127 11 0.992248 0.0930233
16268 127 12 0.992248 0.100775
16269 127 13 0.992248 0.108527
16270 127 14 0.992248 0.116279
16271 127 15 0.992248 0.124031
16272 127 16 0.992248 0.131783
16273 127 17 0.992248 0.139535
16274 127 18 0.992248 0.147287
16275 127 19 0.992248 0.155039
16276 127 20 0.992248 0.162791
16277 127 21 0.992248 0.170543
16278 127 22 0.992248 0.178295
16279 127 23 0.992248 0.186047
16280 127 24 0.992248 0.193798
16281 127 25 0.992248 0.20155
16282 127 26 0.992248 0.209302
16283 127 27 0.992248 0.217054
16284 127 28 0.992248 0.224806
16285 127 29 0.992248 0.232558
16286 127 30 0.992248 0.24031
16287 127 31 0.992248 0.248062
16288 127 32 0.992248 0.255814
16289 127 33 0.992248 0.263566
16290 127 34 0.992248 0.271318
16291 127 35 0.992248 0.27907
16292 127 36 0.992248 0.286822
16293 127 37 0.992248 0.294574
16294 127 38 0.992248 0.302326
16295 127 39 0.992248 0.310078
16296 127 40 0.992248 0.317829
16297 127 41 0.992248 0.325581
16298 127 42 0.992248 0.333333
16299 127 43 0.992248 0.341085
16300 127 44 0.992248 0.348837
16301 127 45 0.992248 0.356589
16302 127 46 0.992248 0.364341
16303 127 47 0.992248 0.372093
16304 127 48 0.992248 0.379845
16305 127 49 0.992248 0.387597
16306 127 50 0.992248 0.395349
16307 127 51 0.992248 0.403101
16308 127 52 0.992248 0.410853
16309 127 53 0.992248 0.418605
16310 127 54 0.992248 0.426357
16311 127 55 0.992248 0.434109
16312 127 56 0.992248 0.44186
16313 127 57 0.992248 0.449612
16314 127 58 0.992248 0.457364
16315 127 59 0.992248 0.465116
16316 127 60 0.992248 0.472868
16317 127 61 0.992248 0.48062
16318 127 62 0.992248 0.488372
16319 127 63 0.992248 0.496124
16320 127 64 0.992248 0.503876
16321 127 65 0.992248 0.511628
16322 127 66 0.992248 0.51938
16323 127 67 0.992248 0.527132
16324 127 68 0.992248 0.534884
16325 127 69 0.992248 0.542636
16326 127 70 0.992248 0.550388
16327 127 71 0.992248 0.55814
16328 127 72 0.992248 0.565891
16329 127 73 0.992248 0.573643
16330 127 74 0.992248 0.581395
16331 127 75 0.992248 0.589147
16332 127 76 0.992248 0.596899
16333 127 77 0.992248 0.604651
16334 127 78 0.992248 0.612403
16335 127 79 0.992248 0.620155
16336 127 80 0.992248 0.627907
16337 127 81 0.992248 0.635659
16338 127 82 0.992248 0.643411
16339 127 83 0.992248 0.651163
16340 127 84 0.992248 0.658915
16341 127 85 0.992248 0.666667
16342 127 86 0.992248 0.674419
16343 127 87 0.992248 0.682171
16344 127 88 0.992248 0.689922
16345 127 89 0.992248 0.697674
16346 127 90 0.992248 0.705426
16347 127 91 0.992248 0.713178
16348 127 92 0.992248 0.72093
16349 127 93 0.992248 0.728682
16350 127 94 0.992248 0.736434
16351 127 95 0.992248 0.744186
16352 127 96 0.992248 0.751938
16353 127 97 0.992248 0.75969
16354 127 98 0.992248 0.767442
16355 127 99 0.992248 0.775194
16356 127 100 0.992248 0.782946
16357 127 101 0.992248 0.790698
16358 127 102 0.992248 0.79845
16359 127 103 0.992248 0.806202
16360 127 104 0.992248 0.813953
16361 127 105 0.992248 0.821705
16362 127 106 0.992248 0.829457
16363 127 107 0.992248 0.837209
16364 127 108 0.992248 0.844961
16365 127 109 0.992248 0.852713
16366 127 110 0.992248 0.860465
16367 127 111 0.992248 0.868217
16368 127 112 0.992248 0.875969
16369 127 113 0.992248 0.883721
16370 127 114 0.992248 0.891473
16371 127 115 0.992248 0.899225
16372 127 116 0.992248 0.906977
16373 127 117 0.992248 0.914729
16374 127 118 0.992248 0.922481
16375 127 119 0.992248 0.930233
16376 127 120 0.992248 0.937984
16377 127 121 0.992248 0.945736
16378 127 122 0.992248 0.953488
16379 127 123 0.992248 0.96124
16380 127 124 0.992248 0.968992
16381 127 125 0.992248 0.976744
16382 127 126 0.992248 0.984496
16383 127 127 0.992248 0.992248
