0 0
1 1
2 128
3 129
4 3
5 131
6 2
7 130
8 384
9 385
10 387
11 386
12 256
13 257
14 258
15 259
16 5
17 133
18 7
19 135
20 6
21 134
22 389
23 391
24 390
25 261
26 262
27 263
28 4
29 132
30 260
31 388
32 640
33 641
34 643
35 642
36 896
37 897
38 899
39 898
40 768
41 769
42 770
43 771
44 645
45 647
46 646
47 901
48 903
49 902
50 773
51 774
52 775
53 644
54 772
55 900
56 512
57 513
58 514
59 515
60 516
61 517
62 518
63 519
64 9
65 137
66 11
67 139
68 10
69 138
70 393
71 395
72 394
73 265
74 266
75 267
76 13
77 141
78 15
79 143
80 14
81 142
82 397
83 399
84 398
85 269
86 270
87 271
88 12
89 140
90 268
91 396
92 649
93 651
94 650
95 905
96 907
97 906
98 777
99 778
100 779
101 653
102 655
103 654
104 909
105 911
106 910
107 781
108 782
109 783
110 652
111 780
112 908
113 521
114 522
115 523
116 524
117 525
118 526
119 527
120 8
121 136
122 264
123 392
124 520
125 648
126 776
127 904
128 1152
129 1153
130 1155
131 1154
132 1408
133 1409
134 1411
135 1410
136 1280
137 1281
138 1282
139 1283
140 1157
141 1159
142 1158
143 1413
144 1415
145 1414
146 1285
147 1286
148 1287
149 1156
150 1284
151 1412
152 1664
153 1665
154 1667
155 1666
156 1920
157 1921
158 1923
159 1922
160 1792
161 1793
162 1794
163 1795
164 1669
165 1671
166 1670
167 1925
168 1927
169 1926
170 1797
171 1798
172 1799
173 1668
174 1796
175 1924
176 1536
177 1537
178 1538
179 1539
180 1540
181 1541
182 1542
183 1543
184 1161
185 1163
186 1162
187 1417
188 1419
189 1418
190 1289
191 1290
192 1291
193 1165
194 1167
195 1166
196 1421
197 1423
198 1422
199 1293
200 1294
201 1295
202 1164
203 1292
204 1420
205 1673
206 1675
207 1674
208 1929
209 1931
210 1930
211 1801
212 1802
213 1803
214 1677
215 1679
216 1678
217 1933
218 1935
219 1934
220 1805
221 1806
222 1807
223 1676
224 1804
225 1932
226 1545
227 1546
228 1547
229 1548
230 1549
231 1550
232 1551
233 1160
234 1288
235 1416
236 1544
237 1672
238 1800
239 1928
240 1024
241 1025
242 1026
243 1027
244 1028
245 1029
246 1030
247 1031
248 1032
249 1033
250 1034
251 1035
252 1036
253 1037
254 1038
255 1039
256 17
257 145
258 19
259 147
260 18
261 146
262 401
263 403
264 402
265 273
266 274
267 275
268 21
269 149
270 23
271 151
272 22
273 150
274 405
275 407
276 406
277 277
278 278
279 279
280 20
281 148
282 276
283 404
284 657
285 659
286 658
287 913
288 915
289 914
290 785
291 786
292 787
293 661
294 663
295 662
296 917
297 919
298 918
299 789
300 790
301 791
302 660
303 788
304 916
305 529
306 530
307 531
308 532
309 533
310 534
311 535
312 25
313 153
314 27
315 155
316 26
317 154
318 409
319 411
320 410
321 281
322 282
323 283
324 29
325 157
326 31
327 159
328 30
329 158
330 413
331 415
332 414
333 285
334 286
335 287
336 28
337 156
338 284
339 412
340 665
341 667
342 666
343 921
344 923
345 922
346 793
347 794
348 795
349 669
350 671
351 670
352 925
353 927
354 926
355 797
356 798
357 799
358 668
359 796
360 924
361 537
362 538
363 539
364 540
365 541
366 542
367 543
368 24
369 152
370 280
371 408
372 536
373 664
374 792
375 920
376 1169
377 1171
378 1170
379 1425
380 1427
381 1426
382 1297
383 1298
384 1299
385 1173
386 1175
387 1174
388 1429
389 1431
390 1430
391 1301
392 1302
393 1303
394 1172
395 1300
396 1428
397 1681
398 1683
399 1682
400 1937
401 1939
402 1938
403 1809
404 1810
405 1811
406 1685
407 1687
408 1686
409 1941
410 1943
411 1942
412 1813
413 1814
414 1815
415 1684
416 1812
417 1940
418 1553
419 1554
420 1555
421 1556
422 1557
423 1558
424 1559
425 1177
426 1179
427 1178
428 1433
429 1435
430 1434
431 1305
432 1306
433 1307
434 1181
435 1183
436 1182
437 1437
438 1439
439 1438
440 1309
441 1310
442 1311
443 1180
444 1308
445 1436
446 1689
447 1691
448 1690
449 1945
450 1947
451 1946
452 1817
453 1818
454 1819
455 1693
456 1695
457 1694
458 1949
459 1951
460 1950
461 1821
462 1822
463 1823
464 1692
465 1820
466 1948
467 1561
468 1562
469 1563
470 1564
471 1565
472 1566
473 1567
474 1176
475 1304
476 1432
477 1560
478 1688
479 1816
480 1944
481 1041
482 1042
483 1043
484 1044
485 1045
486 1046
487 1047
488 1048
489 1049
490 1050
491 1051
492 1052
493 1053
494 1054
495 1055
496 16
497 144
498 272
499 400
500 528
501 656
502 784
503 912
504 1040
505 1168
506 1296
507 1424
508 1552
509 1680
510 1808
511 1936
512 2176
513 2177
514 2179
515 2178
516 2432
517 2433
518 2435
519 2434
520 2304
521 2305
522 2306
523 2307
524 2181
525 2183
526 2182
527 2437
528 2439
529 2438
530 2309
531 2310
532 2311
533 2180
534 2308
535 2436
536 2688
537 2689
538 2691
539 2690
540 2944
541 2945
542 2947
543 2946
544 2816
545 2817
546 2818
547 2819
548 2693
549 2695
550 2694
551 2949
552 2951
553 2950
554 2821
555 2822
556 2823
557 2692
558 2820
559 2948
560 2560
561 2561
562 2562
563 2563
564 2564
565 2565
566 2566
567 2567
568 2185
569 2187
570 2186
571 2441
572 2443
573 2442
574 2313
575 2314
576 2315
577 2189
578 2191
579 2190
580 2445
581 2447
582 2446
583 2317
584 2318
585 2319
586 2188
587 2316
588 2444
589 2697
590 2699
591 2698
592 2953
593 2955
594 2954
595 2825
596 2826
597 2827
598 2701
599 2703
600 2702
601 2957
602 2959
603 2958
604 2829
605 2830
606 2831
607 2700
608 2828
609 2956
610 2569
611 2570
612 2571
613 2572
614 2573
615 2574
616 2575
617 2184
618 2312
619 2440
620 2568
621 2696
622 2824
623 2952
624 3200
625 3201
626 3203
627 3202
628 3456
629 3457
630 3459
631 3458
632 3328
633 3329
634 3330
635 3331
636 3205
637 3207
638 3206
639 3461
640 3463
641 3462
642 3333
643 3334
644 3335
645 3204
646 3332
647 3460
648 3712
649 3713
650 3715
651 3714
652 3968
653 3969
654 3971
655 3970
656 3840
657 3841
658 3842
659 3843
660 3717
661 3719
662 3718
663 3973
664 3975
665 3974
666 3845
667 3846
668 3847
669 3716
670 3844
671 3972
672 3584
673 3585
674 3586
675 3587
676 3588
677 3589
678 3590
679 3591
680 3209
681 3211
682 3210
683 3465
684 3467
685 3466
686 3337
687 3338
688 3339
689 3213
690 3215
691 3214
692 3469
693 3471
694 3470
695 3341
696 3342
697 3343
698 3212
699 3340
700 3468
701 3721
702 3723
703 3722
704 3977
705 3979
706 3978
707 3849
708 3850
709 3851
710 3725
711 3727
712 3726
713 3981
714 3983
715 3982
716 3853
717 3854
718 3855
719 3724
720 3852
721 3980
722 3593
723 3594
724 3595
725 3596
726 3597
727 3598
728 3599
729 3208
730 3336
731 3464
732 3592
733 3720
734 3848
735 3976
736 3072
737 3073
738 3074
739 3075
740 3076
741 3077
742 3078
743 3079
744 3080
745 3081
746 3082
747 3083
748 3084
749 3085
750 3086
751 3087
752 2193
753 2195
754 2194
755 2449
756 2451
757 2450
758 2321
759 2322
760 2323
761 2197
762 2199
763 2198
764 2453
765 2455
766 2454
767 2325
768 2326
769 2327
770 2196
771 2324
772 2452
773 2705
774 2707
775 2706
776 2961
777 2963
778 2962
779 2833
780 2834
781 2835
782 2709
783 2711
784 2710
785 2965
786 2967
787 2966
788 2837
789 2838
790 2839
791 2708
792 2836
793 2964
794 2577
795 2578
796 2579
797 2580
798 2581
799 2582
800 2583
801 2201
802 2203
803 2202
804 2457
805 2459
806 2458
807 2329
808 2330
809 2331
810 2205
811 2207
812 2206
813 2461
814 2463
815 2462
816 2333
817 2334
818 2335
819 2204
820 2332
821 2460
822 2713
823 2715
824 2714
825 2969
826 2971
827 2970
828 2841
829 2842
830 2843
831 2717
832 2719
833 2718
834 2973
835 2975
836 2974
837 2845
838 2846
839 2847
840 2716
841 2844
842 2972
843 2585
844 2586
845 2587
846 2588
847 2589
848 2590
849 2591
850 2200
851 2328
852 2456
853 2584
854 2712
855 2840
856 2968
857 3217
858 3219
859 3218
860 3473
861 3475
862 3474
863 3345
864 3346
865 3347
866 3221
867 3223
868 3222
869 3477
870 3479
871 3478
872 3349
873 3350
874 3351
875 3220
876 3348
877 3476
878 3729
879 3731
880 3730
881 3985
882 3987
883 3986
884 3857
885 3858
886 3859
887 3733
888 3735
889 3734
890 3989
891 3991
892 3990
893 3861
894 3862
895 3863
896 3732
897 3860
898 3988
899 3601
900 3602
901 3603
902 3604
903 3605
904 3606
905 3607
906 3225
907 3227
908 3226
909 3481
910 3483
911 3482
912 3353
913 3354
914 3355
915 3229
916 3231
917 3230
918 3485
919 3487
920 3486
921 3357
922 3358
923 3359
924 3228
925 3356
926 3484
927 3737
928 3739
929 3738
930 3993
931 3995
932 3994
933 3865
934 3866
935 3867
936 3741
937 3743
938 3742
939 3997
940 3999
941 3998
942 3869
943 3870
944 3871
945 3740
946 3868
947 3996
948 3609
949 3610
950 3611
951 3612
952 3613
953 3614
954 3615
955 3224
956 3352
957 3480
958 3608
959 3736
960 3864
961 3992
962 3089
963 3090
964 3091
965 3092
966 3093
967 3094
968 3095
969 3096
970 3097
971 3098
972 3099
973 3100
974 3101
975 3102
976 3103
977 2192
978 2320
979 2448
980 2576
981 2704
982 2832
983 2960
984 3088
985 3216
986 3344
987 3472
988 3600
989 3728
990 3856
991 3984
992 2048
993 2049
994 2050
995 2051
996 2052
997 2053
998 2054
999 2055
1000 2056
1001 2057
1002 2058
1003 2059
1004 2060
1005 2061
1006 2062
1007 2063
1008 2064
1009 2065
1010 2066
1011 2067
1012 2068
1013 2069
1014 2070
1015 2071
1016 2072
1017 2073
1018 2074
1019 2075
1020 2076
1021 2077
1022 2078
1023 2079
1024 33
1025 161
1026 35
1027 163
1028 34
1029 162
1030 417
1031 419
1032 418
1033 289
1034 290
1035 291
1036 37
1037 165
1038 39
1039 167
1040 38
1041 166
1042 421
1043 423
1044 422
1045 293
1046 294
1047 295
1048 36
1049 164
1050 292
1051 420
1052 673
1053 675
1054 674
1055 929
1056 931
1057 930
1058 801
1059 802
1060 803
1061 677
1062 679
1063 678
1064 933
1065 935
1066 934
1067 805
1068 806
1069 807
1070 676
1071 804
1072 932
1073 545
1074 546
1075 547
1076 548
1077 549
1078 550
1079 551
1080 41
1081 169
1082 43
1083 171
1084 42
1085 170
1086 425
1087 427
1088 426
1089 297
1090 298
1091 299
1092 45
1093 173
1094 47
1095 175
1096 46
1097 174
1098 429
1099 431
1100 430
1101 301
1102 302
1103 303
1104 44
1105 172
1106 300
1107 428
1108 681
1109 683
1110 682
1111 937
1112 939
1113 938
1114 809
1115 810
1116 811
1117 685
1118 687
1119 686
1120 941
1121 943
1122 942
1123 813
1124 814
1125 815
1126 684
1127 812
1128 940
1129 553
1130 554
1131 555
1132 556
1133 557
1134 558
1135 559
1136 40
1137 168
1138 296
1139 424
1140 552
1141 680
1142 808
1143 936
1144 1185
1145 1187
1146 1186
1147 1441
1148 1443
1149 1442
1150 1313
1151 1314
1152 1315
1153 1189
1154 1191
1155 1190
1156 1445
1157 1447
1158 1446
1159 1317
1160 1318
1161 1319
1162 1188
1163 1316
1164 1444
1165 1697
1166 1699
1167 1698
1168 1953
1169 1955
1170 1954
1171 1825
1172 1826
1173 1827
1174 1701
1175 1703
1176 1702
1177 1957
1178 1959
1179 1958
1180 1829
1181 1830
1182 1831
1183 1700
1184 1828
1185 1956
1186 1569
1187 1570
1188 1571
1189 1572
1190 1573
1191 1574
1192 1575
1193 1193
1194 1195
1195 1194
1196 1449
1197 1451
1198 1450
1199 1321
1200 1322
1201 1323
1202 1197
1203 1199
1204 1198
1205 1453
1206 1455
1207 1454
1208 1325
1209 1326
1210 1327
1211 1196
1212 1324
1213 1452
1214 1705
1215 1707
1216 1706
1217 1961
1218 1963
1219 1962
1220 1833
1221 1834
1222 1835
1223 1709
1224 1711
1225 1710
1226 1965
1227 1967
1228 1966
1229 1837
1230 1838
1231 1839
1232 1708
1233 1836
1234 1964
1235 1577
1236 1578
1237 1579
1238 1580
1239 1581
1240 1582
1241 1583
1242 1192
1243 1320
1244 1448
1245 1576
1246 1704
1247 1832
1248 1960
1249 1057
1250 1058
1251 1059
1252 1060
1253 1061
1254 1062
1255 1063
1256 1064
1257 1065
1258 1066
1259 1067
1260 1068
1261 1069
1262 1070
1263 1071
1264 49
1265 177
1266 51
1267 179
1268 50
1269 178
1270 433
1271 435
1272 434
1273 305
1274 306
1275 307
1276 53
1277 181
1278 55
1279 183
1280 54
1281 182
1282 437
1283 439
1284 438
1285 309
1286 310
1287 311
1288 52
1289 180
1290 308
1291 436
1292 689
1293 691
1294 690
1295 945
1296 947
1297 946
1298 817
1299 818
1300 819
1301 693
1302 695
1303 694
1304 949
1305 951
1306 950
1307 821
1308 822
1309 823
1310 692
1311 820
1312 948
1313 561
1314 562
1315 563
1316 564
1317 565
1318 566
1319 567
1320 57
1321 185
1322 59
1323 187
1324 58
1325 186
1326 441
1327 443
1328 442
1329 313
1330 314
1331 315
1332 61
1333 189
1334 63
1335 191
1336 62
1337 190
1338 445
1339 447
1340 446
1341 317
1342 318
1343 319
1344 60
1345 188
1346 316
1347 444
1348 697
1349 699
1350 698
1351 953
1352 955
1353 954
1354 825
1355 826
1356 827
1357 701
1358 703
1359 702
1360 957
1361 959
1362 958
1363 829
1364 830
1365 831
1366 700
1367 828
1368 956
1369 569
1370 570
1371 571
1372 572
1373 573
1374 574
1375 575
1376 56
1377 184
1378 312
1379 440
1380 568
1381 696
1382 824
1383 952
1384 1201
1385 1203
1386 1202
1387 1457
1388 1459
1389 1458
1390 1329
1391 1330
1392 1331
1393 1205
1394 1207
1395 1206
1396 1461
1397 1463
1398 1462
1399 1333
1400 1334
1401 1335
1402 1204
1403 1332
1404 1460
1405 1713
1406 1715
1407 1714
1408 1969
1409 1971
1410 1970
1411 1841
1412 1842
1413 1843
1414 1717
1415 1719
1416 1718
1417 1973
1418 1975
1419 1974
1420 1845
1421 1846
1422 1847
1423 1716
1424 1844
1425 1972
1426 1585
1427 1586
1428 1587
1429 1588
1430 1589
1431 1590
1432 1591
1433 1209
1434 1211
1435 1210
1436 1465
1437 1467
1438 1466
1439 1337
1440 1338
1441 1339
1442 1213
1443 1215
1444 1214
1445 1469
1446 1471
1447 1470
1448 1341
1449 1342
1450 1343
1451 1212
1452 1340
1453 1468
1454 1721
1455 1723
1456 1722
1457 1977
1458 1979
1459 1978
1460 1849
1461 1850
1462 1851
1463 1725
1464 1727
1465 1726
1466 1981
1467 1983
1468 1982
1469 1853
1470 1854
1471 1855
1472 1724
1473 1852
1474 1980
1475 1593
1476 1594
1477 1595
1478 1596
1479 1597
1480 1598
1481 1599
1482 1208
1483 1336
1484 1464
1485 1592
1486 1720
1487 1848
1488 1976
1489 1073
1490 1074
1491 1075
1492 1076
1493 1077
1494 1078
1495 1079
1496 1080
1497 1081
1498 1082
1499 1083
1500 1084
1501 1085
1502 1086
1503 1087
1504 48
1505 176
1506 304
1507 432
1508 560
1509 688
1510 816
1511 944
1512 1072
1513 1200
1514 1328
1515 1456
1516 1584
1517 1712
1518 1840
1519 1968
1520 2209
1521 2211
1522 2210
1523 2465
1524 2467
1525 2466
1526 2337
1527 2338
1528 2339
1529 2213
1530 2215
1531 2214
1532 2469
1533 2471
1534 2470
1535 2341
1536 2342
1537 2343
1538 2212
1539 2340
1540 2468
1541 2721
1542 2723
1543 2722
1544 2977
1545 2979
1546 2978
1547 2849
1548 2850
1549 2851
1550 2725
1551 2727
1552 2726
1553 2981
1554 2983
1555 2982
1556 2853
1557 2854
1558 2855
1559 2724
1560 2852
1561 2980
1562 2593
1563 2594
1564 2595
1565 2596
1566 2597
1567 2598
1568 2599
1569 2217
1570 2219
1571 2218
1572 2473
1573 2475
1574 2474
1575 2345
1576 2346
1577 2347
1578 2221
1579 2223
1580 2222
1581 2477
1582 2479
1583 2478
1584 2349
1585 2350
1586 2351
1587 2220
1588 2348
1589 2476
1590 2729
1591 2731
1592 2730
1593 2985
1594 2987
1595 2986
1596 2857
1597 2858
1598 2859
1599 2733
1600 2735
1601 2734
1602 2989
1603 2991
1604 2990
1605 2861
1606 2862
1607 2863
1608 2732
1609 2860
1610 2988
1611 2601
1612 2602
1613 2603
1614 2604
1615 2605
1616 2606
1617 2607
1618 2216
1619 2344
1620 2472
1621 2600
1622 2728
1623 2856
1624 2984
1625 3233
1626 3235
1627 3234
1628 3489
1629 3491
1630 3490
1631 3361
1632 3362
1633 3363
1634 3237
1635 3239
1636 3238
1637 3493
1638 3495
1639 3494
1640 3365
1641 3366
1642 3367
1643 3236
1644 3364
1645 3492
1646 3745
1647 3747
1648 3746
1649 4001
1650 4003
1651 4002
1652 3873
1653 3874
1654 3875
1655 3749
1656 3751
1657 3750
1658 4005
1659 4007
1660 4006
1661 3877
1662 3878
1663 3879
1664 3748
1665 3876
1666 4004
1667 3617
1668 3618
1669 3619
1670 3620
1671 3621
1672 3622
1673 3623
1674 3241
1675 3243
1676 3242
1677 3497
1678 3499
1679 3498
1680 3369
1681 3370
1682 3371
1683 3245
1684 3247
1685 3246
1686 3501
1687 3503
1688 3502
1689 3373
1690 3374
1691 3375
1692 3244
1693 3372
1694 3500
1695 3753
1696 3755
1697 3754
1698 4009
1699 4011
1700 4010
1701 3881
1702 3882
1703 3883
1704 3757
1705 3759
1706 3758
1707 4013
1708 4015
1709 4014
1710 3885
1711 3886
1712 3887
1713 3756
1714 3884
1715 4012
1716 3625
1717 3626
1718 3627
1719 3628
1720 3629
1721 3630
1722 3631
1723 3240
1724 3368
1725 3496
1726 3624
1727 3752
1728 3880
1729 4008
1730 3105
1731 3106
1732 3107
1733 3108
1734 3109
1735 3110
1736 3111
1737 3112
1738 3113
1739 3114
1740 3115
1741 3116
1742 3117
1743 3118
1744 3119
1745 2225
1746 2227
1747 2226
1748 2481
1749 2483
1750 2482
1751 2353
1752 2354
1753 2355
1754 2229
1755 2231
1756 2230
1757 2485
1758 2487
1759 2486
1760 2357
1761 2358
1762 2359
1763 2228
1764 2356
1765 2484
1766 2737
1767 2739
1768 2738
1769 2993
1770 2995
1771 2994
1772 2865
1773 2866
1774 2867
1775 2741
1776 2743
1777 2742
1778 2997
1779 2999
1780 2998
1781 2869
1782 2870
1783 2871
1784 2740
1785 2868
1786 2996
1787 2609
1788 2610
1789 2611
1790 2612
1791 2613
1792 2614
1793 2615
1794 2233
1795 2235
1796 2234
1797 2489
1798 2491
1799 2490
1800 2361
1801 2362
1802 2363
1803 2237
1804 2239
1805 2238
1806 2493
1807 2495
1808 2494
1809 2365
1810 2366
1811 2367
1812 2236
1813 2364
1814 2492
1815 2745
1816 2747
1817 2746
1818 3001
1819 3003
1820 3002
1821 2873
1822 2874
1823 2875
1824 2749
1825 2751
1826 2750
1827 3005
1828 3007
1829 3006
1830 2877
1831 2878
1832 2879
1833 2748
1834 2876
1835 3004
1836 2617
1837 2618
1838 2619
1839 2620
1840 2621
1841 2622
1842 2623
1843 2232
1844 2360
1845 2488
1846 2616
1847 2744
1848 2872
1849 3000
1850 3249
1851 3251
1852 3250
1853 3505
1854 3507
1855 3506
1856 3377
1857 3378
1858 3379
1859 3253
1860 3255
1861 3254
1862 3509
1863 3511
1864 3510
1865 3381
1866 3382
1867 3383
1868 3252
1869 3380
1870 3508
1871 3761
1872 3763
1873 3762
1874 4017
1875 4019
1876 4018
1877 3889
1878 3890
1879 3891
1880 3765
1881 3767
1882 3766
1883 4021
1884 4023
1885 4022
1886 3893
1887 3894
1888 3895
1889 3764
1890 3892
1891 4020
1892 3633
1893 3634
1894 3635
1895 3636
1896 3637
1897 3638
1898 3639
1899 3257
1900 3259
1901 3258
1902 3513
1903 3515
1904 3514
1905 3385
1906 3386
1907 3387
1908 3261
1909 3263
1910 3262
1911 3517
1912 3519
1913 3518
1914 3389
1915 3390
1916 3391
1917 3260
1918 3388
1919 3516
1920 3769
1921 3771
1922 3770
1923 4025
1924 4027
1925 4026
1926 3897
1927 3898
1928 3899
1929 3773
1930 3775
1931 3774
1932 4029
1933 4031
1934 4030
1935 3901
1936 3902
1937 3903
1938 3772
1939 3900
1940 4028
1941 3641
1942 3642
1943 3643
1944 3644
1945 3645
1946 3646
1947 3647
1948 3256
1949 3384
1950 3512
1951 3640
1952 3768
1953 3896
1954 4024
1955 3121
1956 3122
1957 3123
1958 3124
1959 3125
1960 3126
1961 3127
1962 3128
1963 3129
1964 3130
1965 3131
1966 3132
1967 3133
1968 3134
1969 3135
1970 2224
1971 2352
1972 2480
1973 2608
1974 2736
1975 2864
1976 2992
1977 3120
1978 3248
1979 3376
1980 3504
1981 3632
1982 3760
1983 3888
1984 4016
1985 2081
1986 2082
1987 2083
1988 2084
1989 2085
1990 2086
1991 2087
1992 2088
1993 2089
1994 2090
1995 2091
1996 2092
1997 2093
1998 2094
1999 2095
2000 2096
2001 2097
2002 2098
2003 2099
2004 2100
2005 2101
2006 2102
2007 2103
2008 2104
2009 2105
2010 2106
2011 2107
2012 2108
2013 2109
2014 2110
2015 2111
2016 32
2017 160
2018 288
2019 416
2020 544
2021 672
2022 800
2023 928
2024 1056
2025 1184
2026 1312
2027 1440
2028 1568
2029 1696
2030 1824
2031 1952
2032 2080
2033 2208
2034 2336
2035 2464
2036 2592
2037 2720
2038 2848
2039 2976
2040 3104
2041 3232
2042 3360
2043 3488
2044 3616
2045 3744
2046 3872
2047 4000
2048 4224
2049 4225
2050 4227
2051 4226
2052 4480
2053 4481
2054 4483
2055 4482
2056 4352
2057 4353
2058 4354
2059 4355
2060 4229
2061 4231
2062 4230
2063 4485
2064 4487
2065 4486
2066 4357
2067 4358
2068 4359
2069 4228
2070 4356
2071 4484
2072 4736
2073 4737
2074 4739
2075 4738
2076 4992
2077 4993
2078 4995
2079 4994
2080 4864
2081 4865
2082 4866
2083 4867
2084 4741
2085 4743
2086 4742
2087 4997
2088 4999
2089 4998
2090 4869
2091 4870
2092 4871
2093 4740
2094 4868
2095 4996
2096 4608
2097 4609
2098 4610
2099 4611
2100 4612
2101 4613
2102 4614
2103 4615
2104 4233
2105 4235
2106 4234
2107 4489
2108 4491
2109 4490
2110 4361
2111 4362
2112 4363
2113 4237
2114 4239
2115 4238
2116 4493
2117 4495
2118 4494
2119 4365
2120 4366
2121 4367
2122 4236
2123 4364
2124 4492
2125 4745
2126 4747
2127 4746
2128 5001
2129 5003
2130 5002
2131 4873
2132 4874
2133 4875
2134 4749
2135 4751
2136 4750
2137 5005
2138 5007
2139 5006
2140 4877
2141 4878
2142 4879
2143 4748
2144 4876
2145 5004
2146 4617
2147 4618
2148 4619
2149 4620
2150 4621
2151 4622
2152 4623
2153 4232
2154 4360
2155 4488
2156 4616
2157 4744
2158 4872
2159 5000
2160 5248
2161 5249
2162 5251
2163 5250
2164 5504
2165 5505
2166 5507
2167 5506
2168 5376
2169 5377
2170 5378
2171 5379
2172 5253
2173 5255
2174 5254
2175 5509
2176 5511
2177 5510
2178 5381
2179 5382
2180 5383
2181 5252
2182 5380
2183 5508
2184 5760
2185 5761
2186 5763
2187 5762
2188 6016
2189 6017
2190 6019
2191 6018
2192 5888
2193 5889
2194 5890
2195 5891
2196 5765
2197 5767
2198 5766
2199 6021
2200 6023
2201 6022
2202 5893
2203 5894
2204 5895
2205 5764
2206 5892
2207 6020
2208 5632
2209 5633
2210 5634
2211 5635
2212 5636
2213 5637
2214 5638
2215 5639
2216 5257
2217 5259
2218 5258
2219 5513
2220 5515
2221 5514
2222 5385
2223 5386
2224 5387
2225 5261
2226 5263
2227 5262
2228 5517
2229 5519
2230 5518
2231 5389
2232 5390
2233 5391
2234 5260
2235 5388
2236 5516
2237 5769
2238 5771
2239 5770
2240 6025
2241 6027
2242 6026
2243 5897
2244 5898
2245 5899
2246 5773
2247 5775
2248 5774
2249 6029
2250 6031
2251 6030
2252 5901
2253 5902
2254 5903
2255 5772
2256 5900
2257 6028
2258 5641
2259 5642
2260 5643
2261 5644
2262 5645
2263 5646
2264 5647
2265 5256
2266 5384
2267 5512
2268 5640
2269 5768
2270 5896
2271 6024
2272 5120
2273 5121
2274 5122
2275 5123
2276 5124
2277 5125
2278 5126
2279 5127
2280 5128
2281 5129
2282 5130
2283 5131
2284 5132
2285 5133
2286 5134
2287 5135
2288 4241
2289 4243
2290 4242
2291 4497
2292 4499
2293 4498
2294 4369
2295 4370
2296 4371
2297 4245
2298 4247
2299 4246
2300 4501
2301 4503
2302 4502
2303 4373
2304 4374
2305 4375
2306 4244
2307 4372
2308 4500
2309 4753
2310 4755
2311 4754
2312 5009
2313 5011
2314 5010
2315 4881
2316 4882
2317 4883
2318 4757
2319 4759
2320 4758
2321 5013
2322 5015
2323 5014
2324 4885
2325 4886
2326 4887
2327 4756
2328 4884
2329 5012
2330 4625
2331 4626
2332 4627
2333 4628
2334 4629
2335 4630
2336 4631
2337 4249
2338 4251
2339 4250
2340 4505
2341 4507
2342 4506
2343 4377
2344 4378
2345 4379
2346 4253
2347 4255
2348 4254
2349 4509
2350 4511
2351 4510
2352 4381
2353 4382
2354 4383
2355 4252
2356 4380
2357 4508
2358 4761
2359 4763
2360 4762
2361 5017
2362 5019
2363 5018
2364 4889
2365 4890
2366 4891
2367 4765
2368 4767
2369 4766
2370 5021
2371 5023
2372 5022
2373 4893
2374 4894
2375 4895
2376 4764
2377 4892
2378 5020
2379 4633
2380 4634
2381 4635
2382 4636
2383 4637
2384 4638
2385 4639
2386 4248
2387 4376
2388 4504
2389 4632
2390 4760
2391 4888
2392 5016
2393 5265
2394 5267
2395 5266
2396 5521
2397 5523
2398 5522
2399 5393
2400 5394
2401 5395
2402 5269
2403 5271
2404 5270
2405 5525
2406 5527
2407 5526
2408 5397
2409 5398
2410 5399
2411 5268
2412 5396
2413 5524
2414 5777
2415 5779
2416 5778
2417 6033
2418 6035
2419 6034
2420 5905
2421 5906
2422 5907
2423 5781
2424 5783
2425 5782
2426 6037
2427 6039
2428 6038
2429 5909
2430 5910
2431 5911
2432 5780
2433 5908
2434 6036
2435 5649
2436 5650
2437 5651
2438 5652
2439 5653
2440 5654
2441 5655
2442 5273
2443 5275
2444 5274
2445 5529
2446 5531
2447 5530
2448 5401
2449 5402
2450 5403
2451 5277
2452 5279
2453 5278
2454 5533
2455 5535
2456 5534
2457 5405
2458 5406
2459 5407
2460 5276
2461 5404
2462 5532
2463 5785
2464 5787
2465 5786
2466 6041
2467 6043
2468 6042
2469 5913
2470 5914
2471 5915
2472 5789
2473 5791
2474 5790
2475 6045
2476 6047
2477 6046
2478 5917
2479 5918
2480 5919
2481 5788
2482 5916
2483 6044
2484 5657
2485 5658
2486 5659
2487 5660
2488 5661
2489 5662
2490 5663
2491 5272
2492 5400
2493 5528
2494 5656
2495 5784
2496 5912
2497 6040
2498 5137
2499 5138
2500 5139
2501 5140
2502 5141
2503 5142
2504 5143
2505 5144
2506 5145
2507 5146
2508 5147
2509 5148
2510 5149
2511 5150
2512 5151
2513 4240
2514 4368
2515 4496
2516 4624
2517 4752
2518 4880
2519 5008
2520 5136
2521 5264
2522 5392
2523 5520
2524 5648
2525 5776
2526 5904
2527 6032
2528 6272
2529 6273
2530 6275
2531 6274
2532 6528
2533 6529
2534 6531
2535 6530
2536 6400
2537 6401
2538 6402
2539 6403
2540 6277
2541 6279
2542 6278
2543 6533
2544 6535
2545 6534
2546 6405
2547 6406
2548 6407
2549 6276
2550 6404
2551 6532
2552 6784
2553 6785
2554 6787
2555 6786
2556 7040
2557 7041
2558 7043
2559 7042
2560 6912
2561 6913
2562 6914
2563 6915
2564 6789
2565 6791
2566 6790
2567 7045
2568 7047
2569 7046
2570 6917
2571 6918
2572 6919
2573 6788
2574 6916
2575 7044
2576 6656
2577 6657
2578 6658
2579 6659
2580 6660
2581 6661
2582 6662
2583 6663
2584 6281
2585 6283
2586 6282
2587 6537
2588 6539
2589 6538
2590 6409
2591 6410
2592 6411
2593 6285
2594 6287
2595 6286
2596 6541
2597 6543
2598 6542
2599 6413
2600 6414
2601 6415
2602 6284
2603 6412
2604 6540
2605 6793
2606 6795
2607 6794
2608 7049
2609 7051
2610 7050
2611 6921
2612 6922
2613 6923
2614 6797
2615 6799
2616 6798
2617 7053
2618 7055
2619 7054
2620 6925
2621 6926
2622 6927
2623 6796
2624 6924
2625 7052
2626 6665
2627 6666
2628 6667
2629 6668
2630 6669
2631 6670
2632 6671
2633 6280
2634 6408
2635 6536
2636 6664
2637 6792
2638 6920
2639 7048
2640 7296
2641 7297
2642 7299
2643 7298
2644 7552
2645 7553
2646 7555
2647 7554
2648 7424
2649 7425
2650 7426
2651 7427
2652 7301
2653 7303
2654 7302
2655 7557
2656 7559
2657 7558
2658 7429
2659 7430
2660 7431
2661 7300
2662 7428
2663 7556
2664 7808
2665 7809
2666 7811
2667 7810
2668 8064
2669 8065
2670 8067
2671 8066
2672 7936
2673 7937
2674 7938
2675 7939
2676 7813
2677 7815
2678 7814
2679 8069
2680 8071
2681 8070
2682 7941
2683 7942
2684 7943
2685 7812
2686 7940
2687 8068
2688 7680
2689 7681
2690 7682
2691 7683
2692 7684
2693 7685
2694 7686
2695 7687
2696 7305
2697 7307
2698 7306
2699 7561
2700 7563
2701 7562
2702 7433
2703 7434
2704 7435
2705 7309
2706 7311
2707 7310
2708 7565
2709 7567
2710 7566
2711 7437
2712 7438
2713 7439
2714 7308
2715 7436
2716 7564
2717 7817
2718 7819
2719 7818
2720 8073
2721 8075
2722 8074
2723 7945
2724 7946
2725 7947
2726 7821
2727 7823
2728 7822
2729 8077
2730 8079
2731 8078
2732 7949
2733 7950
2734 7951
2735 7820
2736 7948
2737 8076
2738 7689
2739 7690
2740 7691
2741 7692
2742 7693
2743 7694
2744 7695
2745 7304
2746 7432
2747 7560
2748 7688
2749 7816
2750 7944
2751 8072
2752 7168
2753 7169
2754 7170
2755 7171
2756 7172
2757 7173
2758 7174
2759 7175
2760 7176
2761 7177
2762 7178
2763 7179
2764 7180
2765 7181
2766 7182
2767 7183
2768 6289
2769 6291
2770 6290
2771 6545
2772 6547
2773 6546
2774 6417
2775 6418
2776 6419
2777 6293
2778 6295
2779 6294
2780 6549
2781 6551
2782 6550
2783 6421
2784 6422
2785 6423
2786 6292
2787 6420
2788 6548
2789 6801
2790 6803
2791 6802
2792 7057
2793 7059
2794 7058
2795 6929
2796 6930
2797 6931
2798 6805
2799 6807
2800 6806
2801 7061
2802 7063
2803 7062
2804 6933
2805 6934
2806 6935
2807 6804
2808 6932
2809 7060
2810 6673
2811 6674
2812 6675
2813 6676
2814 6677
2815 6678
2816 6679
2817 6297
2818 6299
2819 6298
2820 6553
2821 6555
2822 6554
2823 6425
2824 6426
2825 6427
2826 6301
2827 6303
2828 6302
2829 6557
2830 6559
2831 6558
2832 6429
2833 6430
2834 6431
2835 6300
2836 6428
2837 6556
2838 6809
2839 6811
2840 6810
2841 7065
2842 7067
2843 7066
2844 6937
2845 6938
2846 6939
2847 6813
2848 6815
2849 6814
2850 7069
2851 7071
2852 7070
2853 6941
2854 6942
2855 6943
2856 6812
2857 6940
2858 7068
2859 6681
2860 6682
2861 6683
2862 6684
2863 6685
2864 6686
2865 6687
2866 6296
2867 6424
2868 6552
2869 6680
2870 6808
2871 6936
2872 7064
2873 7313
2874 7315
2875 7314
2876 7569
2877 7571
2878 7570
2879 7441
2880 7442
2881 7443
2882 7317
2883 7319
2884 7318
2885 7573
2886 7575
2887 7574
2888 7445
2889 7446
2890 7447
2891 7316
2892 7444
2893 7572
2894 7825
2895 7827
2896 7826
2897 8081
2898 8083
2899 8082
2900 7953
2901 7954
2902 7955
2903 7829
2904 7831
2905 7830
2906 8085
2907 8087
2908 8086
2909 7957
2910 7958
2911 7959
2912 7828
2913 7956
2914 8084
2915 7697
2916 7698
2917 7699
2918 7700
2919 7701
2920 7702
2921 7703
2922 7321
2923 7323
2924 7322
2925 7577
2926 7579
2927 7578
2928 7449
2929 7450
2930 7451
2931 7325
2932 7327
2933 7326
2934 7581
2935 7583
2936 7582
2937 7453
2938 7454
2939 7455
2940 7324
2941 7452
2942 7580
2943 7833
2944 7835
2945 7834
2946 8089
2947 8091
2948 8090
2949 7961
2950 7962
2951 7963
2952 7837
2953 7839
2954 7838
2955 8093
2956 8095
2957 8094
2958 7965
2959 7966
2960 7967
2961 7836
2962 7964
2963 8092
2964 7705
2965 7706
2966 7707
2967 7708
2968 7709
2969 7710
2970 7711
2971 7320
2972 7448
2973 7576
2974 7704
2975 7832
2976 7960
2977 8088
2978 7185
2979 7186
2980 7187
2981 7188
2982 7189
2983 7190
2984 7191
2985 7192
2986 7193
2987 7194
2988 7195
2989 7196
2990 7197
2991 7198
2992 7199
2993 6288
2994 6416
2995 6544
2996 6672
2997 6800
2998 6928
2999 7056
3000 7184
3001 7312
3002 7440
3003 7568
3004 7696
3005 7824
3006 7952
3007 8080
3008 6144
3009 6145
3010 6146
3011 6147
3012 6148
3013 6149
3014 6150
3015 6151
3016 6152
3017 6153
3018 6154
3019 6155
3020 6156
3021 6157
3022 6158
3023 6159
3024 6160
3025 6161
3026 6162
3027 6163
3028 6164
3029 6165
3030 6166
3031 6167
3032 6168
3033 6169
3034 6170
3035 6171
3036 6172
3037 6173
3038 6174
3039 6175
3040 4257
3041 4259
3042 4258
3043 4513
3044 4515
3045 4514
3046 4385
3047 4386
3048 4387
3049 4261
3050 4263
3051 4262
3052 4517
3053 4519
3054 4518
3055 4389
3056 4390
3057 4391
3058 4260
3059 4388
3060 4516
3061 4769
3062 4771
3063 4770
3064 5025
3065 5027
3066 5026
3067 4897
3068 4898
3069 4899
3070 4773
3071 4775
3072 4774
3073 5029
3074 5031
3075 5030
3076 4901
3077 4902
3078 4903
3079 4772
3080 4900
3081 5028
3082 4641
3083 4642
3084 4643
3085 4644
3086 4645
3087 4646
3088 4647
3089 4265
3090 4267
3091 4266
3092 4521
3093 4523
3094 4522
3095 4393
3096 4394
3097 4395
3098 4269
3099 4271
3100 4270
3101 4525
3102 4527
3103 4526
3104 4397
3105 4398
3106 4399
3107 4268
3108 4396
3109 4524
3110 4777
3111 4779
3112 4778
3113 5033
3114 5035
3115 5034
3116 4905
3117 4906
3118 4907
3119 4781
3120 4783
3121 4782
3122 5037
3123 5039
3124 5038
3125 4909
3126 4910
3127 4911
3128 4780
3129 4908
3130 5036
3131 4649
3132 4650
3133 4651
3134 4652
3135 4653
3136 4654
3137 4655
3138 4264
3139 4392
3140 4520
3141 4648
3142 4776
3143 4904
3144 5032
3145 5281
3146 5283
3147 5282
3148 5537
3149 5539
3150 5538
3151 5409
3152 5410
3153 5411
3154 5285
3155 5287
3156 5286
3157 5541
3158 5543
3159 5542
3160 5413
3161 5414
3162 5415
3163 5284
3164 5412
3165 5540
3166 5793
3167 5795
3168 5794
3169 6049
3170 6051
3171 6050
3172 5921
3173 5922
3174 5923
3175 5797
3176 5799
3177 5798
3178 6053
3179 6055
3180 6054
3181 5925
3182 5926
3183 5927
3184 5796
3185 5924
3186 6052
3187 5665
3188 5666
3189 5667
3190 5668
3191 5669
3192 5670
3193 5671
3194 5289
3195 5291
3196 5290
3197 5545
3198 5547
3199 5546
3200 5417
3201 5418
3202 5419
3203 5293
3204 5295
3205 5294
3206 5549
3207 5551
3208 5550
3209 5421
3210 5422
3211 5423
3212 5292
3213 5420
3214 5548
3215 5801
3216 5803
3217 5802
3218 6057
3219 6059
3220 6058
3221 5929
3222 5930
3223 5931
3224 5805
3225 5807
3226 5806
3227 6061
3228 6063
3229 6062
3230 5933
3231 5934
3232 5935
3233 5804
3234 5932
3235 6060
3236 5673
3237 5674
3238 5675
3239 5676
3240 5677
3241 5678
3242 5679
3243 5288
3244 5416
3245 5544
3246 5672
3247 5800
3248 5928
3249 6056
3250 5153
3251 5154
3252 5155
3253 5156
3254 5157
3255 5158
3256 5159
3257 5160
3258 5161
3259 5162
3260 5163
3261 5164
3262 5165
3263 5166
3264 5167
3265 4273
3266 4275
3267 4274
3268 4529
3269 4531
3270 4530
3271 4401
3272 4402
3273 4403
3274 4277
3275 4279
3276 4278
3277 4533
3278 4535
3279 4534
3280 4405
3281 4406
3282 4407
3283 4276
3284 4404
3285 4532
3286 4785
3287 4787
3288 4786
3289 5041
3290 5043
3291 5042
3292 4913
3293 4914
3294 4915
3295 4789
3296 4791
3297 4790
3298 5045
3299 5047
3300 5046
3301 4917
3302 4918
3303 4919
3304 4788
3305 4916
3306 5044
3307 4657
3308 4658
3309 4659
3310 4660
3311 4661
3312 4662
3313 4663
3314 4281
3315 4283
3316 4282
3317 4537
3318 4539
3319 4538
3320 4409
3321 4410
3322 4411
3323 4285
3324 4287
3325 4286
3326 4541
3327 4543
3328 4542
3329 4413
3330 4414
3331 4415
3332 4284
3333 4412
3334 4540
3335 4793
3336 4795
3337 4794
3338 5049
3339 5051
3340 5050
3341 4921
3342 4922
3343 4923
3344 4797
3345 4799
3346 4798
3347 5053
3348 5055
3349 5054
3350 4925
3351 4926
3352 4927
3353 4796
3354 4924
3355 5052
3356 4665
3357 4666
3358 4667
3359 4668
3360 4669
3361 4670
3362 4671
3363 4280
3364 4408
3365 4536
3366 4664
3367 4792
3368 4920
3369 5048
3370 5297
3371 5299
3372 5298
3373 5553
3374 5555
3375 5554
3376 5425
3377 5426
3378 5427
3379 5301
3380 5303
3381 5302
3382 5557
3383 5559
3384 5558
3385 5429
3386 5430
3387 5431
3388 5300
3389 5428
3390 5556
3391 5809
3392 5811
3393 5810
3394 6065
3395 6067
3396 6066
3397 5937
3398 5938
3399 5939
3400 5813
3401 5815
3402 5814
3403 6069
3404 6071
3405 6070
3406 5941
3407 5942
3408 5943
3409 5812
3410 5940
3411 6068
3412 5681
3413 5682
3414 5683
3415 5684
3416 5685
3417 5686
3418 5687
3419 5305
3420 5307
3421 5306
3422 5561
3423 5563
3424 5562
3425 5433
3426 5434
3427 5435
3428 5309
3429 5311
3430 5310
3431 5565
3432 5567
3433 5566
3434 5437
3435 5438
3436 5439
3437 5308
3438 5436
3439 5564
3440 5817
3441 5819
3442 5818
3443 6073
3444 6075
3445 6074
3446 5945
3447 5946
3448 5947
3449 5821
3450 5823
3451 5822
3452 6077
3453 6079
3454 6078
3455 5949
3456 5950
3457 5951
3458 5820
3459 5948
3460 6076
3461 5689
3462 5690
3463 5691
3464 5692
3465 5693
3466 5694
3467 5695
3468 5304
3469 5432
3470 5560
3471 5688
3472 5816
3473 5944
3474 6072
3475 5169
3476 5170
3477 5171
3478 5172
3479 5173
3480 5174
3481 5175
3482 5176
3483 5177
3484 5178
3485 5179
3486 5180
3487 5181
3488 5182
3489 5183
3490 4272
3491 4400
3492 4528
3493 4656
3494 4784
3495 4912
3496 5040
3497 5168
3498 5296
3499 5424
3500 5552
3501 5680
3502 5808
3503 5936
3504 6064
3505 6305
3506 6307
3507 6306
3508 6561
3509 6563
3510 6562
3511 6433
3512 6434
3513 6435
3514 6309
3515 6311
3516 6310
3517 6565
3518 6567
3519 6566
3520 6437
3521 6438
3522 6439
3523 6308
3524 6436
3525 6564
3526 6817
3527 6819
3528 6818
3529 7073
3530 7075
3531 7074
3532 6945
3533 6946
3534 6947
3535 6821
3536 6823
3537 6822
3538 7077
3539 7079
3540 7078
3541 6949
3542 6950
3543 6951
3544 6820
3545 6948
3546 7076
3547 6689
3548 6690
3549 6691
3550 6692
3551 6693
3552 6694
3553 6695
3554 6313
3555 6315
3556 6314
3557 6569
3558 6571
3559 6570
3560 6441
3561 6442
3562 6443
3563 6317
3564 6319
3565 6318
3566 6573
3567 6575
3568 6574
3569 6445
3570 6446
3571 6447
3572 6316
3573 6444
3574 6572
3575 6825
3576 6827
3577 6826
3578 7081
3579 7083
3580 7082
3581 6953
3582 6954
3583 6955
3584 6829
3585 6831
3586 6830
3587 7085
3588 7087
3589 7086
3590 6957
3591 6958
3592 6959
3593 6828
3594 6956
3595 7084
3596 6697
3597 6698
3598 6699
3599 6700
3600 6701
3601 6702
3602 6703
3603 6312
3604 6440
3605 6568
3606 6696
3607 6824
3608 6952
3609 7080
3610 7329
3611 7331
3612 7330
3613 7585
3614 7587
3615 7586
3616 7457
3617 7458
3618 7459
3619 7333
3620 7335
3621 7334
3622 7589
3623 7591
3624 7590
3625 7461
3626 7462
3627 7463
3628 7332
3629 7460
3630 7588
3631 7841
3632 7843
3633 7842
3634 8097
3635 8099
3636 8098
3637 7969
3638 7970
3639 7971
3640 7845
3641 7847
3642 7846
3643 8101
3644 8103
3645 8102
3646 7973
3647 7974
3648 7975
3649 7844
3650 7972
3651 8100
3652 7713
3653 7714
3654 7715
3655 7716
3656 7717
3657 7718
3658 7719
3659 7337
3660 7339
3661 7338
3662 7593
3663 7595
3664 7594
3665 7465
3666 7466
3667 7467
3668 7341
3669 7343
3670 7342
3671 7597
3672 7599
3673 7598
3674 7469
3675 7470
3676 7471
3677 7340
3678 7468
3679 7596
3680 7849
3681 7851
3682 7850
3683 8105
3684 8107
3685 8106
3686 7977
3687 7978
3688 7979
3689 7853
3690 7855
3691 7854
3692 8109
3693 8111
3694 8110
3695 7981
3696 7982
3697 7983
3698 7852
3699 7980
3700 8108
3701 7721
3702 7722
3703 7723
3704 7724
3705 7725
3706 7726
3707 7727
3708 7336
3709 7464
3710 7592
3711 7720
3712 7848
3713 7976
3714 8104
3715 7201
3716 7202
3717 7203
3718 7204
3719 7205
3720 7206
3721 7207
3722 7208
3723 7209
3724 7210
3725 7211
3726 7212
3727 7213
3728 7214
3729 7215
3730 6321
3731 6323
3732 6322
3733 6577
3734 6579
3735 6578
3736 6449
3737 6450
3738 6451
3739 6325
3740 6327
3741 6326
3742 6581
3743 6583
3744 6582
3745 6453
3746 6454
3747 6455
3748 6324
3749 6452
3750 6580
3751 6833
3752 6835
3753 6834
3754 7089
3755 7091
3756 7090
3757 6961
3758 6962
3759 6963
3760 6837
3761 6839
3762 6838
3763 7093
3764 7095
3765 7094
3766 6965
3767 6966
3768 6967
3769 6836
3770 6964
3771 7092
3772 6705
3773 6706
3774 6707
3775 6708
3776 6709
3777 6710
3778 6711
3779 6329
3780 6331
3781 6330
3782 6585
3783 6587
3784 6586
3785 6457
3786 6458
3787 6459
3788 6333
3789 6335
3790 6334
3791 6589
3792 6591
3793 6590
3794 6461
3795 6462
3796 6463
3797 6332
3798 6460
3799 6588
3800 6841
3801 6843
3802 6842
3803 7097
3804 7099
3805 7098
3806 6969
3807 6970
3808 6971
3809 6845
3810 6847
3811 6846
3812 7101
3813 7103
3814 7102
3815 6973
3816 6974
3817 6975
3818 6844
3819 6972
3820 7100
3821 6713
3822 6714
3823 6715
3824 6716
3825 6717
3826 6718
3827 6719
3828 6328
3829 6456
3830 6584
3831 6712
3832 6840
3833 6968
3834 7096
3835 7345
3836 7347
3837 7346
3838 7601
3839 7603
3840 7602
3841 7473
3842 7474
3843 7475
3844 7349
3845 7351
3846 7350
3847 7605
3848 7607
3849 7606
3850 7477
3851 7478
3852 7479
3853 7348
3854 7476
3855 7604
3856 7857
3857 7859
3858 7858
3859 8113
3860 8115
3861 8114
3862 7985
3863 7986
3864 7987
3865 7861
3866 7863
3867 7862
3868 8117
3869 8119
3870 8118
3871 7989
3872 7990
3873 7991
3874 7860
3875 7988
3876 8116
3877 7729
3878 7730
3879 7731
3880 7732
3881 7733
3882 7734
3883 7735
3884 7353
3885 7355
3886 7354
3887 7609
3888 7611
3889 7610
3890 7481
3891 7482
3892 7483
3893 7357
3894 7359
3895 7358
3896 7613
3897 7615
3898 7614
3899 7485
3900 7486
3901 7487
3902 7356
3903 7484
3904 7612
3905 7865
3906 7867
3907 7866
3908 8121
3909 8123
3910 8122
3911 7993
3912 7994
3913 7995
3914 7869
3915 7871
3916 7870
3917 8125
3918 8127
3919 8126
3920 7997
3921 7998
3922 7999
3923 7868
3924 7996
3925 8124
3926 7737
3927 7738
3928 7739
3929 7740
3930 7741
3931 7742
3932 7743
3933 7352
3934 7480
3935 7608
3936 7736
3937 7864
3938 7992
3939 8120
3940 7217
3941 7218
3942 7219
3943 7220
3944 7221
3945 7222
3946 7223
3947 7224
3948 7225
3949 7226
3950 7227
3951 7228
3952 7229
3953 7230
3954 7231
3955 6320
3956 6448
3957 6576
3958 6704
3959 6832
3960 6960
3961 7088
3962 7216
3963 7344
3964 7472
3965 7600
3966 7728
3967 7856
3968 7984
3969 8112
3970 6177
3971 6178
3972 6179
3973 6180
3974 6181
3975 6182
3976 6183
3977 6184
3978 6185
3979 6186
3980 6187
3981 6188
3982 6189
3983 6190
3984 6191
3985 6192
3986 6193
3987 6194
3988 6195
3989 6196
3990 6197
3991 6198
3992 6199
3993 6200
3994 6201
3995 6202
3996 6203
3997 6204
3998 6205
3999 6206
4000 6207
4001 4256
4002 4384
4003 4512
4004 4640
4005 4768
4006 4896
4007 5024
4008 5152
4009 5280
4010 5408
4011 5536
4012 5664
4013 5792
4014 5920
4015 6048
4016 6176
4017 6304
4018 6432
4019 6560
4020 6688
4021 6816
4022 6944
4023 7072
4024 7200
4025 7328
4026 7456
4027 7584
4028 7712
4029 7840
4030 7968
4031 8096
4032 4096
4033 4097
4034 4098
4035 4099
4036 4100
4037 4101
4038 4102
4039 4103
4040 4104
4041 4105
4042 4106
4043 4107
4044 4108
4045 4109
4046 4110
4047 4111
4048 4112
4049 4113
4050 4114
4051 4115
4052 4116
4053 4117
4054 4118
4055 4119
4056 4120
4057 4121
4058 4122
4059 4123
4060 4124
4061 4125
4062 4126
4063 4127
4064 4128
4065 4129
4066 4130
4067 4131
4068 4132
4069 4133
4070 4134
4071 4135
4072 4136
4073 4137
4074 4138
4075 4139
4076 4140
4077 4141
4078 4142
4079 4143
4080 4144
4081 4145
4082 4146
4083 4147
4084 4148
4085 4149
4086 4150
4087 4151
4088 4152
4089 4153
4090 4154
4091 4155
4092 4156
4093 4157
4094 4158
4095 4159
4096 65
4097 193
4098 67
4099 195
4100 66
4101 194
4102 449
4103 451
4104 450
4105 321
4106 322
4107 323
4108 69
4109 197
4110 71
4111 199
4112 70
4113 198
4114 453
4115 455
4116 454
4117 325
4118 326
4119 327
4120 68
4121 196
4122 324
4123 452
4124 705
4125 707
4126 706
4127 961
4128 963
4129 962
4130 833
4131 834
4132 835
4133 709
4134 711
4135 710
4136 965
4137 967
4138 966
4139 837
4140 838
4141 839
4142 708
4143 836
4144 964
4145 577
4146 578
4147 579
4148 580
4149 581
4150 582
4151 583
4152 73
4153 201
4154 75
4155 203
4156 74
4157 202
4158 457
4159 459
4160 458
4161 329
4162 330
4163 331
4164 77
4165 205
4166 79
4167 207
4168 78
4169 206
4170 461
4171 463
4172 462
4173 333
4174 334
4175 335
4176 76
4177 204
4178 332
4179 460
4180 713
4181 715
4182 714
4183 969
4184 971
4185 970
4186 841
4187 842
4188 843
4189 717
4190 719
4191 718
4192 973
4193 975
4194 974
4195 845
4196 846
4197 847
4198 716
4199 844
4200 972
4201 585
4202 586
4203 587
4204 588
4205 589
4206 590
4207 591
4208 72
4209 200
4210 328
4211 456
4212 584
4213 712
4214 840
4215 968
4216 1217
4217 1219
4218 1218
4219 1473
4220 1475
4221 1474
4222 1345
4223 1346
4224 1347
4225 1221
4226 1223
4227 1222
4228 1477
4229 1479
4230 1478
4231 1349
4232 1350
4233 1351
4234 1220
4235 1348
4236 1476
4237 1729
4238 1731
4239 1730
4240 1985
4241 1987
4242 1986
4243 1857
4244 1858
4245 1859
4246 1733
4247 1735
4248 1734
4249 1989
4250 1991
4251 1990
4252 1861
4253 1862
4254 1863
4255 1732
4256 1860
4257 1988
4258 1601
4259 1602
4260 1603
4261 1604
4262 1605
4263 1606
4264 1607
4265 1225
4266 1227
4267 1226
4268 1481
4269 1483
4270 1482
4271 1353
4272 1354
4273 1355
4274 1229
4275 1231
4276 1230
4277 1485
4278 1487
4279 1486
4280 1357
4281 1358
4282 1359
4283 1228
4284 1356
4285 1484
4286 1737
4287 1739
4288 1738
4289 1993
4290 1995
4291 1994
4292 1865
4293 1866
4294 1867
4295 1741
4296 1743
4297 1742
4298 1997
4299 1999
4300 1998
4301 1869
4302 1870
4303 1871
4304 1740
4305 1868
4306 1996
4307 1609
4308 1610
4309 1611
4310 1612
4311 1613
4312 1614
4313 1615
4314 1224
4315 1352
4316 1480
4317 1608
4318 1736
4319 1864
4320 1992
4321 1089
4322 1090
4323 1091
4324 1092
4325 1093
4326 1094
4327 1095
4328 1096
4329 1097
4330 1098
4331 1099
4332 1100
4333 1101
4334 1102
4335 1103
4336 81
4337 209
4338 83
4339 211
4340 82
4341 210
4342 465
4343 467
4344 466
4345 337
4346 338
4347 339
4348 85
4349 213
4350 87
4351 215
4352 86
4353 214
4354 469
4355 471
4356 470
4357 341
4358 342
4359 343
4360 84
4361 212
4362 340
4363 468
4364 721
4365 723
4366 722
4367 977
4368 979
4369 978
4370 849
4371 850
4372 851
4373 725
4374 727
4375 726
4376 981
4377 983
4378 982
4379 853
4380 854
4381 855
4382 724
4383 852
4384 980
4385 593
4386 594
4387 595
4388 596
4389 597
4390 598
4391 599
4392 89
4393 217
4394 91
4395 219
4396 90
4397 218
4398 473
4399 475
4400 474
4401 345
4402 346
4403 347
4404 93
4405 221
4406 95
4407 223
4408 94
4409 222
4410 477
4411 479
4412 478
4413 349
4414 350
4415 351
4416 92
4417 220
4418 348
4419 476
4420 729
4421 731
4422 730
4423 985
4424 987
4425 986
4426 857
4427 858
4428 859
4429 733
4430 735
4431 734
4432 989
4433 991
4434 990
4435 861
4436 862
4437 863
4438 732
4439 860
4440 988
4441 601
4442 602
4443 603
4444 604
4445 605
4446 606
4447 607
4448 88
4449 216
4450 344
4451 472
4452 600
4453 728
4454 856
4455 984
4456 1233
4457 1235
4458 1234
4459 1489
4460 1491
4461 1490
4462 1361
4463 1362
4464 1363
4465 1237
4466 1239
4467 1238
4468 1493
4469 1495
4470 1494
4471 1365
4472 1366
4473 1367
4474 1236
4475 1364
4476 1492
4477 1745
4478 1747
4479 1746
4480 2001
4481 2003
4482 2002
4483 1873
4484 1874
4485 1875
4486 1749
4487 1751
4488 1750
4489 2005
4490 2007
4491 2006
4492 1877
4493 1878
4494 1879
4495 1748
4496 1876
4497 2004
4498 1617
4499 1618
4500 1619
4501 1620
4502 1621
4503 1622
4504 1623
4505 1241
4506 1243
4507 1242
4508 1497
4509 1499
4510 1498
4511 1369
4512 1370
4513 1371
4514 1245
4515 1247
4516 1246
4517 1501
4518 1503
4519 1502
4520 1373
4521 1374
4522 1375
4523 1244
4524 1372
4525 1500
4526 1753
4527 1755
4528 1754
4529 2009
4530 2011
4531 2010
4532 1881
4533 1882
4534 1883
4535 1757
4536 1759
4537 1758
4538 2013
4539 2015
4540 2014
4541 1885
4542 1886
4543 1887
4544 1756
4545 1884
4546 2012
4547 1625
4548 1626
4549 1627
4550 1628
4551 1629
4552 1630
4553 1631
4554 1240
4555 1368
4556 1496
4557 1624
4558 1752
4559 1880
4560 2008
4561 1105
4562 1106
4563 1107
4564 1108
4565 1109
4566 1110
4567 1111
4568 1112
4569 1113
4570 1114
4571 1115
4572 1116
4573 1117
4574 1118
4575 1119
4576 80
4577 208
4578 336
4579 464
4580 592
4581 720
4582 848
4583 976
4584 1104
4585 1232
4586 1360
4587 1488
4588 1616
4589 1744
4590 1872
4591 2000
4592 2241
4593 2243
4594 2242
4595 2497
4596 2499
4597 2498
4598 2369
4599 2370
4600 2371
4601 2245
4602 2247
4603 2246
4604 2501
4605 2503
4606 2502
4607 2373
4608 2374
4609 2375
4610 2244
4611 2372
4612 2500
4613 2753
4614 2755
4615 2754
4616 3009
4617 3011
4618 3010
4619 2881
4620 2882
4621 2883
4622 2757
4623 2759
4624 2758
4625 3013
4626 3015
4627 3014
4628 2885
4629 2886
4630 2887
4631 2756
4632 2884
4633 3012
4634 2625
4635 2626
4636 2627
4637 2628
4638 2629
4639 2630
4640 2631
4641 2249
4642 2251
4643 2250
4644 2505
4645 2507
4646 2506
4647 2377
4648 2378
4649 2379
4650 2253
4651 2255
4652 2254
4653 2509
4654 2511
4655 2510
4656 2381
4657 2382
4658 2383
4659 2252
4660 2380
4661 2508
4662 2761
4663 2763
4664 2762
4665 3017
4666 3019
4667 3018
4668 2889
4669 2890
4670 2891
4671 2765
4672 2767
4673 2766
4674 3021
4675 3023
4676 3022
4677 2893
4678 2894
4679 2895
4680 2764
4681 2892
4682 3020
4683 2633
4684 2634
4685 2635
4686 2636
4687 2637
4688 2638
4689 2639
4690 2248
4691 2376
4692 2504
4693 2632
4694 2760
4695 2888
4696 3016
4697 3265
4698 3267
4699 3266
4700 3521
4701 3523
4702 3522
4703 3393
4704 3394
4705 3395
4706 3269
4707 3271
4708 3270
4709 3525
4710 3527
4711 3526
4712 3397
4713 3398
4714 3399
4715 3268
4716 3396
4717 3524
4718 3777
4719 3779
4720 3778
4721 4033
4722 4035
4723 4034
4724 3905
4725 3906
4726 3907
4727 3781
4728 3783
4729 3782
4730 4037
4731 4039
4732 4038
4733 3909
4734 3910
4735 3911
4736 3780
4737 3908
4738 4036
4739 3649
4740 3650
4741 3651
4742 3652
4743 3653
4744 3654
4745 3655
4746 3273
4747 3275
4748 3274
4749 3529
4750 3531
4751 3530
4752 3401
4753 3402
4754 3403
4755 3277
4756 3279
4757 3278
4758 3533
4759 3535
4760 3534
4761 3405
4762 3406
4763 3407
4764 3276
4765 3404
4766 3532
4767 3785
4768 3787
4769 3786
4770 4041
4771 4043
4772 4042
4773 3913
4774 3914
4775 3915
4776 3789
4777 3791
4778 3790
4779 4045
4780 4047
4781 4046
4782 3917
4783 3918
4784 3919
4785 3788
4786 3916
4787 4044
4788 3657
4789 3658
4790 3659
4791 3660
4792 3661
4793 3662
4794 3663
4795 3272
4796 3400
4797 3528
4798 3656
4799 3784
4800 3912
4801 4040
4802 3137
4803 3138
4804 3139
4805 3140
4806 3141
4807 3142
4808 3143
4809 3144
4810 3145
4811 3146
4812 3147
4813 3148
4814 3149
4815 3150
4816 3151
4817 2257
4818 2259
4819 2258
4820 2513
4821 2515
4822 2514
4823 2385
4824 2386
4825 2387
4826 2261
4827 2263
4828 2262
4829 2517
4830 2519
4831 2518
4832 2389
4833 2390
4834 2391
4835 2260
4836 2388
4837 2516
4838 2769
4839 2771
4840 2770
4841 3025
4842 3027
4843 3026
4844 2897
4845 2898
4846 2899
4847 2773
4848 2775
4849 2774
4850 3029
4851 3031
4852 3030
4853 2901
4854 2902
4855 2903
4856 2772
4857 2900
4858 3028
4859 2641
4860 2642
4861 2643
4862 2644
4863 2645
4864 2646
4865 2647
4866 2265
4867 2267
4868 2266
4869 2521
4870 2523
4871 2522
4872 2393
4873 2394
4874 2395
4875 2269
4876 2271
4877 2270
4878 2525
4879 2527
4880 2526
4881 2397
4882 2398
4883 2399
4884 2268
4885 2396
4886 2524
4887 2777
4888 2779
4889 2778
4890 3033
4891 3035
4892 3034
4893 2905
4894 2906
4895 2907
4896 2781
4897 2783
4898 2782
4899 3037
4900 3039
4901 3038
4902 2909
4903 2910
4904 2911
4905 2780
4906 2908
4907 3036
4908 2649
4909 2650
4910 2651
4911 2652
4912 2653
4913 2654
4914 2655
4915 2264
4916 2392
4917 2520
4918 2648
4919 2776
4920 2904
4921 3032
4922 3281
4923 3283
4924 3282
4925 3537
4926 3539
4927 3538
4928 3409
4929 3410
4930 3411
4931 3285
4932 3287
4933 3286
4934 3541
4935 3543
4936 3542
4937 3413
4938 3414
4939 3415
4940 3284
4941 3412
4942 3540
4943 3793
4944 3795
4945 3794
4946 4049
4947 4051
4948 4050
4949 3921
4950 3922
4951 3923
4952 3797
4953 3799
4954 3798
4955 4053
4956 4055
4957 4054
4958 3925
4959 3926
4960 3927
4961 3796
4962 3924
4963 4052
4964 3665
4965 3666
4966 3667
4967 3668
4968 3669
4969 3670
4970 3671
4971 3289
4972 3291
4973 3290
4974 3545
4975 3547
4976 3546
4977 3417
4978 3418
4979 3419
4980 3293
4981 3295
4982 3294
4983 3549
4984 3551
4985 3550
4986 3421
4987 3422
4988 3423
4989 3292
4990 3420
4991 3548
4992 3801
4993 3803
4994 3802
4995 4057
4996 4059
4997 4058
4998 3929
4999 3930
5000 3931
5001 3805
5002 3807
5003 3806
5004 4061
5005 4063
5006 4062
5007 3933
5008 3934
5009 3935
5010 3804
5011 3932
5012 4060
5013 3673
5014 3674
5015 3675
5016 3676
5017 3677
5018 3678
5019 3679
5020 3288
5021 3416
5022 3544
5023 3672
5024 3800
5025 3928
5026 4056
5027 3153
5028 3154
5029 3155
5030 3156
5031 3157
5032 3158
5033 3159
5034 3160
5035 3161
5036 3162
5037 3163
5038 3164
5039 3165
5040 3166
5041 3167
5042 2256
5043 2384
5044 2512
5045 2640
5046 2768
5047 2896
5048 3024
5049 3152
5050 3280
5051 3408
5052 3536
5053 3664
5054 3792
5055 3920
5056 4048
5057 2113
5058 2114
5059 2115
5060 2116
5061 2117
5062 2118
5063 2119
5064 2120
5065 2121
5066 2122
5067 2123
5068 2124
5069 2125
5070 2126
5071 2127
5072 2128
5073 2129
5074 2130
5075 2131
5076 2132
5077 2133
5078 2134
5079 2135
5080 2136
5081 2137
5082 2138
5083 2139
5084 2140
5085 2141
5086 2142
5087 2143
5088 97
5089 225
5090 99
5091 227
5092 98
5093 226
5094 481
5095 483
5096 482
5097 353
5098 354
5099 355
5100 101
5101 229
5102 103
5103 231
5104 102
5105 230
5106 485
5107 487
5108 486
5109 357
5110 358
5111 359
5112 100
5113 228
5114 356
5115 484
5116 737
5117 739
5118 738
5119 993
5120 995
5121 994
5122 865
5123 866
5124 867
5125 741
5126 743
5127 742
5128 997
5129 999
5130 998
5131 869
5132 870
5133 871
5134 740
5135 868
5136 996
5137 609
5138 610
5139 611
5140 612
5141 613
5142 614
5143 615
5144 105
5145 233
5146 107
5147 235
5148 106
5149 234
5150 489
5151 491
5152 490
5153 361
5154 362
5155 363
5156 109
5157 237
5158 111
5159 239
5160 110
5161 238
5162 493
5163 495
5164 494
5165 365
5166 366
5167 367
5168 108
5169 236
5170 364
5171 492
5172 745
5173 747
5174 746
5175 1001
5176 1003
5177 1002
5178 873
5179 874
5180 875
5181 749
5182 751
5183 750
5184 1005
5185 1007
5186 1006
5187 877
5188 878
5189 879
5190 748
5191 876
5192 1004
5193 617
5194 618
5195 619
5196 620
5197 621
5198 622
5199 623
5200 104
5201 232
5202 360
5203 488
5204 616
5205 744
5206 872
5207 1000
5208 1249
5209 1251
5210 1250
5211 1505
5212 1507
5213 1506
5214 1377
5215 1378
5216 1379
5217 1253
5218 1255
5219 1254
5220 1509
5221 1511
5222 1510
5223 1381
5224 1382
5225 1383
5226 1252
5227 1380
5228 1508
5229 1761
5230 1763
5231 1762
5232 2017
5233 2019
5234 2018
5235 1889
5236 1890
5237 1891
5238 1765
5239 1767
5240 1766
5241 2021
5242 2023
5243 2022
5244 1893
5245 1894
5246 1895
5247 1764
5248 1892
5249 2020
5250 1633
5251 1634
5252 1635
5253 1636
5254 1637
5255 1638
5256 1639
5257 1257
5258 1259
5259 1258
5260 1513
5261 1515
5262 1514
5263 1385
5264 1386
5265 1387
5266 1261
5267 1263
5268 1262
5269 1517
5270 1519
5271 1518
5272 1389
5273 1390
5274 1391
5275 1260
5276 1388
5277 1516
5278 1769
5279 1771
5280 1770
5281 2025
5282 2027
5283 2026
5284 1897
5285 1898
5286 1899
5287 1773
5288 1775
5289 1774
5290 2029
5291 2031
5292 2030
5293 1901
5294 1902
5295 1903
5296 1772
5297 1900
5298 2028
5299 1641
5300 1642
5301 1643
5302 1644
5303 1645
5304 1646
5305 1647
5306 1256
5307 1384
5308 1512
5309 1640
5310 1768
5311 1896
5312 2024
5313 1121
5314 1122
5315 1123
5316 1124
5317 1125
5318 1126
5319 1127
5320 1128
5321 1129
5322 1130
5323 1131
5324 1132
5325 1133
5326 1134
5327 1135
5328 113
5329 241
5330 115
5331 243
5332 114
5333 242
5334 497
5335 499
5336 498
5337 369
5338 370
5339 371
5340 117
5341 245
5342 119
5343 247
5344 118
5345 246
5346 501
5347 503
5348 502
5349 373
5350 374
5351 375
5352 116
5353 244
5354 372
5355 500
5356 753
5357 755
5358 754
5359 1009
5360 1011
5361 1010
5362 881
5363 882
5364 883
5365 757
5366 759
5367 758
5368 1013
5369 1015
5370 1014
5371 885
5372 886
5373 887
5374 756
5375 884
5376 1012
5377 625
5378 626
5379 627
5380 628
5381 629
5382 630
5383 631
5384 121
5385 249
5386 123
5387 251
5388 122
5389 250
5390 505
5391 507
5392 506
5393 377
5394 378
5395 379
5396 125
5397 253
5398 127
5399 255
5400 126
5401 254
5402 509
5403 511
5404 510
5405 381
5406 382
5407 383
5408 124
5409 252
5410 380
5411 508
5412 761
5413 763
5414 762
5415 1017
5416 1019
5417 1018
5418 889
5419 890
5420 891
5421 765
5422 767
5423 766
5424 1021
5425 1023
5426 1022
5427 893
5428 894
5429 895
5430 764
5431 892
5432 1020
5433 633
5434 634
5435 635
5436 636
5437 637
5438 638
5439 639
5440 120
5441 248
5442 376
5443 504
5444 632
5445 760
5446 888
5447 1016
5448 1265
5449 1267
5450 1266
5451 1521
5452 1523
5453 1522
5454 1393
5455 1394
5456 1395
5457 1269
5458 1271
5459 1270
5460 1525
5461 1527
5462 1526
5463 1397
5464 1398
5465 1399
5466 1268
5467 1396
5468 1524
5469 1777
5470 1779
5471 1778
5472 2033
5473 2035
5474 2034
5475 1905
5476 1906
5477 1907
5478 1781
5479 1783
5480 1782
5481 2037
5482 2039
5483 2038
5484 1909
5485 1910
5486 1911
5487 1780
5488 1908
5489 2036
5490 1649
5491 1650
5492 1651
5493 1652
5494 1653
5495 1654
5496 1655
5497 1273
5498 1275
5499 1274
5500 1529
5501 1531
5502 1530
5503 1401
5504 1402
5505 1403
5506 1277
5507 1279
5508 1278
5509 1533
5510 1535
5511 1534
5512 1405
5513 1406
5514 1407
5515 1276
5516 1404
5517 1532
5518 1785
5519 1787
5520 1786
5521 2041
5522 2043
5523 2042
5524 1913
5525 1914
5526 1915
5527 1789
5528 1791
5529 1790
5530 2045
5531 2047
5532 2046
5533 1917
5534 1918
5535 1919
5536 1788
5537 1916
5538 2044
5539 1657
5540 1658
5541 1659
5542 1660
5543 1661
5544 1662
5545 1663
5546 1272
5547 1400
5548 1528
5549 1656
5550 1784
5551 1912
5552 2040
5553 1137
5554 1138
5555 1139
5556 1140
5557 1141
5558 1142
5559 1143
5560 1144
5561 1145
5562 1146
5563 1147
5564 1148
5565 1149
5566 1150
5567 1151
5568 112
5569 240
5570 368
5571 496
5572 624
5573 752
5574 880
5575 1008
5576 1136
5577 1264
5578 1392
5579 1520
5580 1648
5581 1776
5582 1904
5583 2032
5584 2273
5585 2275
5586 2274
5587 2529
5588 2531
5589 2530
5590 2401
5591 2402
5592 2403
5593 2277
5594 2279
5595 2278
5596 2533
5597 2535
5598 2534
5599 2405
5600 2406
5601 2407
5602 2276
5603 2404
5604 2532
5605 2785
5606 2787
5607 2786
5608 3041
5609 3043
5610 3042
5611 2913
5612 2914
5613 2915
5614 2789
5615 2791
5616 2790
5617 3045
5618 3047
5619 3046
5620 2917
5621 2918
5622 2919
5623 2788
5624 2916
5625 3044
5626 2657
5627 2658
5628 2659
5629 2660
5630 2661
5631 2662
5632 2663
5633 2281
5634 2283
5635 2282
5636 2537
5637 2539
5638 2538
5639 2409
5640 2410
5641 2411
5642 2285
5643 2287
5644 2286
5645 2541
5646 2543
5647 2542
5648 2413
5649 2414
5650 2415
5651 2284
5652 2412
5653 2540
5654 2793
5655 2795
5656 2794
5657 3049
5658 3051
5659 3050
5660 2921
5661 2922
5662 2923
5663 2797
5664 2799
5665 2798
5666 3053
5667 3055
5668 3054
5669 2925
5670 2926
5671 2927
5672 2796
5673 2924
5674 3052
5675 2665
5676 2666
5677 2667
5678 2668
5679 2669
5680 2670
5681 2671
5682 2280
5683 2408
5684 2536
5685 2664
5686 2792
5687 2920
5688 3048
5689 3297
5690 3299
5691 3298
5692 3553
5693 3555
5694 3554
5695 3425
5696 3426
5697 3427
5698 3301
5699 3303
5700 3302
5701 3557
5702 3559
5703 3558
5704 3429
5705 3430
5706 3431
5707 3300
5708 3428
5709 3556
5710 3809
5711 3811
5712 3810
5713 4065
5714 4067
5715 4066
5716 3937
5717 3938
5718 3939
5719 3813
5720 3815
5721 3814
5722 4069
5723 4071
5724 4070
5725 3941
5726 3942
5727 3943
5728 3812
5729 3940
5730 4068
5731 3681
5732 3682
5733 3683
5734 3684
5735 3685
5736 3686
5737 3687
5738 3305
5739 3307
5740 3306
5741 3561
5742 3563
5743 3562
5744 3433
5745 3434
5746 3435
5747 3309
5748 3311
5749 3310
5750 3565
5751 3567
5752 3566
5753 3437
5754 3438
5755 3439
5756 3308
5757 3436
5758 3564
5759 3817
5760 3819
5761 3818
5762 4073
5763 4075
5764 4074
5765 3945
5766 3946
5767 3947
5768 3821
5769 3823
5770 3822
5771 4077
5772 4079
5773 4078
5774 3949
5775 3950
5776 3951
5777 3820
5778 3948
5779 4076
5780 3689
5781 3690
5782 3691
5783 3692
5784 3693
5785 3694
5786 3695
5787 3304
5788 3432
5789 3560
5790 3688
5791 3816
5792 3944
5793 4072
5794 3169
5795 3170
5796 3171
5797 3172
5798 3173
5799 3174
5800 3175
5801 3176
5802 3177
5803 3178
5804 3179
5805 3180
5806 3181
5807 3182
5808 3183
5809 2289
5810 2291
5811 2290
5812 2545
5813 2547
5814 2546
5815 2417
5816 2418
5817 2419
5818 2293
5819 2295
5820 2294
5821 2549
5822 2551
5823 2550
5824 2421
5825 2422
5826 2423
5827 2292
5828 2420
5829 2548
5830 2801
5831 2803
5832 2802
5833 3057
5834 3059
5835 3058
5836 2929
5837 2930
5838 2931
5839 2805
5840 2807
5841 2806
5842 3061
5843 3063
5844 3062
5845 2933
5846 2934
5847 2935
5848 2804
5849 2932
5850 3060
5851 2673
5852 2674
5853 2675
5854 2676
5855 2677
5856 2678
5857 2679
5858 2297
5859 2299
5860 2298
5861 2553
5862 2555
5863 2554
5864 2425
5865 2426
5866 2427
5867 2301
5868 2303
5869 2302
5870 2557
5871 2559
5872 2558
5873 2429
5874 2430
5875 2431
5876 2300
5877 2428
5878 2556
5879 2809
5880 2811
5881 2810
5882 3065
5883 3067
5884 3066
5885 2937
5886 2938
5887 2939
5888 2813
5889 2815
5890 2814
5891 3069
5892 3071
5893 3070
5894 2941
5895 2942
5896 2943
5897 2812
5898 2940
5899 3068
5900 2681
5901 2682
5902 2683
5903 2684
5904 2685
5905 2686
5906 2687
5907 2296
5908 2424
5909 2552
5910 2680
5911 2808
5912 2936
5913 3064
5914 3313
5915 3315
5916 3314
5917 3569
5918 3571
5919 3570
5920 3441
5921 3442
5922 3443
5923 3317
5924 3319
5925 3318
5926 3573
5927 3575
5928 3574
5929 3445
5930 3446
5931 3447
5932 3316
5933 3444
5934 3572
5935 3825
5936 3827
5937 3826
5938 4081
5939 4083
5940 4082
5941 3953
5942 3954
5943 3955
5944 3829
5945 3831
5946 3830
5947 4085
5948 4087
5949 4086
5950 3957
5951 3958
5952 3959
5953 3828
5954 3956
5955 4084
5956 3697
5957 3698
5958 3699
5959 3700
5960 3701
5961 3702
5962 3703
5963 3321
5964 3323
5965 3322
5966 3577
5967 3579
5968 3578
5969 3449
5970 3450
5971 3451
5972 3325
5973 3327
5974 3326
5975 3581
5976 3583
5977 3582
5978 3453
5979 3454
5980 3455
5981 3324
5982 3452
5983 3580
5984 3833
5985 3835
5986 3834
5987 4089
5988 4091
5989 4090
5990 3961
5991 3962
5992 3963
5993 3837
5994 3839
5995 3838
5996 4093
5997 4095
5998 4094
5999 3965
6000 3966
6001 3967
6002 3836
6003 3964
6004 4092
6005 3705
6006 3706
6007 3707
6008 3708
6009 3709
6010 3710
6011 3711
6012 3320
6013 3448
6014 3576
6015 3704
6016 3832
6017 3960
6018 4088
6019 3185
6020 3186
6021 3187
6022 3188
6023 3189
6024 3190
6025 3191
6026 3192
6027 3193
6028 3194
6029 3195
6030 3196
6031 3197
6032 3198
6033 3199
6034 2288
6035 2416
6036 2544
6037 2672
6038 2800
6039 2928
6040 3056
6041 3184
6042 3312
6043 3440
6044 3568
6045 3696
6046 3824
6047 3952
6048 4080
6049 2145
6050 2146
6051 2147
6052 2148
6053 2149
6054 2150
6055 2151
6056 2152
6057 2153
6058 2154
6059 2155
6060 2156
6061 2157
6062 2158
6063 2159
6064 2160
6065 2161
6066 2162
6067 2163
6068 2164
6069 2165
6070 2166
6071 2167
6072 2168
6073 2169
6074 2170
6075 2171
6076 2172
6077 2173
6078 2174
6079 2175
6080 96
6081 224
6082 352
6083 480
6084 608
6085 736
6086 864
6087 992
6088 1120
6089 1248
6090 1376
6091 1504
6092 1632
6093 1760
6094 1888
6095 2016
6096 2144
6097 2272
6098 2400
6099 2528
6100 2656
6101 2784
6102 2912
6103 3040
6104 3168
6105 3296
6106 3424
6107 3552
6108 3680
6109 3808
6110 3936
6111 4064
6112 4289
6113 4291
6114 4290
6115 4545
6116 4547
6117 4546
6118 4417
6119 4418
6120 4419
6121 4293
6122 4295
6123 4294
6124 4549
6125 4551
6126 4550
6127 4421
6128 4422
6129 4423
6130 4292
6131 4420
6132 4548
6133 4801
6134 4803
6135 4802
6136 5057
6137 5059
6138 5058
6139 4929
6140 4930
6141 4931
6142 4805
6143 4807
6144 4806
6145 5061
6146 5063
6147 5062
6148 4933
6149 4934
6150 4935
6151 4804
6152 4932
6153 5060
6154 4673
6155 4674
6156 4675
6157 4676
6158 4677
6159 4678
6160 4679
6161 4297
6162 4299
6163 4298
6164 4553
6165 4555
6166 4554
6167 4425
6168 4426
6169 4427
6170 4301
6171 4303
6172 4302
6173 4557
6174 4559
6175 4558
6176 4429
6177 4430
6178 4431
6179 4300
6180 4428
6181 4556
6182 4809
6183 4811
6184 4810
6185 5065
6186 5067
6187 5066
6188 4937
6189 4938
6190 4939
6191 4813
6192 4815
6193 4814
6194 5069
6195 5071
6196 5070
6197 4941
6198 4942
6199 4943
6200 4812
6201 4940
6202 5068
6203 4681
6204 4682
6205 4683
6206 4684
6207 4685
6208 4686
6209 4687
6210 4296
6211 4424
6212 4552
6213 4680
6214 4808
6215 4936
6216 5064
6217 5313
6218 5315
6219 5314
6220 5569
6221 5571
6222 5570
6223 5441
6224 5442
6225 5443
6226 5317
6227 5319
6228 5318
6229 5573
6230 5575
6231 5574
6232 5445
6233 5446
6234 5447
6235 5316
6236 5444
6237 5572
6238 5825
6239 5827
6240 5826
6241 6081
6242 6083
6243 6082
6244 5953
6245 5954
6246 5955
6247 5829
6248 5831
6249 5830
6250 6085
6251 6087
6252 6086
6253 5957
6254 5958
6255 5959
6256 5828
6257 5956
6258 6084
6259 5697
6260 5698
6261 5699
6262 5700
6263 5701
6264 5702
6265 5703
6266 5321
6267 5323
6268 5322
6269 5577
6270 5579
6271 5578
6272 5449
6273 5450
6274 5451
6275 5325
6276 5327
6277 5326
6278 5581
6279 5583
6280 5582
6281 5453
6282 5454
6283 5455
6284 5324
6285 5452
6286 5580
6287 5833
6288 5835
6289 5834
6290 6089
6291 6091
6292 6090
6293 5961
6294 5962
6295 5963
6296 5837
6297 5839
6298 5838
6299 6093
6300 6095
6301 6094
6302 5965
6303 5966
6304 5967
6305 5836
6306 5964
6307 6092
6308 5705
6309 5706
6310 5707
6311 5708
6312 5709
6313 5710
6314 5711
6315 5320
6316 5448
6317 5576
6318 5704
6319 5832
6320 5960
6321 6088
6322 5185
6323 5186
6324 5187
6325 5188
6326 5189
6327 5190
6328 5191
6329 5192
6330 5193
6331 5194
6332 5195
6333 5196
6334 5197
6335 5198
6336 5199
6337 4305
6338 4307
6339 4306
6340 4561
6341 4563
6342 4562
6343 4433
6344 4434
6345 4435
6346 4309
6347 4311
6348 4310
6349 4565
6350 4567
6351 4566
6352 4437
6353 4438
6354 4439
6355 4308
6356 4436
6357 4564
6358 4817
6359 4819
6360 4818
6361 5073
6362 5075
6363 5074
6364 4945
6365 4946
6366 4947
6367 4821
6368 4823
6369 4822
6370 5077
6371 5079
6372 5078
6373 4949
6374 4950
6375 4951
6376 4820
6377 4948
6378 5076
6379 4689
6380 4690
6381 4691
6382 4692
6383 4693
6384 4694
6385 4695
6386 4313
6387 4315
6388 4314
6389 4569
6390 4571
6391 4570
6392 4441
6393 4442
6394 4443
6395 4317
6396 4319
6397 4318
6398 4573
6399 4575
6400 4574
6401 4445
6402 4446
6403 4447
6404 4316
6405 4444
6406 4572
6407 4825
6408 4827
6409 4826
6410 5081
6411 5083
6412 5082
6413 4953
6414 4954
6415 4955
6416 4829
6417 4831
6418 4830
6419 5085
6420 5087
6421 5086
6422 4957
6423 4958
6424 4959
6425 4828
6426 4956
6427 5084
6428 4697
6429 4698
6430 4699
6431 4700
6432 4701
6433 4702
6434 4703
6435 4312
6436 4440
6437 4568
6438 4696
6439 4824
6440 4952
6441 5080
6442 5329
6443 5331
6444 5330
6445 5585
6446 5587
6447 5586
6448 5457
6449 5458
6450 5459
6451 5333
6452 5335
6453 5334
6454 5589
6455 5591
6456 5590
6457 5461
6458 5462
6459 5463
6460 5332
6461 5460
6462 5588
6463 5841
6464 5843
6465 5842
6466 6097
6467 6099
6468 6098
6469 5969
6470 5970
6471 5971
6472 5845
6473 5847
6474 5846
6475 6101
6476 6103
6477 6102
6478 5973
6479 5974
6480 5975
6481 5844
6482 5972
6483 6100
6484 5713
6485 5714
6486 5715
6487 5716
6488 5717
6489 5718
6490 5719
6491 5337
6492 5339
6493 5338
6494 5593
6495 5595
6496 5594
6497 5465
6498 5466
6499 5467
6500 5341
6501 5343
6502 5342
6503 5597
6504 5599
6505 5598
6506 5469
6507 5470
6508 5471
6509 5340
6510 5468
6511 5596
6512 5849
6513 5851
6514 5850
6515 6105
6516 6107
6517 6106
6518 5977
6519 5978
6520 5979
6521 5853
6522 5855
6523 5854
6524 6109
6525 6111
6526 6110
6527 5981
6528 5982
6529 5983
6530 5852
6531 5980
6532 6108
6533 5721
6534 5722
6535 5723
6536 5724
6537 5725
6538 5726
6539 5727
6540 5336
6541 5464
6542 5592
6543 5720
6544 5848
6545 5976
6546 6104
6547 5201
6548 5202
6549 5203
6550 5204
6551 5205
6552 5206
6553 5207
6554 5208
6555 5209
6556 5210
6557 5211
6558 5212
6559 5213
6560 5214
6561 5215
6562 4304
6563 4432
6564 4560
6565 4688
6566 4816
6567 4944
6568 5072
6569 5200
6570 5328
6571 5456
6572 5584
6573 5712
6574 5840
6575 5968
6576 6096
6577 6337
6578 6339
6579 6338
6580 6593
6581 6595
6582 6594
6583 6465
6584 6466
6585 6467
6586 6341
6587 6343
6588 6342
6589 6597
6590 6599
6591 6598
6592 6469
6593 6470
6594 6471
6595 6340
6596 6468
6597 6596
6598 6849
6599 6851
6600 6850
6601 7105
6602 7107
6603 7106
6604 6977
6605 6978
6606 6979
6607 6853
6608 6855
6609 6854
6610 7109
6611 7111
6612 7110
6613 6981
6614 6982
6615 6983
6616 6852
6617 6980
6618 7108
6619 6721
6620 6722
6621 6723
6622 6724
6623 6725
6624 6726
6625 6727
6626 6345
6627 6347
6628 6346
6629 6601
6630 6603
6631 6602
6632 6473
6633 6474
6634 6475
6635 6349
6636 6351
6637 6350
6638 6605
6639 6607
6640 6606
6641 6477
6642 6478
6643 6479
6644 6348
6645 6476
6646 6604
6647 6857
6648 6859
6649 6858
6650 7113
6651 7115
6652 7114
6653 6985
6654 6986
6655 6987
6656 6861
6657 6863
6658 6862
6659 7117
6660 7119
6661 7118
6662 6989
6663 6990
6664 6991
6665 6860
6666 6988
6667 7116
6668 6729
6669 6730
6670 6731
6671 6732
6672 6733
6673 6734
6674 6735
6675 6344
6676 6472
6677 6600
6678 6728
6679 6856
6680 6984
6681 7112
6682 7361
6683 7363
6684 7362
6685 7617
6686 7619
6687 7618
6688 7489
6689 7490
6690 7491
6691 7365
6692 7367
6693 7366
6694 7621
6695 7623
6696 7622
6697 7493
6698 7494
6699 7495
6700 7364
6701 7492
6702 7620
6703 7873
6704 7875
6705 7874
6706 8129
6707 8131
6708 8130
6709 8001
6710 8002
6711 8003
6712 7877
6713 7879
6714 7878
6715 8133
6716 8135
6717 8134
6718 8005
6719 8006
6720 8007
6721 7876
6722 8004
6723 8132
6724 7745
6725 7746
6726 7747
6727 7748
6728 7749
6729 7750
6730 7751
6731 7369
6732 7371
6733 7370
6734 7625
6735 7627
6736 7626
6737 7497
6738 7498
6739 7499
6740 7373
6741 7375
6742 7374
6743 7629
6744 7631
6745 7630
6746 7501
6747 7502
6748 7503
6749 7372
6750 7500
6751 7628
6752 7881
6753 7883
6754 7882
6755 8137
6756 8139
6757 8138
6758 8009
6759 8010
6760 8011
6761 7885
6762 7887
6763 7886
6764 8141
6765 8143
6766 8142
6767 8013
6768 8014
6769 8015
6770 7884
6771 8012
6772 8140
6773 7753
6774 7754
6775 7755
6776 7756
6777 7757
6778 7758
6779 7759
6780 7368
6781 7496
6782 7624
6783 7752
6784 7880
6785 8008
6786 8136
6787 7233
6788 7234
6789 7235
6790 7236
6791 7237
6792 7238
6793 7239
6794 7240
6795 7241
6796 7242
6797 7243
6798 7244
6799 7245
6800 7246
6801 7247
6802 6353
6803 6355
6804 6354
6805 6609
6806 6611
6807 6610
6808 6481
6809 6482
6810 6483
6811 6357
6812 6359
6813 6358
6814 6613
6815 6615
6816 6614
6817 6485
6818 6486
6819 6487
6820 6356
6821 6484
6822 6612
6823 6865
6824 6867
6825 6866
6826 7121
6827 7123
6828 7122
6829 6993
6830 6994
6831 6995
6832 6869
6833 6871
6834 6870
6835 7125
6836 7127
6837 7126
6838 6997
6839 6998
6840 6999
6841 6868
6842 6996
6843 7124
6844 6737
6845 6738
6846 6739
6847 6740
6848 6741
6849 6742
6850 6743
6851 6361
6852 6363
6853 6362
6854 6617
6855 6619
6856 6618
6857 6489
6858 6490
6859 6491
6860 6365
6861 6367
6862 6366
6863 6621
6864 6623
6865 6622
6866 6493
6867 6494
6868 6495
6869 6364
6870 6492
6871 6620
6872 6873
6873 6875
6874 6874
6875 7129
6876 7131
6877 7130
6878 7001
6879 7002
6880 7003
6881 6877
6882 6879
6883 6878
6884 7133
6885 7135
6886 7134
6887 7005
6888 7006
6889 7007
6890 6876
6891 7004
6892 7132
6893 6745
6894 6746
6895 6747
6896 6748
6897 6749
6898 6750
6899 6751
6900 6360
6901 6488
6902 6616
6903 6744
6904 6872
6905 7000
6906 7128
6907 7377
6908 7379
6909 7378
6910 7633
6911 7635
6912 7634
6913 7505
6914 7506
6915 7507
6916 7381
6917 7383
6918 7382
6919 7637
6920 7639
6921 7638
6922 7509
6923 7510
6924 7511
6925 7380
6926 7508
6927 7636
6928 7889
6929 7891
6930 7890
6931 8145
6932 8147
6933 8146
6934 8017
6935 8018
6936 8019
6937 7893
6938 7895
6939 7894
6940 8149
6941 8151
6942 8150
6943 8021
6944 8022
6945 8023
6946 7892
6947 8020
6948 8148
6949 7761
6950 7762
6951 7763
6952 7764
6953 7765
6954 7766
6955 7767
6956 7385
6957 7387
6958 7386
6959 7641
6960 7643
6961 7642
6962 7513
6963 7514
6964 7515
6965 7389
6966 7391
6967 7390
6968 7645
6969 7647
6970 7646
6971 7517
6972 7518
6973 7519
6974 7388
6975 7516
6976 7644
6977 7897
6978 7899
6979 7898
6980 8153
6981 8155
6982 8154
6983 8025
6984 8026
6985 8027
6986 7901
6987 7903
6988 7902
6989 8157
6990 8159
6991 8158
6992 8029
6993 8030
6994 8031
6995 7900
6996 8028
6997 8156
6998 7769
6999 7770
7000 7771
7001 7772
7002 7773
7003 7774
7004 7775
7005 7384
7006 7512
7007 7640
7008 7768
7009 7896
7010 8024
7011 8152
7012 7249
7013 7250
7014 7251
7015 7252
7016 7253
7017 7254
7018 7255
7019 7256
7020 7257
7021 7258
7022 7259
7023 7260
7024 7261
7025 7262
7026 7263
7027 6352
7028 6480
7029 6608
7030 6736
7031 6864
7032 6992
7033 7120
7034 7248
7035 7376
7036 7504
7037 7632
7038 7760
7039 7888
7040 8016
7041 8144
7042 6209
7043 6210
7044 6211
7045 6212
7046 6213
7047 6214
7048 6215
7049 6216
7050 6217
7051 6218
7052 6219
7053 6220
7054 6221
7055 6222
7056 6223
7057 6224
7058 6225
7059 6226
7060 6227
7061 6228
7062 6229
7063 6230
7064 6231
7065 6232
7066 6233
7067 6234
7068 6235
7069 6236
7070 6237
7071 6238
7072 6239
7073 4321
7074 4323
7075 4322
7076 4577
7077 4579
7078 4578
7079 4449
7080 4450
7081 4451
7082 4325
7083 4327
7084 4326
7085 4581
7086 4583
7087 4582
7088 4453
7089 4454
7090 4455
7091 4324
7092 4452
7093 4580
7094 4833
7095 4835
7096 4834
7097 5089
7098 5091
7099 5090
7100 4961
7101 4962
7102 4963
7103 4837
7104 4839
7105 4838
7106 5093
7107 5095
7108 5094
7109 4965
7110 4966
7111 4967
7112 4836
7113 4964
7114 5092
7115 4705
7116 4706
7117 4707
7118 4708
7119 4709
7120 4710
7121 4711
7122 4329
7123 4331
7124 4330
7125 4585
7126 4587
7127 4586
7128 4457
7129 4458
7130 4459
7131 4333
7132 4335
7133 4334
7134 4589
7135 4591
7136 4590
7137 4461
7138 4462
7139 4463
7140 4332
7141 4460
7142 4588
7143 4841
7144 4843
7145 4842
7146 5097
7147 5099
7148 5098
7149 4969
7150 4970
7151 4971
7152 4845
7153 4847
7154 4846
7155 5101
7156 5103
7157 5102
7158 4973
7159 4974
7160 4975
7161 4844
7162 4972
7163 5100
7164 4713
7165 4714
7166 4715
7167 4716
7168 4717
7169 4718
7170 4719
7171 4328
7172 4456
7173 4584
7174 4712
7175 4840
7176 4968
7177 5096
7178 5345
7179 5347
7180 5346
7181 5601
7182 5603
7183 5602
7184 5473
7185 5474
7186 5475
7187 5349
7188 5351
7189 5350
7190 5605
7191 5607
7192 5606
7193 5477
7194 5478
7195 5479
7196 5348
7197 5476
7198 5604
7199 5857
7200 5859
7201 5858
7202 6113
7203 6115
7204 6114
7205 5985
7206 5986
7207 5987
7208 5861
7209 5863
7210 5862
7211 6117
7212 6119
7213 6118
7214 5989
7215 5990
7216 5991
7217 5860
7218 5988
7219 6116
7220 5729
7221 5730
7222 5731
7223 5732
7224 5733
7225 5734
7226 5735
7227 5353
7228 5355
7229 5354
7230 5609
7231 5611
7232 5610
7233 5481
7234 5482
7235 5483
7236 5357
7237 5359
7238 5358
7239 5613
7240 5615
7241 5614
7242 5485
7243 5486
7244 5487
7245 5356
7246 5484
7247 5612
7248 5865
7249 5867
7250 5866
7251 6121
7252 6123
7253 6122
7254 5993
7255 5994
7256 5995
7257 5869
7258 5871
7259 5870
7260 6125
7261 6127
7262 6126
7263 5997
7264 5998
7265 5999
7266 5868
7267 5996
7268 6124
7269 5737
7270 5738
7271 5739
7272 5740
7273 5741
7274 5742
7275 5743
7276 5352
7277 5480
7278 5608
7279 5736
7280 5864
7281 5992
7282 6120
7283 5217
7284 5218
7285 5219
7286 5220
7287 5221
7288 5222
7289 5223
7290 5224
7291 5225
7292 5226
7293 5227
7294 5228
7295 5229
7296 5230
7297 5231
7298 4337
7299 4339
7300 4338
7301 4593
7302 4595
7303 4594
7304 4465
7305 4466
7306 4467
7307 4341
7308 4343
7309 4342
7310 4597
7311 4599
7312 4598
7313 4469
7314 4470
7315 4471
7316 4340
7317 4468
7318 4596
7319 4849
7320 4851
7321 4850
7322 5105
7323 5107
7324 5106
7325 4977
7326 4978
7327 4979
7328 4853
7329 4855
7330 4854
7331 5109
7332 5111
7333 5110
7334 4981
7335 4982
7336 4983
7337 4852
7338 4980
7339 5108
7340 4721
7341 4722
7342 4723
7343 4724
7344 4725
7345 4726
7346 4727
7347 4345
7348 4347
7349 4346
7350 4601
7351 4603
7352 4602
7353 4473
7354 4474
7355 4475
7356 4349
7357 4351
7358 4350
7359 4605
7360 4607
7361 4606
7362 4477
7363 4478
7364 4479
7365 4348
7366 4476
7367 4604
7368 4857
7369 4859
7370 4858
7371 5113
7372 5115
7373 5114
7374 4985
7375 4986
7376 4987
7377 4861
7378 4863
7379 4862
7380 5117
7381 5119
7382 5118
7383 4989
7384 4990
7385 4991
7386 4860
7387 4988
7388 5116
7389 4729
7390 4730
7391 4731
7392 4732
7393 4733
7394 4734
7395 4735
7396 4344
7397 4472
7398 4600
7399 4728
7400 4856
7401 4984
7402 5112
7403 5361
7404 5363
7405 5362
7406 5617
7407 5619
7408 5618
7409 5489
7410 5490
7411 5491
7412 5365
7413 5367
7414 5366
7415 5621
7416 5623
7417 5622
7418 5493
7419 5494
7420 5495
7421 5364
7422 5492
7423 5620
7424 5873
7425 5875
7426 5874
7427 6129
7428 6131
7429 6130
7430 6001
7431 6002
7432 6003
7433 5877
7434 5879
7435 5878
7436 6133
7437 6135
7438 6134
7439 6005
7440 6006
7441 6007
7442 5876
7443 6004
7444 6132
7445 5745
7446 5746
7447 5747
7448 5748
7449 5749
7450 5750
7451 5751
7452 5369
7453 5371
7454 5370
7455 5625
7456 5627
7457 5626
7458 5497
7459 5498
7460 5499
7461 5373
7462 5375
7463 5374
7464 5629
7465 5631
7466 5630
7467 5501
7468 5502
7469 5503
7470 5372
7471 5500
7472 5628
7473 5881
7474 5883
7475 5882
7476 6137
7477 6139
7478 6138
7479 6009
7480 6010
7481 6011
7482 5885
7483 5887
7484 5886
7485 6141
7486 6143
7487 6142
7488 6013
7489 6014
7490 6015
7491 5884
7492 6012
7493 6140
7494 5753
7495 5754
7496 5755
7497 5756
7498 5757
7499 5758
7500 5759
7501 5368
7502 5496
7503 5624
7504 5752
7505 5880
7506 6008
7507 6136
7508 5233
7509 5234
7510 5235
7511 5236
7512 5237
7513 5238
7514 5239
7515 5240
7516 5241
7517 5242
7518 5243
7519 5244
7520 5245
7521 5246
7522 5247
7523 4336
7524 4464
7525 4592
7526 4720
7527 4848
7528 4976
7529 5104
7530 5232
7531 5360
7532 5488
7533 5616
7534 5744
7535 5872
7536 6000
7537 6128
7538 6369
7539 6371
7540 6370
7541 6625
7542 6627
7543 6626
7544 6497
7545 6498
7546 6499
7547 6373
7548 6375
7549 6374
7550 6629
7551 6631
7552 6630
7553 6501
7554 6502
7555 6503
7556 6372
7557 6500
7558 6628
7559 6881
7560 6883
7561 6882
7562 7137
7563 7139
7564 7138
7565 7009
7566 7010
7567 7011
7568 6885
7569 6887
7570 6886
7571 7141
7572 7143
7573 7142
7574 7013
7575 7014
7576 7015
7577 6884
7578 7012
7579 7140
7580 6753
7581 6754
7582 6755
7583 6756
7584 6757
7585 6758
7586 6759
7587 6377
7588 6379
7589 6378
7590 6633
7591 6635
7592 6634
7593 6505
7594 6506
7595 6507
7596 6381
7597 6383
7598 6382
7599 6637
7600 6639
7601 6638
7602 6509
7603 6510
7604 6511
7605 6380
7606 6508
7607 6636
7608 6889
7609 6891
7610 6890
7611 7145
7612 7147
7613 7146
7614 7017
7615 7018
7616 7019
7617 6893
7618 6895
7619 6894
7620 7149
7621 7151
7622 7150
7623 7021
7624 7022
7625 7023
7626 6892
7627 7020
7628 7148
7629 6761
7630 6762
7631 6763
7632 6764
7633 6765
7634 6766
7635 6767
7636 6376
7637 6504
7638 6632
7639 6760
7640 6888
7641 7016
7642 7144
7643 7393
7644 7395
7645 7394
7646 7649
7647 7651
7648 7650
7649 7521
7650 7522
7651 7523
7652 7397
7653 7399
7654 7398
7655 7653
7656 7655
7657 7654
7658 7525
7659 7526
7660 7527
7661 7396
7662 7524
7663 7652
7664 7905
7665 7907
7666 7906
7667 8161
7668 8163
7669 8162
7670 8033
7671 8034
7672 8035
7673 7909
7674 7911
7675 7910
7676 8165
7677 8167
7678 8166
7679 8037
7680 8038
7681 8039
7682 7908
7683 8036
7684 8164
7685 7777
7686 7778
7687 7779
7688 7780
7689 7781
7690 7782
7691 7783
7692 7401
7693 7403
7694 7402
7695 7657
7696 7659
7697 7658
7698 7529
7699 7530
7700 7531
7701 7405
7702 7407
7703 7406
7704 7661
7705 7663
7706 7662
7707 7533
7708 7534
7709 7535
7710 7404
7711 7532
7712 7660
7713 7913
7714 7915
7715 7914
7716 8169
7717 8171
7718 8170
7719 8041
7720 8042
7721 8043
7722 7917
7723 7919
7724 7918
7725 8173
7726 8175
7727 8174
7728 8045
7729 8046
7730 8047
7731 7916
7732 8044
7733 8172
7734 7785
7735 7786
7736 7787
7737 7788
7738 7789
7739 7790
7740 7791
7741 7400
7742 7528
7743 7656
7744 7784
7745 7912
7746 8040
7747 8168
7748 7265
7749 7266
7750 7267
7751 7268
7752 7269
7753 7270
7754 7271
7755 7272
7756 7273
7757 7274
7758 7275
7759 7276
7760 7277
7761 7278
7762 7279
7763 6385
7764 6387
7765 6386
7766 6641
7767 6643
7768 6642
7769 6513
7770 6514
7771 6515
7772 6389
7773 6391
7774 6390
7775 6645
7776 6647
7777 6646
7778 6517
7779 6518
7780 6519
7781 6388
7782 6516
7783 6644
7784 6897
7785 6899
7786 6898
7787 7153
7788 7155
7789 7154
7790 7025
7791 7026
7792 7027
7793 6901
7794 6903
7795 6902
7796 7157
7797 7159
7798 7158
7799 7029
7800 7030
7801 7031
7802 6900
7803 7028
7804 7156
7805 6769
7806 6770
7807 6771
7808 6772
7809 6773
7810 6774
7811 6775
7812 6393
7813 6395
7814 6394
7815 6649
7816 6651
7817 6650
7818 6521
7819 6522
7820 6523
7821 6397
7822 6399
7823 6398
7824 6653
7825 6655
7826 6654
7827 6525
7828 6526
7829 6527
7830 6396
7831 6524
7832 6652
7833 6905
7834 6907
7835 6906
7836 7161
7837 7163
7838 7162
7839 7033
7840 7034
7841 7035
7842 6909
7843 6911
7844 6910
7845 7165
7846 7167
7847 7166
7848 7037
7849 7038
7850 7039
7851 6908
7852 7036
7853 7164
7854 6777
7855 6778
7856 6779
7857 6780
7858 6781
7859 6782
7860 6783
7861 6392
7862 6520
7863 6648
7864 6776
7865 6904
7866 7032
7867 7160
7868 7409
7869 7411
7870 7410
7871 7665
7872 7667
7873 7666
7874 7537
7875 7538
7876 7539
7877 7413
7878 7415
7879 7414
7880 7669
7881 7671
7882 7670
7883 7541
7884 7542
7885 7543
7886 7412
7887 7540
7888 7668
7889 7921
7890 7923
7891 7922
7892 8177
7893 8179
7894 8178
7895 8049
7896 8050
7897 8051
7898 7925
7899 7927
7900 7926
7901 8181
7902 8183
7903 8182
7904 8053
7905 8054
7906 8055
7907 7924
7908 8052
7909 8180
7910 7793
7911 7794
7912 7795
7913 7796
7914 7797
7915 7798
7916 7799
7917 7417
7918 7419
7919 7418
7920 7673
7921 7675
7922 7674
7923 7545
7924 7546
7925 7547
7926 7421
7927 7423
7928 7422
7929 7677
7930 7679
7931 7678
7932 7549
7933 7550
7934 7551
7935 7420
7936 7548
7937 7676
7938 7929
7939 7931
7940 7930
7941 8185
7942 8187
7943 8186
7944 8057
7945 8058
7946 8059
7947 7933
7948 7935
7949 7934
7950 8189
7951 8191
7952 8190
7953 8061
7954 8062
7955 8063
7956 7932
7957 8060
7958 8188
7959 7801
7960 7802
7961 7803
7962 7804
7963 7805
7964 7806
7965 7807
7966 7416
7967 7544
7968 7672
7969 7800
7970 7928
7971 8056
7972 8184
7973 7281
7974 7282
7975 7283
7976 7284
7977 7285
7978 7286
7979 7287
7980 7288
7981 7289
7982 7290
7983 7291
7984 7292
7985 7293
7986 7294
7987 7295
7988 6384
7989 6512
7990 6640
7991 6768
7992 6896
7993 7024
7994 7152
7995 7280
7996 7408
7997 7536
7998 7664
7999 7792
8000 7920
8001 8048
8002 8176
8003 6241
8004 6242
8005 6243
8006 6244
8007 6245
8008 6246
8009 6247
8010 6248
8011 6249
8012 6250
8013 6251
8014 6252
8015 6253
8016 6254
8017 6255
8018 6256
8019 6257
8020 6258
8021 6259
8022 6260
8023 6261
8024 6262
8025 6263
8026 6264
8027 6265
8028 6266
8029 6267
8030 6268
8031 6269
8032 6270
8033 6271
8034 4320
8035 4448
8036 4576
8037 4704
8038 4832
8039 4960
8040 5088
8041 5216
8042 5344
8043 5472
8044 5600
8045 5728
8046 5856
8047 5984
8048 6112
8049 6240
8050 6368
8051 6496
8052 6624
8053 6752
8054 6880
8055 7008
8056 7136
8057 7264
8058 7392
8059 7520
8060 7648
8061 7776
8062 7904
8063 8032
8064 8160
8065 4161
8066 4162
8067 4163
8068 4164
8069 4165
8070 4166
8071 4167
8072 4168
8073 4169
8074 4170
8075 4171
8076 4172
8077 4173
8078 4174
8079 4175
8080 4176
8081 4177
8082 4178
8083 4179
8084 4180
8085 4181
8086 4182
8087 4183
8088 4184
8089 4185
8090 4186
8091 4187
8092 4188
8093 4189
8094 4190
8095 4191
8096 4192
8097 4193
8098 4194
8099 4195
8100 4196
8101 4197
8102 4198
8103 4199
8104 4200
8105 4201
8106 4202
8107 4203
8108 4204
8109 4205
8110 4206
8111 4207
8112 4208
8113 4209
8114 4210
8115 4211
8116 4212
8117 4213
8118 4214
8119 4215
8120 4216
8121 4217
8122 4218
8123 4219
8124 4220
8125 4221
8126 4222
8127 4223
8128 64
8129 192
8130 320
8131 448
8132 576
8133 704
8134 832
8135 960
8136 1088
8137 1216
8138 1344
8139 1472
8140 1600
8141 1728
8142 1856
8143 1984
8144 2112
8145 2240
8146 2368
8147 2496
8148 2624
8149 2752
8150 2880
8151 3008
8152 3136
8153 3264
8154 3392
8155 3520
8156 3648
8157 3776
8158 3904
8159 4032
8160 4160
8161 4288
8162 4416
8163 4544
8164 4672
8165 4800
8166 4928
8167 5056
8168 5184
8169 5312
8170 5440
8171 5568
8172 5696
8173 5824
8174 5952
8175 6080
8176 6208
8177 6336
8178 6464
8179 6592
8180 6720
8181 6848
8182 6976
8183 7104
8184 7232
8185 7360
8186 7488
8187 7616
8188 7744
8189 7872
8190 8000
8191 8128
8192 8320
8193 8321
8194 8323
8195 8322
8196 8576
8197 8577
8198 8579
8199 8578
8200 8448
8201 8449
8202 8450
8203 8451
8204 8325
8205 8327
8206 8326
8207 8581
8208 8583
8209 8582
8210 8453
8211 8454
8212 8455
8213 8324
8214 8452
8215 8580
8216 8832
8217 8833
8218 8835
8219 8834
8220 9088
8221 9089
8222 9091
8223 9090
8224 8960
8225 8961
8226 8962
8227 8963
8228 8837
8229 8839
8230 8838
8231 9093
8232 9095
8233 9094
8234 8965
8235 8966
8236 8967
8237 8836
8238 8964
8239 9092
8240 8704
8241 8705
8242 8706
8243 8707
8244 8708
8245 8709
8246 8710
8247 8711
8248 8329
8249 8331
8250 8330
8251 8585
8252 8587
8253 8586
8254 8457
8255 8458
8256 8459
8257 8333
8258 8335
8259 8334
8260 8589
8261 8591
8262 8590
8263 8461
8264 8462
8265 8463
8266 8332
8267 8460
8268 8588
8269 8841
8270 8843
8271 8842
8272 9097
8273 9099
8274 9098
8275 8969
8276 8970
8277 8971
8278 8845
8279 8847
8280 8846
8281 9101
8282 9103
8283 9102
8284 8973
8285 8974
8286 8975
8287 8844
8288 8972
8289 9100
8290 8713
8291 8714
8292 8715
8293 8716
8294 8717
8295 8718
8296 8719
8297 8328
8298 8456
8299 8584
8300 8712
8301 8840
8302 8968
8303 9096
8304 9344
8305 9345
8306 9347
8307 9346
8308 9600
8309 9601
8310 9603
8311 9602
8312 9472
8313 9473
8314 9474
8315 9475
8316 9349
8317 9351
8318 9350
8319 9605
8320 9607
8321 9606
8322 9477
8323 9478
8324 9479
8325 9348
8326 9476
8327 9604
8328 9856
8329 9857
8330 9859
8331 9858
8332 10112
8333 10113
8334 10115
8335 10114
8336 9984
8337 9985
8338 9986
8339 9987
8340 9861
8341 9863
8342 9862
8343 10117
8344 10119
8345 10118
8346 9989
8347 9990
8348 9991
8349 9860
8350 9988
8351 10116
8352 9728
8353 9729
8354 9730
8355 9731
8356 9732
8357 9733
8358 9734
8359 9735
8360 9353
8361 9355
8362 9354
8363 9609
8364 9611
8365 9610
8366 9481
8367 9482
8368 9483
8369 9357
8370 9359
8371 9358
8372 9613
8373 9615
8374 9614
8375 9485
8376 9486
8377 9487
8378 9356
8379 9484
8380 9612
8381 9865
8382 9867
8383 9866
8384 10121
8385 10123
8386 10122
8387 9993
8388 9994
8389 9995
8390 9869
8391 9871
8392 9870
8393 10125
8394 10127
8395 10126
8396 9997
8397 9998
8398 9999
8399 9868
8400 9996
8401 10124
8402 9737
8403 9738
8404 9739
8405 9740
8406 9741
8407 9742
8408 9743
8409 9352
8410 9480
8411 9608
8412 9736
8413 9864
8414 9992
8415 10120
8416 9216
8417 9217
8418 9218
8419 9219
8420 9220
8421 9221
8422 9222
8423 9223
8424 9224
8425 9225
8426 9226
8427 9227
8428 9228
8429 9229
8430 9230
8431 9231
8432 8337
8433 8339
8434 8338
8435 8593
8436 8595
8437 8594
8438 8465
8439 8466
8440 8467
8441 8341
8442 8343
8443 8342
8444 8597
8445 8599
8446 8598
8447 8469
8448 8470
8449 8471
8450 8340
8451 8468
8452 8596
8453 8849
8454 8851
8455 8850
8456 9105
8457 9107
8458 9106
8459 8977
8460 8978
8461 8979
8462 8853
8463 8855
8464 8854
8465 9109
8466 9111
8467 9110
8468 8981
8469 8982
8470 8983
8471 8852
8472 8980
8473 9108
8474 8721
8475 8722
8476 8723
8477 8724
8478 8725
8479 8726
8480 8727
8481 8345
8482 8347
8483 8346
8484 8601
8485 8603
8486 8602
8487 8473
8488 8474
8489 8475
8490 8349
8491 8351
8492 8350
8493 8605
8494 8607
8495 8606
8496 8477
8497 8478
8498 8479
8499 8348
8500 8476
8501 8604
8502 8857
8503 8859
8504 8858
8505 9113
8506 9115
8507 9114
8508 8985
8509 8986
8510 8987
8511 8861
8512 8863
8513 8862
8514 9117
8515 9119
8516 9118
8517 8989
8518 8990
8519 8991
8520 8860
8521 8988
8522 9116
8523 8729
8524 8730
8525 8731
8526 8732
8527 8733
8528 8734
8529 8735
8530 8344
8531 8472
8532 8600
8533 8728
8534 8856
8535 8984
8536 9112
8537 9361
8538 9363
8539 9362
8540 9617
8541 9619
8542 9618
8543 9489
8544 9490
8545 9491
8546 9365
8547 9367
8548 9366
8549 9621
8550 9623
8551 9622
8552 9493
8553 9494
8554 9495
8555 9364
8556 9492
8557 9620
8558 9873
8559 9875
8560 9874
8561 10129
8562 10131
8563 10130
8564 10001
8565 10002
8566 10003
8567 9877
8568 9879
8569 9878
8570 10133
8571 10135
8572 10134
8573 10005
8574 10006
8575 10007
8576 9876
8577 10004
8578 10132
8579 9745
8580 9746
8581 9747
8582 9748
8583 9749
8584 9750
8585 9751
8586 9369
8587 9371
8588 9370
8589 9625
8590 9627
8591 9626
8592 9497
8593 9498
8594 9499
8595 9373
8596 9375
8597 9374
8598 9629
8599 9631
8600 9630
8601 9501
8602 9502
8603 9503
8604 9372
8605 9500
8606 9628
8607 9881
8608 9883
8609 9882
8610 10137
8611 10139
8612 10138
8613 10009
8614 10010
8615 10011
8616 9885
8617 9887
8618 9886
8619 10141
8620 10143
8621 10142
8622 10013
8623 10014
8624 10015
8625 9884
8626 10012
8627 10140
8628 9753
8629 9754
8630 9755
8631 9756
8632 9757
8633 9758
8634 9759
8635 9368
8636 9496
8637 9624
8638 9752
8639 9880
8640 10008
8641 10136
8642 9233
8643 9234
8644 9235
8645 9236
8646 9237
8647 9238
8648 9239
8649 9240
8650 9241
8651 9242
8652 9243
8653 9244
8654 9245
8655 9246
8656 9247
8657 8336
8658 8464
8659 8592
8660 8720
8661 8848
8662 8976
8663 9104
8664 9232
8665 9360
8666 9488
8667 9616
8668 9744
8669 9872
8670 10000
8671 10128
8672 10368
8673 10369
8674 10371
8675 10370
8676 10624
8677 10625
8678 10627
8679 10626
8680 10496
8681 10497
8682 10498
8683 10499
8684 10373
8685 10375
8686 10374
8687 10629
8688 10631
8689 10630
8690 10501
8691 10502
8692 10503
8693 10372
8694 10500
8695 10628
8696 10880
8697 10881
8698 10883
8699 10882
8700 11136
8701 11137
8702 11139
8703 11138
8704 11008
8705 11009
8706 11010
8707 11011
8708 10885
8709 10887
8710 10886
8711 11141
8712 11143
8713 11142
8714 11013
8715 11014
8716 11015
8717 10884
8718 11012
8719 11140
8720 10752
8721 10753
8722 10754
8723 10755
8724 10756
8725 10757
8726 10758
8727 10759
8728 10377
8729 10379
8730 10378
8731 10633
8732 10635
8733 10634
8734 10505
8735 10506
8736 10507
8737 10381
8738 10383
8739 10382
8740 10637
8741 10639
8742 10638
8743 10509
8744 10510
8745 10511
8746 10380
8747 10508
8748 10636
8749 10889
8750 10891
8751 10890
8752 11145
8753 11147
8754 11146
8755 11017
8756 11018
8757 11019
8758 10893
8759 10895
8760 10894
8761 11149
8762 11151
8763 11150
8764 11021
8765 11022
8766 11023
8767 10892
8768 11020
8769 11148
8770 10761
8771 10762
8772 10763
8773 10764
8774 10765
8775 10766
8776 10767
8777 10376
8778 10504
8779 10632
8780 10760
8781 10888
8782 11016
8783 11144
8784 11392
8785 11393
8786 11395
8787 11394
8788 11648
8789 11649
8790 11651
8791 11650
8792 11520
8793 11521
8794 11522
8795 11523
8796 11397
8797 11399
8798 11398
8799 11653
8800 11655
8801 11654
8802 11525
8803 11526
8804 11527
8805 11396
8806 11524
8807 11652
8808 11904
8809 11905
8810 11907
8811 11906
8812 12160
8813 12161
8814 12163
8815 12162
8816 12032
8817 12033
8818 12034
8819 12035
8820 11909
8821 11911
8822 11910
8823 12165
8824 12167
8825 12166
8826 12037
8827 12038
8828 12039
8829 11908
8830 12036
8831 12164
8832 11776
8833 11777
8834 11778
8835 11779
8836 11780
8837 11781
8838 11782
8839 11783
8840 11401
8841 11403
8842 11402
8843 11657
8844 11659
8845 11658
8846 11529
8847 11530
8848 11531
8849 11405
8850 11407
8851 11406
8852 11661
8853 11663
8854 11662
8855 11533
8856 11534
8857 11535
8858 11404
8859 11532
8860 11660
8861 11913
8862 11915
8863 11914
8864 12169
8865 12171
8866 12170
8867 12041
8868 12042
8869 12043
8870 11917
8871 11919
8872 11918
8873 12173
8874 12175
8875 12174
8876 12045
8877 12046
8878 12047
8879 11916
8880 12044
8881 12172
8882 11785
8883 11786
8884 11787
8885 11788
8886 11789
8887 11790
8888 11791
8889 11400
8890 11528
8891 11656
8892 11784
8893 11912
8894 12040
8895 12168
8896 11264
8897 11265
8898 11266
8899 11267
8900 11268
8901 11269
8902 11270
8903 11271
8904 11272
8905 11273
8906 11274
8907 11275
8908 11276
8909 11277
8910 11278
8911 11279
8912 10385
8913 10387
8914 10386
8915 10641
8916 10643
8917 10642
8918 10513
8919 10514
8920 10515
8921 10389
8922 10391
8923 10390
8924 10645
8925 10647
8926 10646
8927 10517
8928 10518
8929 10519
8930 10388
8931 10516
8932 10644
8933 10897
8934 10899
8935 10898
8936 11153
8937 11155
8938 11154
8939 11025
8940 11026
8941 11027
8942 10901
8943 10903
8944 10902
8945 11157
8946 11159
8947 11158
8948 11029
8949 11030
8950 11031
8951 10900
8952 11028
8953 11156
8954 10769
8955 10770
8956 10771
8957 10772
8958 10773
8959 10774
8960 10775
8961 10393
8962 10395
8963 10394
8964 10649
8965 10651
8966 10650
8967 10521
8968 10522
8969 10523
8970 10397
8971 10399
8972 10398
8973 10653
8974 10655
8975 10654
8976 10525
8977 10526
8978 10527
8979 10396
8980 10524
8981 10652
8982 10905
8983 10907
8984 10906
8985 11161
8986 11163
8987 11162
8988 11033
8989 11034
8990 11035
8991 10909
8992 10911
8993 10910
8994 11165
8995 11167
8996 11166
8997 11037
8998 11038
8999 11039
9000 10908
9001 11036
9002 11164
9003 10777
9004 10778
9005 10779
9006 10780
9007 10781
9008 10782
9009 10783
9010 10392
9011 10520
9012 10648
9013 10776
9014 10904
9015 11032
9016 11160
9017 11409
9018 11411
9019 11410
9020 11665
9021 11667
9022 11666
9023 11537
9024 11538
9025 11539
9026 11413
9027 11415
9028 11414
9029 11669
9030 11671
9031 11670
9032 11541
9033 11542
9034 11543
9035 11412
9036 11540
9037 11668
9038 11921
9039 11923
9040 11922
9041 12177
9042 12179
9043 12178
9044 12049
9045 12050
9046 12051
9047 11925
9048 11927
9049 11926
9050 12181
9051 12183
9052 12182
9053 12053
9054 12054
9055 12055
9056 11924
9057 12052
9058 12180
9059 11793
9060 11794
9061 11795
9062 11796
9063 11797
9064 11798
9065 11799
9066 11417
9067 11419
9068 11418
9069 11673
9070 11675
9071 11674
9072 11545
9073 11546
9074 11547
9075 11421
9076 11423
9077 11422
9078 11677
9079 11679
9080 11678
9081 11549
9082 11550
9083 11551
9084 11420
9085 11548
9086 11676
9087 11929
9088 11931
9089 11930
9090 12185
9091 12187
9092 12186
9093 12057
9094 12058
9095 12059
9096 11933
9097 11935
9098 11934
9099 12189
9100 12191
9101 12190
9102 12061
9103 12062
9104 12063
9105 11932
9106 12060
9107 12188
9108 11801
9109 11802
9110 11803
9111 11804
9112 11805
9113 11806
9114 11807
9115 11416
9116 11544
9117 11672
9118 11800
9119 11928
9120 12056
9121 12184
9122 11281
9123 11282
9124 11283
9125 11284
9126 11285
9127 11286
9128 11287
9129 11288
9130 11289
9131 11290
9132 11291
9133 11292
9134 11293
9135 11294
9136 11295
9137 10384
9138 10512
9139 10640
9140 10768
9141 10896
9142 11024
9143 11152
9144 11280
9145 11408
9146 11536
9147 11664
9148 11792
9149 11920
9150 12048
9151 12176
9152 10240
9153 10241
9154 10242
9155 10243
9156 10244
9157 10245
9158 10246
9159 10247
9160 10248
9161 10249
9162 10250
9163 10251
9164 10252
9165 10253
9166 10254
9167 10255
9168 10256
9169 10257
9170 10258
9171 10259
9172 10260
9173 10261
9174 10262
9175 10263
9176 10264
9177 10265
9178 10266
9179 10267
9180 10268
9181 10269
9182 10270
9183 10271
9184 8353
9185 8355
9186 8354
9187 8609
9188 8611
9189 8610
9190 8481
9191 8482
9192 8483
9193 8357
9194 8359
9195 8358
9196 8613
9197 8615
9198 8614
9199 8485
9200 8486
9201 8487
9202 8356
9203 8484
9204 8612
9205 8865
9206 8867
9207 8866
9208 9121
9209 9123
9210 9122
9211 8993
9212 8994
9213 8995
9214 8869
9215 8871
9216 8870
9217 9125
9218 9127
9219 9126
9220 8997
9221 8998
9222 8999
9223 8868
9224 8996
9225 9124
9226 8737
9227 8738
9228 8739
9229 8740
9230 8741
9231 8742
9232 8743
9233 8361
9234 8363
9235 8362
9236 8617
9237 8619
9238 8618
9239 8489
9240 8490
9241 8491
9242 8365
9243 8367
9244 8366
9245 8621
9246 8623
9247 8622
9248 8493
9249 8494
9250 8495
9251 8364
9252 8492
9253 8620
9254 8873
9255 8875
9256 8874
9257 9129
9258 9131
9259 9130
9260 9001
9261 9002
9262 9003
9263 8877
9264 8879
9265 8878
9266 9133
9267 9135
9268 9134
9269 9005
9270 9006
9271 9007
9272 8876
9273 9004
9274 9132
9275 8745
9276 8746
9277 8747
9278 8748
9279 8749
9280 8750
9281 8751
9282 8360
9283 8488
9284 8616
9285 8744
9286 8872
9287 9000
9288 9128
9289 9377
9290 9379
9291 9378
9292 9633
9293 9635
9294 9634
9295 9505
9296 9506
9297 9507
9298 9381
9299 9383
9300 9382
9301 9637
9302 9639
9303 9638
9304 9509
9305 9510
9306 9511
9307 9380
9308 9508
9309 9636
9310 9889
9311 9891
9312 9890
9313 10145
9314 10147
9315 10146
9316 10017
9317 10018
9318 10019
9319 9893
9320 9895
9321 9894
9322 10149
9323 10151
9324 10150
9325 10021
9326 10022
9327 10023
9328 9892
9329 10020
9330 10148
9331 9761
9332 9762
9333 9763
9334 9764
9335 9765
9336 9766
9337 9767
9338 9385
9339 9387
9340 9386
9341 9641
9342 9643
9343 9642
9344 9513
9345 9514
9346 9515
9347 9389
9348 9391
9349 9390
9350 9645
9351 9647
9352 9646
9353 9517
9354 9518
9355 9519
9356 9388
9357 9516
9358 9644
9359 9897
9360 9899
9361 9898
9362 10153
9363 10155
9364 10154
9365 10025
9366 10026
9367 10027
9368 9901
9369 9903
9370 9902
9371 10157
9372 10159
9373 10158
9374 10029
9375 10030
9376 10031
9377 9900
9378 10028
9379 10156
9380 9769
9381 9770
9382 9771
9383 9772
9384 9773
9385 9774
9386 9775
9387 9384
9388 9512
9389 9640
9390 9768
9391 9896
9392 10024
9393 10152
9394 9249
9395 9250
9396 9251
9397 9252
9398 9253
9399 9254
9400 9255
9401 9256
9402 9257
9403 9258
9404 9259
9405 9260
9406 9261
9407 9262
9408 9263
9409 8369
9410 8371
9411 8370
9412 8625
9413 8627
9414 8626
9415 8497
9416 8498
9417 8499
9418 8373
9419 8375
9420 8374
9421 8629
9422 8631
9423 8630
9424 8501
9425 8502
9426 8503
9427 8372
9428 8500
9429 8628
9430 8881
9431 8883
9432 8882
9433 9137
9434 9139
9435 9138
9436 9009
9437 9010
9438 9011
9439 8885
9440 8887
9441 8886
9442 9141
9443 9143
9444 9142
9445 9013
9446 9014
9447 9015
9448 8884
9449 9012
9450 9140
9451 8753
9452 8754
9453 8755
9454 8756
9455 8757
9456 8758
9457 8759
9458 8377
9459 8379
9460 8378
9461 8633
9462 8635
9463 8634
9464 8505
9465 8506
9466 8507
9467 8381
9468 8383
9469 8382
9470 8637
9471 8639
9472 8638
9473 8509
9474 8510
9475 8511
9476 8380
9477 8508
9478 8636
9479 8889
9480 8891
9481 8890
9482 9145
9483 9147
9484 9146
9485 9017
9486 9018
9487 9019
9488 8893
9489 8895
9490 8894
9491 9149
9492 9151
9493 9150
9494 9021
9495 9022
9496 9023
9497 8892
9498 9020
9499 9148
9500 8761
9501 8762
9502 8763
9503 8764
9504 8765
9505 8766
9506 8767
9507 8376
9508 8504
9509 8632
9510 8760
9511 8888
9512 9016
9513 9144
9514 9393
9515 9395
9516 9394
9517 9649
9518 9651
9519 9650
9520 9521
9521 9522
9522 9523
9523 9397
9524 9399
9525 9398
9526 9653
9527 9655
9528 9654
9529 9525
9530 9526
9531 9527
9532 9396
9533 9524
9534 9652
9535 9905
9536 9907
9537 9906
9538 10161
9539 10163
9540 10162
9541 10033
9542 10034
9543 10035
9544 9909
9545 9911
9546 9910
9547 10165
9548 10167
9549 10166
9550 10037
9551 10038
9552 10039
9553 9908
9554 10036
9555 10164
9556 9777
9557 9778
9558 9779
9559 9780
9560 9781
9561 9782
9562 9783
9563 9401
9564 9403
9565 9402
9566 9657
9567 9659
9568 9658
9569 9529
9570 9530
9571 9531
9572 9405
9573 9407
9574 9406
9575 9661
9576 9663
9577 9662
9578 9533
9579 9534
9580 9535
9581 9404
9582 9532
9583 9660
9584 9913
9585 9915
9586 9914
9587 10169
9588 10171
9589 10170
9590 10041
9591 10042
9592 10043
9593 9917
9594 9919
9595 9918
9596 10173
9597 10175
9598 10174
9599 10045
9600 10046
9601 10047
9602 9916
9603 10044
9604 10172
9605 9785
9606 9786
9607 9787
9608 9788
9609 9789
9610 9790
9611 9791
9612 9400
9613 9528
9614 9656
9615 9784
9616 9912
9617 10040
9618 10168
9619 9265
9620 9266
9621 9267
9622 9268
9623 9269
9624 9270
9625 9271
9626 9272
9627 9273
9628 9274
9629 9275
9630 9276
9631 9277
9632 9278
9633 9279
9634 8368
9635 8496
9636 8624
9637 8752
9638 8880
9639 9008
9640 9136
9641 9264
9642 9392
9643 9520
9644 9648
9645 9776
9646 9904
9647 10032
9648 10160
9649 10401
9650 10403
9651 10402
9652 10657
9653 10659
9654 10658
9655 10529
9656 10530
9657 10531
9658 10405
9659 10407
9660 10406
9661 10661
9662 10663
9663 10662
9664 10533
9665 10534
9666 10535
9667 10404
9668 10532
9669 10660
9670 10913
9671 10915
9672 10914
9673 11169
9674 11171
9675 11170
9676 11041
9677 11042
9678 11043
9679 10917
9680 10919
9681 10918
9682 11173
9683 11175
9684 11174
9685 11045
9686 11046
9687 11047
9688 10916
9689 11044
9690 11172
9691 10785
9692 10786
9693 10787
9694 10788
9695 10789
9696 10790
9697 10791
9698 10409
9699 10411
9700 10410
9701 10665
9702 10667
9703 10666
9704 10537
9705 10538
9706 10539
9707 10413
9708 10415
9709 10414
9710 10669
9711 10671
9712 10670
9713 10541
9714 10542
9715 10543
9716 10412
9717 10540
9718 10668
9719 10921
9720 10923
9721 10922
9722 11177
9723 11179
9724 11178
9725 11049
9726 11050
9727 11051
9728 10925
9729 10927
9730 10926
9731 11181
9732 11183
9733 11182
9734 11053
9735 11054
9736 11055
9737 10924
9738 11052
9739 11180
9740 10793
9741 10794
9742 10795
9743 10796
9744 10797
9745 10798
9746 10799
9747 10408
9748 10536
9749 10664
9750 10792
9751 10920
9752 11048
9753 11176
9754 11425
9755 11427
9756 11426
9757 11681
9758 11683
9759 11682
9760 11553
9761 11554
9762 11555
9763 11429
9764 11431
9765 11430
9766 11685
9767 11687
9768 11686
9769 11557
9770 11558
9771 11559
9772 11428
9773 11556
9774 11684
9775 11937
9776 11939
9777 11938
9778 12193
9779 12195
9780 12194
9781 12065
9782 12066
9783 12067
9784 11941
9785 11943
9786 11942
9787 12197
9788 12199
9789 12198
9790 12069
9791 12070
9792 12071
9793 11940
9794 12068
9795 12196
9796 11809
9797 11810
9798 11811
9799 11812
9800 11813
9801 11814
9802 11815
9803 11433
9804 11435
9805 11434
9806 11689
9807 11691
9808 11690
9809 11561
9810 11562
9811 11563
9812 11437
9813 11439
9814 11438
9815 11693
9816 11695
9817 11694
9818 11565
9819 11566
9820 11567
9821 11436
9822 11564
9823 11692
9824 11945
9825 11947
9826 11946
9827 12201
9828 12203
9829 12202
9830 12073
9831 12074
9832 12075
9833 11949
9834 11951
9835 11950
9836 12205
9837 12207
9838 12206
9839 12077
9840 12078
9841 12079
9842 11948
9843 12076
9844 12204
9845 11817
9846 11818
9847 11819
9848 11820
9849 11821
9850 11822
9851 11823
9852 11432
9853 11560
9854 11688
9855 11816
9856 11944
9857 12072
9858 12200
9859 11297
9860 11298
9861 11299
9862 11300
9863 11301
9864 11302
9865 11303
9866 11304
9867 11305
9868 11306
9869 11307
9870 11308
9871 11309
9872 11310
9873 11311
9874 10417
9875 10419
9876 10418
9877 10673
9878 10675
9879 10674
9880 10545
9881 10546
9882 10547
9883 10421
9884 10423
9885 10422
9886 10677
9887 10679
9888 10678
9889 10549
9890 10550
9891 10551
9892 10420
9893 10548
9894 10676
9895 10929
9896 10931
9897 10930
9898 11185
9899 11187
9900 11186
9901 11057
9902 11058
9903 11059
9904 10933
9905 10935
9906 10934
9907 11189
9908 11191
9909 11190
9910 11061
9911 11062
9912 11063
9913 10932
9914 11060
9915 11188
9916 10801
9917 10802
9918 10803
9919 10804
9920 10805
9921 10806
9922 10807
9923 10425
9924 10427
9925 10426
9926 10681
9927 10683
9928 10682
9929 10553
9930 10554
9931 10555
9932 10429
9933 10431
9934 10430
9935 10685
9936 10687
9937 10686
9938 10557
9939 10558
9940 10559
9941 10428
9942 10556
9943 10684
9944 10937
9945 10939
9946 10938
9947 11193
9948 11195
9949 11194
9950 11065
9951 11066
9952 11067
9953 10941
9954 10943
9955 10942
9956 11197
9957 11199
9958 11198
9959 11069
9960 11070
9961 11071
9962 10940
9963 11068
9964 11196
9965 10809
9966 10810
9967 10811
9968 10812
9969 10813
9970 10814
9971 10815
9972 10424
9973 10552
9974 10680
9975 10808
9976 10936
9977 11064
9978 11192
9979 11441
9980 11443
9981 11442
9982 11697
9983 11699
9984 11698
9985 11569
9986 11570
9987 11571
9988 11445
9989 11447
9990 11446
9991 11701
9992 11703
9993 11702
9994 11573
9995 11574
9996 11575
9997 11444
9998 11572
9999 11700
10000 11953
10001 11955
10002 11954
10003 12209
10004 12211
10005 12210
10006 12081
10007 12082
10008 12083
10009 11957
10010 11959
10011 11958
10012 12213
10013 12215
10014 12214
10015 12085
10016 12086
10017 12087
10018 11956
10019 12084
10020 12212
10021 11825
10022 11826
10023 11827
10024 11828
10025 11829
10026 11830
10027 11831
10028 11449
10029 11451
10030 11450
10031 11705
10032 11707
10033 11706
10034 11577
10035 11578
10036 11579
10037 11453
10038 11455
10039 11454
10040 11709
10041 11711
10042 11710
10043 11581
10044 11582
10045 11583
10046 11452
10047 11580
10048 11708
10049 11961
10050 11963
10051 11962
10052 12217
10053 12219
10054 12218
10055 12089
10056 12090
10057 12091
10058 11965
10059 11967
10060 11966
10061 12221
10062 12223
10063 12222
10064 12093
10065 12094
10066 12095
10067 11964
10068 12092
10069 12220
10070 11833
10071 11834
10072 11835
10073 11836
10074 11837
10075 11838
10076 11839
10077 11448
10078 11576
10079 11704
10080 11832
10081 11960
10082 12088
10083 12216
10084 11313
10085 11314
10086 11315
10087 11316
10088 11317
10089 11318
10090 11319
10091 11320
10092 11321
10093 11322
10094 11323
10095 11324
10096 11325
10097 11326
10098 11327
10099 10416
10100 10544
10101 10672
10102 10800
10103 10928
10104 11056
10105 11184
10106 11312
10107 11440
10108 11568
10109 11696
10110 11824
10111 11952
10112 12080
10113 12208
10114 10273
10115 10274
10116 10275
10117 10276
10118 10277
10119 10278
10120 10279
10121 10280
10122 10281
10123 10282
10124 10283
10125 10284
10126 10285
10127 10286
10128 10287
10129 10288
10130 10289
10131 10290
10132 10291
10133 10292
10134 10293
10135 10294
10136 10295
10137 10296
10138 10297
10139 10298
10140 10299
10141 10300
10142 10301
10143 10302
10144 10303
10145 8352
10146 8480
10147 8608
10148 8736
10149 8864
10150 8992
10151 9120
10152 9248
10153 9376
10154 9504
10155 9632
10156 9760
10157 9888
10158 10016
10159 10144
10160 10272
10161 10400
10162 10528
10163 10656
10164 10784
10165 10912
10166 11040
10167 11168
10168 11296
10169 11424
10170 11552
10171 11680
10172 11808
10173 11936
10174 12064
10175 12192
10176 12416
10177 12417
10178 12419
10179 12418
10180 12672
10181 12673
10182 12675
10183 12674
10184 12544
10185 12545
10186 12546
10187 12547
10188 12421
10189 12423
10190 12422
10191 12677
10192 12679
10193 12678
10194 12549
10195 12550
10196 12551
10197 12420
10198 12548
10199 12676
10200 12928
10201 12929
10202 12931
10203 12930
10204 13184
10205 13185
10206 13187
10207 13186
10208 13056
10209 13057
10210 13058
10211 13059
10212 12933
10213 12935
10214 12934
10215 13189
10216 13191
10217 13190
10218 13061
10219 13062
10220 13063
10221 12932
10222 13060
10223 13188
10224 12800
10225 12801
10226 12802
10227 12803
10228 12804
10229 12805
10230 12806
10231 12807
10232 12425
10233 12427
10234 12426
10235 12681
10236 12683
10237 12682
10238 12553
10239 12554
10240 12555
10241 12429
10242 12431
10243 12430
10244 12685
10245 12687
10246 12686
10247 12557
10248 12558
10249 12559
10250 12428
10251 12556
10252 12684
10253 12937
10254 12939
10255 12938
10256 13193
10257 13195
10258 13194
10259 13065
10260 13066
10261 13067
10262 12941
10263 12943
10264 12942
10265 13197
10266 13199
10267 13198
10268 13069
10269 13070
10270 13071
10271 12940
10272 13068
10273 13196
10274 12809
10275 12810
10276 12811
10277 12812
10278 12813
10279 12814
10280 12815
10281 12424
10282 12552
10283 12680
10284 12808
10285 12936
10286 13064
10287 13192
10288 13440
10289 13441
10290 13443
10291 13442
10292 13696
10293 13697
10294 13699
10295 13698
10296 13568
10297 13569
10298 13570
10299 13571
10300 13445
10301 13447
10302 13446
10303 13701
10304 13703
10305 13702
10306 13573
10307 13574
10308 13575
10309 13444
10310 13572
10311 13700
10312 13952
10313 13953
10314 13955
10315 13954
10316 14208
10317 14209
10318 14211
10319 14210
10320 14080
10321 14081
10322 14082
10323 14083
10324 13957
10325 13959
10326 13958
10327 14213
10328 14215
10329 14214
10330 14085
10331 14086
10332 14087
10333 13956
10334 14084
10335 14212
10336 13824
10337 13825
10338 13826
10339 13827
10340 13828
10341 13829
10342 13830
10343 13831
10344 13449
10345 13451
10346 13450
10347 13705
10348 13707
10349 13706
10350 13577
10351 13578
10352 13579
10353 13453
10354 13455
10355 13454
10356 13709
10357 13711
10358 13710
10359 13581
10360 13582
10361 13583
10362 13452
10363 13580
10364 13708
10365 13961
10366 13963
10367 13962
10368 14217
10369 14219
10370 14218
10371 14089
10372 14090
10373 14091
10374 13965
10375 13967
10376 13966
10377 14221
10378 14223
10379 14222
10380 14093
10381 14094
10382 14095
10383 13964
10384 14092
10385 14220
10386 13833
10387 13834
10388 13835
10389 13836
10390 13837
10391 13838
10392 13839
10393 13448
10394 13576
10395 13704
10396 13832
10397 13960
10398 14088
10399 14216
10400 13312
10401 13313
10402 13314
10403 13315
10404 13316
10405 13317
10406 13318
10407 13319
10408 13320
10409 13321
10410 13322
10411 13323
10412 13324
10413 13325
10414 13326
10415 13327
10416 12433
10417 12435
10418 12434
10419 12689
10420 12691
10421 12690
10422 12561
10423 12562
10424 12563
10425 12437
10426 12439
10427 12438
10428 12693
10429 12695
10430 12694
10431 12565
10432 12566
10433 12567
10434 12436
10435 12564
10436 12692
10437 12945
10438 12947
10439 12946
10440 13201
10441 13203
10442 13202
10443 13073
10444 13074
10445 13075
10446 12949
10447 12951
10448 12950
10449 13205
10450 13207
10451 13206
10452 13077
10453 13078
10454 13079
10455 12948
10456 13076
10457 13204
10458 12817
10459 12818
10460 12819
10461 12820
10462 12821
10463 12822
10464 12823
10465 12441
10466 12443
10467 12442
10468 12697
10469 12699
10470 12698
10471 12569
10472 12570
10473 12571
10474 12445
10475 12447
10476 12446
10477 12701
10478 12703
10479 12702
10480 12573
10481 12574
10482 12575
10483 12444
10484 12572
10485 12700
10486 12953
10487 12955
10488 12954
10489 13209
10490 13211
10491 13210
10492 13081
10493 13082
10494 13083
10495 12957
10496 12959
10497 12958
10498 13213
10499 13215
10500 13214
10501 13085
10502 13086
10503 13087
10504 12956
10505 13084
10506 13212
10507 12825
10508 12826
10509 12827
10510 12828
10511 12829
10512 12830
10513 12831
10514 12440
10515 12568
10516 12696
10517 12824
10518 12952
10519 13080
10520 13208
10521 13457
10522 13459
10523 13458
10524 13713
10525 13715
10526 13714
10527 13585
10528 13586
10529 13587
10530 13461
10531 13463
10532 13462
10533 13717
10534 13719
10535 13718
10536 13589
10537 13590
10538 13591
10539 13460
10540 13588
10541 13716
10542 13969
10543 13971
10544 13970
10545 14225
10546 14227
10547 14226
10548 14097
10549 14098
10550 14099
10551 13973
10552 13975
10553 13974
10554 14229
10555 14231
10556 14230
10557 14101
10558 14102
10559 14103
10560 13972
10561 14100
10562 14228
10563 13841
10564 13842
10565 13843
10566 13844
10567 13845
10568 13846
10569 13847
10570 13465
10571 13467
10572 13466
10573 13721
10574 13723
10575 13722
10576 13593
10577 13594
10578 13595
10579 13469
10580 13471
10581 13470
10582 13725
10583 13727
10584 13726
10585 13597
10586 13598
10587 13599
10588 13468
10589 13596
10590 13724
10591 13977
10592 13979
10593 13978
10594 14233
10595 14235
10596 14234
10597 14105
10598 14106
10599 14107
10600 13981
10601 13983
10602 13982
10603 14237
10604 14239
10605 14238
10606 14109
10607 14110
10608 14111
10609 13980
10610 14108
10611 14236
10612 13849
10613 13850
10614 13851
10615 13852
10616 13853
10617 13854
10618 13855
10619 13464
10620 13592
10621 13720
10622 13848
10623 13976
10624 14104
10625 14232
10626 13329
10627 13330
10628 13331
10629 13332
10630 13333
10631 13334
10632 13335
10633 13336
10634 13337
10635 13338
10636 13339
10637 13340
10638 13341
10639 13342
10640 13343
10641 12432
10642 12560
10643 12688
10644 12816
10645 12944
10646 13072
10647 13200
10648 13328
10649 13456
10650 13584
10651 13712
10652 13840
10653 13968
10654 14096
10655 14224
10656 14464
10657 14465
10658 14467
10659 14466
10660 14720
10661 14721
10662 14723
10663 14722
10664 14592
10665 14593
10666 14594
10667 14595
10668 14469
10669 14471
10670 14470
10671 14725
10672 14727
10673 14726
10674 14597
10675 14598
10676 14599
10677 14468
10678 14596
10679 14724
10680 14976
10681 14977
10682 14979
10683 14978
10684 15232
10685 15233
10686 15235
10687 15234
10688 15104
10689 15105
10690 15106
10691 15107
10692 14981
10693 14983
10694 14982
10695 15237
10696 15239
10697 15238
10698 15109
10699 15110
10700 15111
10701 14980
10702 15108
10703 15236
10704 14848
10705 14849
10706 14850
10707 14851
10708 14852
10709 14853
10710 14854
10711 14855
10712 14473
10713 14475
10714 14474
10715 14729
10716 14731
10717 14730
10718 14601
10719 14602
10720 14603
10721 14477
10722 14479
10723 14478
10724 14733
10725 14735
10726 14734
10727 14605
10728 14606
10729 14607
10730 14476
10731 14604
10732 14732
10733 14985
10734 14987
10735 14986
10736 15241
10737 15243
10738 15242
10739 15113
10740 15114
10741 15115
10742 14989
10743 14991
10744 14990
10745 15245
10746 15247
10747 15246
10748 15117
10749 15118
10750 15119
10751 14988
10752 15116
10753 15244
10754 14857
10755 14858
10756 14859
10757 14860
10758 14861
10759 14862
10760 14863
10761 14472
10762 14600
10763 14728
10764 14856
10765 14984
10766 15112
10767 15240
10768 15488
10769 15489
10770 15491
10771 15490
10772 15744
10773 15745
10774 15747
10775 15746
10776 15616
10777 15617
10778 15618
10779 15619
10780 15493
10781 15495
10782 15494
10783 15749
10784 15751
10785 15750
10786 15621
10787 15622
10788 15623
10789 15492
10790 15620
10791 15748
10792 16000
10793 16001
10794 16003
10795 16002
10796 16256
10797 16257
10798 16259
10799 16258
10800 16128
10801 16129
10802 16130
10803 16131
10804 16005
10805 16007
10806 16006
10807 16261
10808 16263
10809 16262
10810 16133
10811 16134
10812 16135
10813 16004
10814 16132
10815 16260
10816 15872
10817 15873
10818 15874
10819 15875
10820 15876
10821 15877
10822 15878
10823 15879
10824 15497
10825 15499
10826 15498
10827 15753
10828 15755
10829 15754
10830 15625
10831 15626
10832 15627
10833 15501
10834 15503
10835 15502
10836 15757
10837 15759
10838 15758
10839 15629
10840 15630
10841 15631
10842 15500
10843 15628
10844 15756
10845 16009
10846 16011
10847 16010
10848 16265
10849 16267
10850 16266
10851 16137
10852 16138
10853 16139
10854 16013
10855 16015
10856 16014
10857 16269
10858 16271
10859 16270
10860 16141
10861 16142
10862 16143
10863 16012
10864 16140
10865 16268
10866 15881
10867 15882
10868 15883
10869 15884
10870 15885
10871 15886
10872 15887
10873 15496
10874 15624
10875 15752
10876 15880
10877 16008
10878 16136
10879 16264
10880 15360
10881 15361
10882 15362
10883 15363
10884 15364
10885 15365
10886 15366
10887 15367
10888 15368
10889 15369
10890 15370
10891 15371
10892 15372
10893 15373
10894 15374
10895 15375
10896 14481
10897 14483
10898 14482
10899 14737
10900 14739
10901 14738
10902 14609
10903 14610
10904 14611
10905 14485
10906 14487
10907 14486
10908 14741
10909 14743
10910 14742
10911 14613
10912 14614
10913 14615
10914 14484
10915 14612
10916 14740
10917 14993
10918 14995
10919 14994
10920 15249
10921 15251
10922 15250
10923 15121
10924 15122
10925 15123
10926 14997
10927 14999
10928 14998
10929 15253
10930 15255
10931 15254
10932 15125
10933 15126
10934 15127
10935 14996
10936 15124
10937 15252
10938 14865
10939 14866
10940 14867
10941 14868
10942 14869
10943 14870
10944 14871
10945 14489
10946 14491
10947 14490
10948 14745
10949 14747
10950 14746
10951 14617
10952 14618
10953 14619
10954 14493
10955 14495
10956 14494
10957 14749
10958 14751
10959 14750
10960 14621
10961 14622
10962 14623
10963 14492
10964 14620
10965 14748
10966 15001
10967 15003
10968 15002
10969 15257
10970 15259
10971 15258
10972 15129
10973 15130
10974 15131
10975 15005
10976 15007
10977 15006
10978 15261
10979 15263
10980 15262
10981 15133
10982 15134
10983 15135
10984 15004
10985 15132
10986 15260
10987 14873
10988 14874
10989 14875
10990 14876
10991 14877
10992 14878
10993 14879
10994 14488
10995 14616
10996 14744
10997 14872
10998 15000
10999 15128
11000 15256
11001 15505
11002 15507
11003 15506
11004 15761
11005 15763
11006 15762
11007 15633
11008 15634
11009 15635
11010 15509
11011 15511
11012 15510
11013 15765
11014 15767
11015 15766
11016 15637
11017 15638
11018 15639
11019 15508
11020 15636
11021 15764
11022 16017
11023 16019
11024 16018
11025 16273
11026 16275
11027 16274
11028 16145
11029 16146
11030 16147
11031 16021
11032 16023
11033 16022
11034 16277
11035 16279
11036 16278
11037 16149
11038 16150
11039 16151
11040 16020
11041 16148
11042 16276
11043 15889
11044 15890
11045 15891
11046 15892
11047 15893
11048 15894
11049 15895
11050 15513
11051 15515
11052 15514
11053 15769
11054 15771
11055 15770
11056 15641
11057 15642
11058 15643
11059 15517
11060 15519
11061 15518
11062 15773
11063 15775
11064 15774
11065 15645
11066 15646
11067 15647
11068 15516
11069 15644
11070 15772
11071 16025
11072 16027
11073 16026
11074 16281
11075 16283
11076 16282
11077 16153
11078 16154
11079 16155
11080 16029
11081 16031
11082 16030
11083 16285
11084 16287
11085 16286
11086 16157
11087 16158
11088 16159
11089 16028
11090 16156
11091 16284
11092 15897
11093 15898
11094 15899
11095 15900
11096 15901
11097 15902
11098 15903
11099 15512
11100 15640
11101 15768
11102 15896
11103 16024
11104 16152
11105 16280
11106 15377
11107 15378
11108 15379
11109 15380
11110 15381
11111 15382
11112 15383
11113 15384
11114 15385
11115 15386
11116 15387
11117 15388
11118 15389
11119 15390
11120 15391
11121 14480
11122 14608
11123 14736
11124 14864
11125 14992
11126 15120
11127 15248
11128 15376
11129 15504
11130 15632
11131 15760
11132 15888
11133 16016
11134 16144
11135 16272
11136 14336
11137 14337
11138 14338
11139 14339
11140 14340
11141 14341
11142 14342
11143 14343
11144 14344
11145 14345
11146 14346
11147 14347
11148 14348
11149 14349
11150 14350
11151 14351
11152 14352
11153 14353
11154 14354
11155 14355
11156 14356
11157 14357
11158 14358
11159 14359
11160 14360
11161 14361
11162 14362
11163 14363
11164 14364
11165 14365
11166 14366
11167 14367
11168 12449
11169 12451
11170 12450
11171 12705
11172 12707
11173 12706
11174 12577
11175 12578
11176 12579
11177 12453
11178 12455
11179 12454
11180 12709
11181 12711
11182 12710
11183 12581
11184 12582
11185 12583
11186 12452
11187 12580
11188 12708
11189 12961
11190 12963
11191 12962
11192 13217
11193 13219
11194 13218
11195 13089
11196 13090
11197 13091
11198 12965
11199 12967
11200 12966
11201 13221
11202 13223
11203 13222
11204 13093
11205 13094
11206 13095
11207 12964
11208 13092
11209 13220
11210 12833
11211 12834
11212 12835
11213 12836
11214 12837
11215 12838
11216 12839
11217 12457
11218 12459
11219 12458
11220 12713
11221 12715
11222 12714
11223 12585
11224 12586
11225 12587
11226 12461
11227 12463
11228 12462
11229 12717
11230 12719
11231 12718
11232 12589
11233 12590
11234 12591
11235 12460
11236 12588
11237 12716
11238 12969
11239 12971
11240 12970
11241 13225
11242 13227
11243 13226
11244 13097
11245 13098
11246 13099
11247 12973
11248 12975
11249 12974
11250 13229
11251 13231
11252 13230
11253 13101
11254 13102
11255 13103
11256 12972
11257 13100
11258 13228
11259 12841
11260 12842
11261 12843
11262 12844
11263 12845
11264 12846
11265 12847
11266 12456
11267 12584
11268 12712
11269 12840
11270 12968
11271 13096
11272 13224
11273 13473
11274 13475
11275 13474
11276 13729
11277 13731
11278 13730
11279 13601
11280 13602
11281 13603
11282 13477
11283 13479
11284 13478
11285 13733
11286 13735
11287 13734
11288 13605
11289 13606
11290 13607
11291 13476
11292 13604
11293 13732
11294 13985
11295 13987
11296 13986
11297 14241
11298 14243
11299 14242
11300 14113
11301 14114
11302 14115
11303 13989
11304 13991
11305 13990
11306 14245
11307 14247
11308 14246
11309 14117
11310 14118
11311 14119
11312 13988
11313 14116
11314 14244
11315 13857
11316 13858
11317 13859
11318 13860
11319 13861
11320 13862
11321 13863
11322 13481
11323 13483
11324 13482
11325 13737
11326 13739
11327 13738
11328 13609
11329 13610
11330 13611
11331 13485
11332 13487
11333 13486
11334 13741
11335 13743
11336 13742
11337 13613
11338 13614
11339 13615
11340 13484
11341 13612
11342 13740
11343 13993
11344 13995
11345 13994
11346 14249
11347 14251
11348 14250
11349 14121
11350 14122
11351 14123
11352 13997
11353 13999
11354 13998
11355 14253
11356 14255
11357 14254
11358 14125
11359 14126
11360 14127
11361 13996
11362 14124
11363 14252
11364 13865
11365 13866
11366 13867
11367 13868
11368 13869
11369 13870
11370 13871
11371 13480
11372 13608
11373 13736
11374 13864
11375 13992
11376 14120
11377 14248
11378 13345
11379 13346
11380 13347
11381 13348
11382 13349
11383 13350
11384 13351
11385 13352
11386 13353
11387 13354
11388 13355
11389 13356
11390 13357
11391 13358
11392 13359
11393 12465
11394 12467
11395 12466
11396 12721
11397 12723
11398 12722
11399 12593
11400 12594
11401 12595
11402 12469
11403 12471
11404 12470
11405 12725
11406 12727
11407 12726
11408 12597
11409 12598
11410 12599
11411 12468
11412 12596
11413 12724
11414 12977
11415 12979
11416 12978
11417 13233
11418 13235
11419 13234
11420 13105
11421 13106
11422 13107
11423 12981
11424 12983
11425 12982
11426 13237
11427 13239
11428 13238
11429 13109
11430 13110
11431 13111
11432 12980
11433 13108
11434 13236
11435 12849
11436 12850
11437 12851
11438 12852
11439 12853
11440 12854
11441 12855
11442 12473
11443 12475
11444 12474
11445 12729
11446 12731
11447 12730
11448 12601
11449 12602
11450 12603
11451 12477
11452 12479
11453 12478
11454 12733
11455 12735
11456 12734
11457 12605
11458 12606
11459 12607
11460 12476
11461 12604
11462 12732
11463 12985
11464 12987
11465 12986
11466 13241
11467 13243
11468 13242
11469 13113
11470 13114
11471 13115
11472 12989
11473 12991
11474 12990
11475 13245
11476 13247
11477 13246
11478 13117
11479 13118
11480 13119
11481 12988
11482 13116
11483 13244
11484 12857
11485 12858
11486 12859
11487 12860
11488 12861
11489 12862
11490 12863
11491 12472
11492 12600
11493 12728
11494 12856
11495 12984
11496 13112
11497 13240
11498 13489
11499 13491
11500 13490
11501 13745
11502 13747
11503 13746
11504 13617
11505 13618
11506 13619
11507 13493
11508 13495
11509 13494
11510 13749
11511 13751
11512 13750
11513 13621
11514 13622
11515 13623
11516 13492
11517 13620
11518 13748
11519 14001
11520 14003
11521 14002
11522 14257
11523 14259
11524 14258
11525 14129
11526 14130
11527 14131
11528 14005
11529 14007
11530 14006
11531 14261
11532 14263
11533 14262
11534 14133
11535 14134
11536 14135
11537 14004
11538 14132
11539 14260
11540 13873
11541 13874
11542 13875
11543 13876
11544 13877
11545 13878
11546 13879
11547 13497
11548 13499
11549 13498
11550 13753
11551 13755
11552 13754
11553 13625
11554 13626
11555 13627
11556 13501
11557 13503
11558 13502
11559 13757
11560 13759
11561 13758
11562 13629
11563 13630
11564 13631
11565 13500
11566 13628
11567 13756
11568 14009
11569 14011
11570 14010
11571 14265
11572 14267
11573 14266
11574 14137
11575 14138
11576 14139
11577 14013
11578 14015
11579 14014
11580 14269
11581 14271
11582 14270
11583 14141
11584 14142
11585 14143
11586 14012
11587 14140
11588 14268
11589 13881
11590 13882
11591 13883
11592 13884
11593 13885
11594 13886
11595 13887
11596 13496
11597 13624
11598 13752
11599 13880
11600 14008
11601 14136
11602 14264
11603 13361
11604 13362
11605 13363
11606 13364
11607 13365
11608 13366
11609 13367
11610 13368
11611 13369
11612 13370
11613 13371
11614 13372
11615 13373
11616 13374
11617 13375
11618 12464
11619 12592
11620 12720
11621 12848
11622 12976
11623 13104
11624 13232
11625 13360
11626 13488
11627 13616
11628 13744
11629 13872
11630 14000
11631 14128
11632 14256
11633 14497
11634 14499
11635 14498
11636 14753
11637 14755
11638 14754
11639 14625
11640 14626
11641 14627
11642 14501
11643 14503
11644 14502
11645 14757
11646 14759
11647 14758
11648 14629
11649 14630
11650 14631
11651 14500
11652 14628
11653 14756
11654 15009
11655 15011
11656 15010
11657 15265
11658 15267
11659 15266
11660 15137
11661 15138
11662 15139
11663 15013
11664 15015
11665 15014
11666 15269
11667 15271
11668 15270
11669 15141
11670 15142
11671 15143
11672 15012
11673 15140
11674 15268
11675 14881
11676 14882
11677 14883
11678 14884
11679 14885
11680 14886
11681 14887
11682 14505
11683 14507
11684 14506
11685 14761
11686 14763
11687 14762
11688 14633
11689 14634
11690 14635
11691 14509
11692 14511
11693 14510
11694 14765
11695 14767
11696 14766
11697 14637
11698 14638
11699 14639
11700 14508
11701 14636
11702 14764
11703 15017
11704 15019
11705 15018
11706 15273
11707 15275
11708 15274
11709 15145
11710 15146
11711 15147
11712 15021
11713 15023
11714 15022
11715 15277
11716 15279
11717 15278
11718 15149
11719 15150
11720 15151
11721 15020
11722 15148
11723 15276
11724 14889
11725 14890
11726 14891
11727 14892
11728 14893
11729 14894
11730 14895
11731 14504
11732 14632
11733 14760
11734 14888
11735 15016
11736 15144
11737 15272
11738 15521
11739 15523
11740 15522
11741 15777
11742 15779
11743 15778
11744 15649
11745 15650
11746 15651
11747 15525
11748 15527
11749 15526
11750 15781
11751 15783
11752 15782
11753 15653
11754 15654
11755 15655
11756 15524
11757 15652
11758 15780
11759 16033
11760 16035
11761 16034
11762 16289
11763 16291
11764 16290
11765 16161
11766 16162
11767 16163
11768 16037
11769 16039
11770 16038
11771 16293
11772 16295
11773 16294
11774 16165
11775 16166
11776 16167
11777 16036
11778 16164
11779 16292
11780 15905
11781 15906
11782 15907
11783 15908
11784 15909
11785 15910
11786 15911
11787 15529
11788 15531
11789 15530
11790 15785
11791 15787
11792 15786
11793 15657
11794 15658
11795 15659
11796 15533
11797 15535
11798 15534
11799 15789
11800 15791
11801 15790
11802 15661
11803 15662
11804 15663
11805 15532
11806 15660
11807 15788
11808 16041
11809 16043
11810 16042
11811 16297
11812 16299
11813 16298
11814 16169
11815 16170
11816 16171
11817 16045
11818 16047
11819 16046
11820 16301
11821 16303
11822 16302
11823 16173
11824 16174
11825 16175
11826 16044
11827 16172
11828 16300
11829 15913
11830 15914
11831 15915
11832 15916
11833 15917
11834 15918
11835 15919
11836 15528
11837 15656
11838 15784
11839 15912
11840 16040
11841 16168
11842 16296
11843 15393
11844 15394
11845 15395
11846 15396
11847 15397
11848 15398
11849 15399
11850 15400
11851 15401
11852 15402
11853 15403
11854 15404
11855 15405
11856 15406
11857 15407
11858 14513
11859 14515
11860 14514
11861 14769
11862 14771
11863 14770
11864 14641
11865 14642
11866 14643
11867 14517
11868 14519
11869 14518
11870 14773
11871 14775
11872 14774
11873 14645
11874 14646
11875 14647
11876 14516
11877 14644
11878 14772
11879 15025
11880 15027
11881 15026
11882 15281
11883 15283
11884 15282
11885 15153
11886 15154
11887 15155
11888 15029
11889 15031
11890 15030
11891 15285
11892 15287
11893 15286
11894 15157
11895 15158
11896 15159
11897 15028
11898 15156
11899 15284
11900 14897
11901 14898
11902 14899
11903 14900
11904 14901
11905 14902
11906 14903
11907 14521
11908 14523
11909 14522
11910 14777
11911 14779
11912 14778
11913 14649
11914 14650
11915 14651
11916 14525
11917 14527
11918 14526
11919 14781
11920 14783
11921 14782
11922 14653
11923 14654
11924 14655
11925 14524
11926 14652
11927 14780
11928 15033
11929 15035
11930 15034
11931 15289
11932 15291
11933 15290
11934 15161
11935 15162
11936 15163
11937 15037
11938 15039
11939 15038
11940 15293
11941 15295
11942 15294
11943 15165
11944 15166
11945 15167
11946 15036
11947 15164
11948 15292
11949 14905
11950 14906
11951 14907
11952 14908
11953 14909
11954 14910
11955 14911
11956 14520
11957 14648
11958 14776
11959 14904
11960 15032
11961 15160
11962 15288
11963 15537
11964 15539
11965 15538
11966 15793
11967 15795
11968 15794
11969 15665
11970 15666
11971 15667
11972 15541
11973 15543
11974 15542
11975 15797
11976 15799
11977 15798
11978 15669
11979 15670
11980 15671
11981 15540
11982 15668
11983 15796
11984 16049
11985 16051
11986 16050
11987 16305
11988 16307
11989 16306
11990 16177
11991 16178
11992 16179
11993 16053
11994 16055
11995 16054
11996 16309
11997 16311
11998 16310
11999 16181
12000 16182
12001 16183
12002 16052
12003 16180
12004 16308
12005 15921
12006 15922
12007 15923
12008 15924
12009 15925
12010 15926
12011 15927
12012 15545
12013 15547
12014 15546
12015 15801
12016 15803
12017 15802
12018 15673
12019 15674
12020 15675
12021 15549
12022 15551
12023 15550
12024 15805
12025 15807
12026 15806
12027 15677
12028 15678
12029 15679
12030 15548
12031 15676
12032 15804
12033 16057
12034 16059
12035 16058
12036 16313
12037 16315
12038 16314
12039 16185
12040 16186
12041 16187
12042 16061
12043 16063
12044 16062
12045 16317
12046 16319
12047 16318
12048 16189
12049 16190
12050 16191
12051 16060
12052 16188
12053 16316
12054 15929
12055 15930
12056 15931
12057 15932
12058 15933
12059 15934
12060 15935
12061 15544
12062 15672
12063 15800
12064 15928
12065 16056
12066 16184
12067 16312
12068 15409
12069 15410
12070 15411
12071 15412
12072 15413
12073 15414
12074 15415
12075 15416
12076 15417
12077 15418
12078 15419
12079 15420
12080 15421
12081 15422
12082 15423
12083 14512
12084 14640
12085 14768
12086 14896
12087 15024
12088 15152
12089 15280
12090 15408
12091 15536
12092 15664
12093 15792
12094 15920
12095 16048
12096 16176
12097 16304
12098 14369
12099 14370
12100 14371
12101 14372
12102 14373
12103 14374
12104 14375
12105 14376
12106 14377
12107 14378
12108 14379
12109 14380
12110 14381
12111 14382
12112 14383
12113 14384
12114 14385
12115 14386
12116 14387
12117 14388
12118 14389
12119 14390
12120 14391
12121 14392
12122 14393
12123 14394
12124 14395
12125 14396
12126 14397
12127 14398
12128 14399
12129 12448
12130 12576
12131 12704
12132 12832
12133 12960
12134 13088
12135 13216
12136 13344
12137 13472
12138 13600
12139 13728
12140 13856
12141 13984
12142 14112
12143 14240
12144 14368
12145 14496
12146 14624
12147 14752
12148 14880
12149 15008
12150 15136
12151 15264
12152 15392
12153 15520
12154 15648
12155 15776
12156 15904
12157 16032
12158 16160
12159 16288
12160 12288
12161 12289
12162 12290
12163 12291
12164 12292
12165 12293
12166 12294
12167 12295
12168 12296
12169 12297
12170 12298
12171 12299
12172 12300
12173 12301
12174 12302
12175 12303
12176 12304
12177 12305
12178 12306
12179 12307
12180 12308
12181 12309
12182 12310
12183 12311
12184 12312
12185 12313
12186 12314
12187 12315
12188 12316
12189 12317
12190 12318
12191 12319
12192 12320
12193 12321
12194 12322
12195 12323
12196 12324
12197 12325
12198 12326
12199 12327
12200 12328
12201 12329
12202 12330
12203 12331
12204 12332
12205 12333
12206 12334
12207 12335
12208 12336
12209 12337
12210 12338
12211 12339
12212 12340
12213 12341
12214 12342
12215 12343
12216 12344
12217 12345
12218 12346
12219 12347
12220 12348
12221 12349
12222 12350
12223 12351
12224 8385
12225 8387
12226 8386
12227 8641
12228 8643
12229 8642
12230 8513
12231 8514
12232 8515
12233 8389
12234 8391
12235 8390
12236 8645
12237 8647
12238 8646
12239 8517
12240 8518
12241 8519
12242 8388
12243 8516
12244 8644
12245 8897
12246 8899
12247 8898
12248 9153
12249 9155
12250 9154
12251 9025
12252 9026
12253 9027
12254 8901
12255 8903
12256 8902
12257 9157
12258 9159
12259 9158
12260 9029
12261 9030
12262 9031
12263 8900
12264 9028
12265 9156
12266 8769
12267 8770
12268 8771
12269 8772
12270 8773
12271 8774
12272 8775
12273 8393
12274 8395
12275 8394
12276 8649
12277 8651
12278 8650
12279 8521
12280 8522
12281 8523
12282 8397
12283 8399
12284 8398
12285 8653
12286 8655
12287 8654
12288 8525
12289 8526
12290 8527
12291 8396
12292 8524
12293 8652
12294 8905
12295 8907
12296 8906
12297 9161
12298 9163
12299 9162
12300 9033
12301 9034
12302 9035
12303 8909
12304 8911
12305 8910
12306 9165
12307 9167
12308 9166
12309 9037
12310 9038
12311 9039
12312 8908
12313 9036
12314 9164
12315 8777
12316 8778
12317 8779
12318 8780
12319 8781
12320 8782
12321 8783
12322 8392
12323 8520
12324 8648
12325 8776
12326 8904
12327 9032
12328 9160
12329 9409
12330 9411
12331 9410
12332 9665
12333 9667
12334 9666
12335 9537
12336 9538
12337 9539
12338 9413
12339 9415
12340 9414
12341 9669
12342 9671
12343 9670
12344 9541
12345 9542
12346 9543
12347 9412
12348 9540
12349 9668
12350 9921
12351 9923
12352 9922
12353 10177
12354 10179
12355 10178
12356 10049
12357 10050
12358 10051
12359 9925
12360 9927
12361 9926
12362 10181
12363 10183
12364 10182
12365 10053
12366 10054
12367 10055
12368 9924
12369 10052
12370 10180
12371 9793
12372 9794
12373 9795
12374 9796
12375 9797
12376 9798
12377 9799
12378 9417
12379 9419
12380 9418
12381 9673
12382 9675
12383 9674
12384 9545
12385 9546
12386 9547
12387 9421
12388 9423
12389 9422
12390 9677
12391 9679
12392 9678
12393 9549
12394 9550
12395 9551
12396 9420
12397 9548
12398 9676
12399 9929
12400 9931
12401 9930
12402 10185
12403 10187
12404 10186
12405 10057
12406 10058
12407 10059
12408 9933
12409 9935
12410 9934
12411 10189
12412 10191
12413 10190
12414 10061
12415 10062
12416 10063
12417 9932
12418 10060
12419 10188
12420 9801
12421 9802
12422 9803
12423 9804
12424 9805
12425 9806
12426 9807
12427 9416
12428 9544
12429 9672
12430 9800
12431 9928
12432 10056
12433 10184
12434 9281
12435 9282
12436 9283
12437 9284
12438 9285
12439 9286
12440 9287
12441 9288
12442 9289
12443 9290
12444 9291
12445 9292
12446 9293
12447 9294
12448 9295
12449 8401
12450 8403
12451 8402
12452 8657
12453 8659
12454 8658
12455 8529
12456 8530
12457 8531
12458 8405
12459 8407
12460 8406
12461 8661
12462 8663
12463 8662
12464 8533
12465 8534
12466 8535
12467 8404
12468 8532
12469 8660
12470 8913
12471 8915
12472 8914
12473 9169
12474 9171
12475 9170
12476 9041
12477 9042
12478 9043
12479 8917
12480 8919
12481 8918
12482 9173
12483 9175
12484 9174
12485 9045
12486 9046
12487 9047
12488 8916
12489 9044
12490 9172
12491 8785
12492 8786
12493 8787
12494 8788
12495 8789
12496 8790
12497 8791
12498 8409
12499 8411
12500 8410
12501 8665
12502 8667
12503 8666
12504 8537
12505 8538
12506 8539
12507 8413
12508 8415
12509 8414
12510 8669
12511 8671
12512 8670
12513 8541
12514 8542
12515 8543
12516 8412
12517 8540
12518 8668
12519 8921
12520 8923
12521 8922
12522 9177
12523 9179
12524 9178
12525 9049
12526 9050
12527 9051
12528 8925
12529 8927
12530 8926
12531 9181
12532 9183
12533 9182
12534 9053
12535 9054
12536 9055
12537 8924
12538 9052
12539 9180
12540 8793
12541 8794
12542 8795
12543 8796
12544 8797
12545 8798
12546 8799
12547 8408
12548 8536
12549 8664
12550 8792
12551 8920
12552 9048
12553 9176
12554 9425
12555 9427
12556 9426
12557 9681
12558 9683
12559 9682
12560 9553
12561 9554
12562 9555
12563 9429
12564 9431
12565 9430
12566 9685
12567 9687
12568 9686
12569 9557
12570 9558
12571 9559
12572 9428
12573 9556
12574 9684
12575 9937
12576 9939
12577 9938
12578 10193
12579 10195
12580 10194
12581 10065
12582 10066
12583 10067
12584 9941
12585 9943
12586 9942
12587 10197
12588 10199
12589 10198
12590 10069
12591 10070
12592 10071
12593 9940
12594 10068
12595 10196
12596 9809
12597 9810
12598 9811
12599 9812
12600 9813
12601 9814
12602 9815
12603 9433
12604 9435
12605 9434
12606 9689
12607 9691
12608 9690
12609 9561
12610 9562
12611 9563
12612 9437
12613 9439
12614 9438
12615 9693
12616 9695
12617 9694
12618 9565
12619 9566
12620 9567
12621 9436
12622 9564
12623 9692
12624 9945
12625 9947
12626 9946
12627 10201
12628 10203
12629 10202
12630 10073
12631 10074
12632 10075
12633 9949
12634 9951
12635 9950
12636 10205
12637 10207
12638 10206
12639 10077
12640 10078
12641 10079
12642 9948
12643 10076
12644 10204
12645 9817
12646 9818
12647 9819
12648 9820
12649 9821
12650 9822
12651 9823
12652 9432
12653 9560
12654 9688
12655 9816
12656 9944
12657 10072
12658 10200
12659 9297
12660 9298
12661 9299
12662 9300
12663 9301
12664 9302
12665 9303
12666 9304
12667 9305
12668 9306
12669 9307
12670 9308
12671 9309
12672 9310
12673 9311
12674 8400
12675 8528
12676 8656
12677 8784
12678 8912
12679 9040
12680 9168
12681 9296
12682 9424
12683 9552
12684 9680
12685 9808
12686 9936
12687 10064
12688 10192
12689 10433
12690 10435
12691 10434
12692 10689
12693 10691
12694 10690
12695 10561
12696 10562
12697 10563
12698 10437
12699 10439
12700 10438
12701 10693
12702 10695
12703 10694
12704 10565
12705 10566
12706 10567
12707 10436
12708 10564
12709 10692
12710 10945
12711 10947
12712 10946
12713 11201
12714 11203
12715 11202
12716 11073
12717 11074
12718 11075
12719 10949
12720 10951
12721 10950
12722 11205
12723 11207
12724 11206
12725 11077
12726 11078
12727 11079
12728 10948
12729 11076
12730 11204
12731 10817
12732 10818
12733 10819
12734 10820
12735 10821
12736 10822
12737 10823
12738 10441
12739 10443
12740 10442
12741 10697
12742 10699
12743 10698
12744 10569
12745 10570
12746 10571
12747 10445
12748 10447
12749 10446
12750 10701
12751 10703
12752 10702
12753 10573
12754 10574
12755 10575
12756 10444
12757 10572
12758 10700
12759 10953
12760 10955
12761 10954
12762 11209
12763 11211
12764 11210
12765 11081
12766 11082
12767 11083
12768 10957
12769 10959
12770 10958
12771 11213
12772 11215
12773 11214
12774 11085
12775 11086
12776 11087
12777 10956
12778 11084
12779 11212
12780 10825
12781 10826
12782 10827
12783 10828
12784 10829
12785 10830
12786 10831
12787 10440
12788 10568
12789 10696
12790 10824
12791 10952
12792 11080
12793 11208
12794 11457
12795 11459
12796 11458
12797 11713
12798 11715
12799 11714
12800 11585
12801 11586
12802 11587
12803 11461
12804 11463
12805 11462
12806 11717
12807 11719
12808 11718
12809 11589
12810 11590
12811 11591
12812 11460
12813 11588
12814 11716
12815 11969
12816 11971
12817 11970
12818 12225
12819 12227
12820 12226
12821 12097
12822 12098
12823 12099
12824 11973
12825 11975
12826 11974
12827 12229
12828 12231
12829 12230
12830 12101
12831 12102
12832 12103
12833 11972
12834 12100
12835 12228
12836 11841
12837 11842
12838 11843
12839 11844
12840 11845
12841 11846
12842 11847
12843 11465
12844 11467
12845 11466
12846 11721
12847 11723
12848 11722
12849 11593
12850 11594
12851 11595
12852 11469
12853 11471
12854 11470
12855 11725
12856 11727
12857 11726
12858 11597
12859 11598
12860 11599
12861 11468
12862 11596
12863 11724
12864 11977
12865 11979
12866 11978
12867 12233
12868 12235
12869 12234
12870 12105
12871 12106
12872 12107
12873 11981
12874 11983
12875 11982
12876 12237
12877 12239
12878 12238
12879 12109
12880 12110
12881 12111
12882 11980
12883 12108
12884 12236
12885 11849
12886 11850
12887 11851
12888 11852
12889 11853
12890 11854
12891 11855
12892 11464
12893 11592
12894 11720
12895 11848
12896 11976
12897 12104
12898 12232
12899 11329
12900 11330
12901 11331
12902 11332
12903 11333
12904 11334
12905 11335
12906 11336
12907 11337
12908 11338
12909 11339
12910 11340
12911 11341
12912 11342
12913 11343
12914 10449
12915 10451
12916 10450
12917 10705
12918 10707
12919 10706
12920 10577
12921 10578
12922 10579
12923 10453
12924 10455
12925 10454
12926 10709
12927 10711
12928 10710
12929 10581
12930 10582
12931 10583
12932 10452
12933 10580
12934 10708
12935 10961
12936 10963
12937 10962
12938 11217
12939 11219
12940 11218
12941 11089
12942 11090
12943 11091
12944 10965
12945 10967
12946 10966
12947 11221
12948 11223
12949 11222
12950 11093
12951 11094
12952 11095
12953 10964
12954 11092
12955 11220
12956 10833
12957 10834
12958 10835
12959 10836
12960 10837
12961 10838
12962 10839
12963 10457
12964 10459
12965 10458
12966 10713
12967 10715
12968 10714
12969 10585
12970 10586
12971 10587
12972 10461
12973 10463
12974 10462
12975 10717
12976 10719
12977 10718
12978 10589
12979 10590
12980 10591
12981 10460
12982 10588
12983 10716
12984 10969
12985 10971
12986 10970
12987 11225
12988 11227
12989 11226
12990 11097
12991 11098
12992 11099
12993 10973
12994 10975
12995 10974
12996 11229
12997 11231
12998 11230
12999 11101
13000 11102
13001 11103
13002 10972
13003 11100
13004 11228
13005 10841
13006 10842
13007 10843
13008 10844
13009 10845
13010 10846
13011 10847
13012 10456
13013 10584
13014 10712
13015 10840
13016 10968
13017 11096
13018 11224
13019 11473
13020 11475
13021 11474
13022 11729
13023 11731
13024 11730
13025 11601
13026 11602
13027 11603
13028 11477
13029 11479
13030 11478
13031 11733
13032 11735
13033 11734
13034 11605
13035 11606
13036 11607
13037 11476
13038 11604
13039 11732
13040 11985
13041 11987
13042 11986
13043 12241
13044 12243
13045 12242
13046 12113
13047 12114
13048 12115
13049 11989
13050 11991
13051 11990
13052 12245
13053 12247
13054 12246
13055 12117
13056 12118
13057 12119
13058 11988
13059 12116
13060 12244
13061 11857
13062 11858
13063 11859
13064 11860
13065 11861
13066 11862
13067 11863
13068 11481
13069 11483
13070 11482
13071 11737
13072 11739
13073 11738
13074 11609
13075 11610
13076 11611
13077 11485
13078 11487
13079 11486
13080 11741
13081 11743
13082 11742
13083 11613
13084 11614
13085 11615
13086 11484
13087 11612
13088 11740
13089 11993
13090 11995
13091 11994
13092 12249
13093 12251
13094 12250
13095 12121
13096 12122
13097 12123
13098 11997
13099 11999
13100 11998
13101 12253
13102 12255
13103 12254
13104 12125
13105 12126
13106 12127
13107 11996
13108 12124
13109 12252
13110 11865
13111 11866
13112 11867
13113 11868
13114 11869
13115 11870
13116 11871
13117 11480
13118 11608
13119 11736
13120 11864
13121 11992
13122 12120
13123 12248
13124 11345
13125 11346
13126 11347
13127 11348
13128 11349
13129 11350
13130 11351
13131 11352
13132 11353
13133 11354
13134 11355
13135 11356
13136 11357
13137 11358
13138 11359
13139 10448
13140 10576
13141 10704
13142 10832
13143 10960
13144 11088
13145 11216
13146 11344
13147 11472
13148 11600
13149 11728
13150 11856
13151 11984
13152 12112
13153 12240
13154 10305
13155 10306
13156 10307
13157 10308
13158 10309
13159 10310
13160 10311
13161 10312
13162 10313
13163 10314
13164 10315
13165 10316
13166 10317
13167 10318
13168 10319
13169 10320
13170 10321
13171 10322
13172 10323
13173 10324
13174 10325
13175 10326
13176 10327
13177 10328
13178 10329
13179 10330
13180 10331
13181 10332
13182 10333
13183 10334
13184 10335
13185 8417
13186 8419
13187 8418
13188 8673
13189 8675
13190 8674
13191 8545
13192 8546
13193 8547
13194 8421
13195 8423
13196 8422
13197 8677
13198 8679
13199 8678
13200 8549
13201 8550
13202 8551
13203 8420
13204 8548
13205 8676
13206 8929
13207 8931
13208 8930
13209 9185
13210 9187
13211 9186
13212 9057
13213 9058
13214 9059
13215 8933
13216 8935
13217 8934
13218 9189
13219 9191
13220 9190
13221 9061
13222 9062
13223 9063
13224 8932
13225 9060
13226 9188
13227 8801
13228 8802
13229 8803
13230 8804
13231 8805
13232 8806
13233 8807
13234 8425
13235 8427
13236 8426
13237 8681
13238 8683
13239 8682
13240 8553
13241 8554
13242 8555
13243 8429
13244 8431
13245 8430
13246 8685
13247 8687
13248 8686
13249 8557
13250 8558
13251 8559
13252 8428
13253 8556
13254 8684
13255 8937
13256 8939
13257 8938
13258 9193
13259 9195
13260 9194
13261 9065
13262 9066
13263 9067
13264 8941
13265 8943
13266 8942
13267 9197
13268 9199
13269 9198
13270 9069
13271 9070
13272 9071
13273 8940
13274 9068
13275 9196
13276 8809
13277 8810
13278 8811
13279 8812
13280 8813
13281 8814
13282 8815
13283 8424
13284 8552
13285 8680
13286 8808
13287 8936
13288 9064
13289 9192
13290 9441
13291 9443
13292 9442
13293 9697
13294 9699
13295 9698
13296 9569
13297 9570
13298 9571
13299 9445
13300 9447
13301 9446
13302 9701
13303 9703
13304 9702
13305 9573
13306 9574
13307 9575
13308 9444
13309 9572
13310 9700
13311 9953
13312 9955
13313 9954
13314 10209
13315 10211
13316 10210
13317 10081
13318 10082
13319 10083
13320 9957
13321 9959
13322 9958
13323 10213
13324 10215
13325 10214
13326 10085
13327 10086
13328 10087
13329 9956
13330 10084
13331 10212
13332 9825
13333 9826
13334 9827
13335 9828
13336 9829
13337 9830
13338 9831
13339 9449
13340 9451
13341 9450
13342 9705
13343 9707
13344 9706
13345 9577
13346 9578
13347 9579
13348 9453
13349 9455
13350 9454
13351 9709
13352 9711
13353 9710
13354 9581
13355 9582
13356 9583
13357 9452
13358 9580
13359 9708
13360 9961
13361 9963
13362 9962
13363 10217
13364 10219
13365 10218
13366 10089
13367 10090
13368 10091
13369 9965
13370 9967
13371 9966
13372 10221
13373 10223
13374 10222
13375 10093
13376 10094
13377 10095
13378 9964
13379 10092
13380 10220
13381 9833
13382 9834
13383 9835
13384 9836
13385 9837
13386 9838
13387 9839
13388 9448
13389 9576
13390 9704
13391 9832
13392 9960
13393 10088
13394 10216
13395 9313
13396 9314
13397 9315
13398 9316
13399 9317
13400 9318
13401 9319
13402 9320
13403 9321
13404 9322
13405 9323
13406 9324
13407 9325
13408 9326
13409 9327
13410 8433
13411 8435
13412 8434
13413 8689
13414 8691
13415 8690
13416 8561
13417 8562
13418 8563
13419 8437
13420 8439
13421 8438
13422 8693
13423 8695
13424 8694
13425 8565
13426 8566
13427 8567
13428 8436
13429 8564
13430 8692
13431 8945
13432 8947
13433 8946
13434 9201
13435 9203
13436 9202
13437 9073
13438 9074
13439 9075
13440 8949
13441 8951
13442 8950
13443 9205
13444 9207
13445 9206
13446 9077
13447 9078
13448 9079
13449 8948
13450 9076
13451 9204
13452 8817
13453 8818
13454 8819
13455 8820
13456 8821
13457 8822
13458 8823
13459 8441
13460 8443
13461 8442
13462 8697
13463 8699
13464 8698
13465 8569
13466 8570
13467 8571
13468 8445
13469 8447
13470 8446
13471 8701
13472 8703
13473 8702
13474 8573
13475 8574
13476 8575
13477 8444
13478 8572
13479 8700
13480 8953
13481 8955
13482 8954
13483 9209
13484 9211
13485 9210
13486 9081
13487 9082
13488 9083
13489 8957
13490 8959
13491 8958
13492 9213
13493 9215
13494 9214
13495 9085
13496 9086
13497 9087
13498 8956
13499 9084
13500 9212
13501 8825
13502 8826
13503 8827
13504 8828
13505 8829
13506 8830
13507 8831
13508 8440
13509 8568
13510 8696
13511 8824
13512 8952
13513 9080
13514 9208
13515 9457
13516 9459
13517 9458
13518 9713
13519 9715
13520 9714
13521 9585
13522 9586
13523 9587
13524 9461
13525 9463
13526 9462
13527 9717
13528 9719
13529 9718
13530 9589
13531 9590
13532 9591
13533 9460
13534 9588
13535 9716
13536 9969
13537 9971
13538 9970
13539 10225
13540 10227
13541 10226
13542 10097
13543 10098
13544 10099
13545 9973
13546 9975
13547 9974
13548 10229
13549 10231
13550 10230
13551 10101
13552 10102
13553 10103
13554 9972
13555 10100
13556 10228
13557 9841
13558 9842
13559 9843
13560 9844
13561 9845
13562 9846
13563 9847
13564 9465
13565 9467
13566 9466
13567 9721
13568 9723
13569 9722
13570 9593
13571 9594
13572 9595
13573 9469
13574 9471
13575 9470
13576 9725
13577 9727
13578 9726
13579 9597
13580 9598
13581 9599
13582 9468
13583 9596
13584 9724
13585 9977
13586 9979
13587 9978
13588 10233
13589 10235
13590 10234
13591 10105
13592 10106
13593 10107
13594 9981
13595 9983
13596 9982
13597 10237
13598 10239
13599 10238
13600 10109
13601 10110
13602 10111
13603 9980
13604 10108
13605 10236
13606 9849
13607 9850
13608 9851
13609 9852
13610 9853
13611 9854
13612 9855
13613 9464
13614 9592
13615 9720
13616 9848
13617 9976
13618 10104
13619 10232
13620 9329
13621 9330
13622 9331
13623 9332
13624 9333
13625 9334
13626 9335
13627 9336
13628 9337
13629 9338
13630 9339
13631 9340
13632 9341
13633 9342
13634 9343
13635 8432
13636 8560
13637 8688
13638 8816
13639 8944
13640 9072
13641 9200
13642 9328
13643 9456
13644 9584
13645 9712
13646 9840
13647 9968
13648 10096
13649 10224
13650 10465
13651 10467
13652 10466
13653 10721
13654 10723
13655 10722
13656 10593
13657 10594
13658 10595
13659 10469
13660 10471
13661 10470
13662 10725
13663 10727
13664 10726
13665 10597
13666 10598
13667 10599
13668 10468
13669 10596
13670 10724
13671 10977
13672 10979
13673 10978
13674 11233
13675 11235
13676 11234
13677 11105
13678 11106
13679 11107
13680 10981
13681 10983
13682 10982
13683 11237
13684 11239
13685 11238
13686 11109
13687 11110
13688 11111
13689 10980
13690 11108
13691 11236
13692 10849
13693 10850
13694 10851
13695 10852
13696 10853
13697 10854
13698 10855
13699 10473
13700 10475
13701 10474
13702 10729
13703 10731
13704 10730
13705 10601
13706 10602
13707 10603
13708 10477
13709 10479
13710 10478
13711 10733
13712 10735
13713 10734
13714 10605
13715 10606
13716 10607
13717 10476
13718 10604
13719 10732
13720 10985
13721 10987
13722 10986
13723 11241
13724 11243
13725 11242
13726 11113
13727 11114
13728 11115
13729 10989
13730 10991
13731 10990
13732 11245
13733 11247
13734 11246
13735 11117
13736 11118
13737 11119
13738 10988
13739 11116
13740 11244
13741 10857
13742 10858
13743 10859
13744 10860
13745 10861
13746 10862
13747 10863
13748 10472
13749 10600
13750 10728
13751 10856
13752 10984
13753 11112
13754 11240
13755 11489
13756 11491
13757 11490
13758 11745
13759 11747
13760 11746
13761 11617
13762 11618
13763 11619
13764 11493
13765 11495
13766 11494
13767 11749
13768 11751
13769 11750
13770 11621
13771 11622
13772 11623
13773 11492
13774 11620
13775 11748
13776 12001
13777 12003
13778 12002
13779 12257
13780 12259
13781 12258
13782 12129
13783 12130
13784 12131
13785 12005
13786 12007
13787 12006
13788 12261
13789 12263
13790 12262
13791 12133
13792 12134
13793 12135
13794 12004
13795 12132
13796 12260
13797 11873
13798 11874
13799 11875
13800 11876
13801 11877
13802 11878
13803 11879
13804 11497
13805 11499
13806 11498
13807 11753
13808 11755
13809 11754
13810 11625
13811 11626
13812 11627
13813 11501
13814 11503
13815 11502
13816 11757
13817 11759
13818 11758
13819 11629
13820 11630
13821 11631
13822 11500
13823 11628
13824 11756
13825 12009
13826 12011
13827 12010
13828 12265
13829 12267
13830 12266
13831 12137
13832 12138
13833 12139
13834 12013
13835 12015
13836 12014
13837 12269
13838 12271
13839 12270
13840 12141
13841 12142
13842 12143
13843 12012
13844 12140
13845 12268
13846 11881
13847 11882
13848 11883
13849 11884
13850 11885
13851 11886
13852 11887
13853 11496
13854 11624
13855 11752
13856 11880
13857 12008
13858 12136
13859 12264
13860 11361
13861 11362
13862 11363
13863 11364
13864 11365
13865 11366
13866 11367
13867 11368
13868 11369
13869 11370
13870 11371
13871 11372
13872 11373
13873 11374
13874 11375
13875 10481
13876 10483
13877 10482
13878 10737
13879 10739
13880 10738
13881 10609
13882 10610
13883 10611
13884 10485
13885 10487
13886 10486
13887 10741
13888 10743
13889 10742
13890 10613
13891 10614
13892 10615
13893 10484
13894 10612
13895 10740
13896 10993
13897 10995
13898 10994
13899 11249
13900 11251
13901 11250
13902 11121
13903 11122
13904 11123
13905 10997
13906 10999
13907 10998
13908 11253
13909 11255
13910 11254
13911 11125
13912 11126
13913 11127
13914 10996
13915 11124
13916 11252
13917 10865
13918 10866
13919 10867
13920 10868
13921 10869
13922 10870
13923 10871
13924 10489
13925 10491
13926 10490
13927 10745
13928 10747
13929 10746
13930 10617
13931 10618
13932 10619
13933 10493
13934 10495
13935 10494
13936 10749
13937 10751
13938 10750
13939 10621
13940 10622
13941 10623
13942 10492
13943 10620
13944 10748
13945 11001
13946 11003
13947 11002
13948 11257
13949 11259
13950 11258
13951 11129
13952 11130
13953 11131
13954 11005
13955 11007
13956 11006
13957 11261
13958 11263
13959 11262
13960 11133
13961 11134
13962 11135
13963 11004
13964 11132
13965 11260
13966 10873
13967 10874
13968 10875
13969 10876
13970 10877
13971 10878
13972 10879
13973 10488
13974 10616
13975 10744
13976 10872
13977 11000
13978 11128
13979 11256
13980 11505
13981 11507
13982 11506
13983 11761
13984 11763
13985 11762
13986 11633
13987 11634
13988 11635
13989 11509
13990 11511
13991 11510
13992 11765
13993 11767
13994 11766
13995 11637
13996 11638
13997 11639
13998 11508
13999 11636
14000 11764
14001 12017
14002 12019
14003 12018
14004 12273
14005 12275
14006 12274
14007 12145
14008 12146
14009 12147
14010 12021
14011 12023
14012 12022
14013 12277
14014 12279
14015 12278
14016 12149
14017 12150
14018 12151
14019 12020
14020 12148
14021 12276
14022 11889
14023 11890
14024 11891
14025 11892
14026 11893
14027 11894
14028 11895
14029 11513
14030 11515
14031 11514
14032 11769
14033 11771
14034 11770
14035 11641
14036 11642
14037 11643
14038 11517
14039 11519
14040 11518
14041 11773
14042 11775
14043 11774
14044 11645
14045 11646
14046 11647
14047 11516
14048 11644
14049 11772
14050 12025
14051 12027
14052 12026
14053 12281
14054 12283
14055 12282
14056 12153
14057 12154
14058 12155
14059 12029
14060 12031
14061 12030
14062 12285
14063 12287
14064 12286
14065 12157
14066 12158
14067 12159
14068 12028
14069 12156
14070 12284
14071 11897
14072 11898
14073 11899
14074 11900
14075 11901
14076 11902
14077 11903
14078 11512
14079 11640
14080 11768
14081 11896
14082 12024
14083 12152
14084 12280
14085 11377
14086 11378
14087 11379
14088 11380
14089 11381
14090 11382
14091 11383
14092 11384
14093 11385
14094 11386
14095 11387
14096 11388
14097 11389
14098 11390
14099 11391
14100 10480
14101 10608
14102 10736
14103 10864
14104 10992
14105 11120
14106 11248
14107 11376
14108 11504
14109 11632
14110 11760
14111 11888
14112 12016
14113 12144
14114 12272
14115 10337
14116 10338
14117 10339
14118 10340
14119 10341
14120 10342
14121 10343
14122 10344
14123 10345
14124 10346
14125 10347
14126 10348
14127 10349
14128 10350
14129 10351
14130 10352
14131 10353
14132 10354
14133 10355
14134 10356
14135 10357
14136 10358
14137 10359
14138 10360
14139 10361
14140 10362
14141 10363
14142 10364
14143 10365
14144 10366
14145 10367
14146 8416
14147 8544
14148 8672
14149 8800
14150 8928
14151 9056
14152 9184
14153 9312
14154 9440
14155 9568
14156 9696
14157 9824
14158 9952
14159 10080
14160 10208
14161 10336
14162 10464
14163 10592
14164 10720
14165 10848
14166 10976
14167 11104
14168 11232
14169 11360
14170 11488
14171 11616
14172 11744
14173 11872
14174 12000
14175 12128
14176 12256
14177 12481
14178 12483
14179 12482
14180 12737
14181 12739
14182 12738
14183 12609
14184 12610
14185 12611
14186 12485
14187 12487
14188 12486
14189 12741
14190 12743
14191 12742
14192 12613
14193 12614
14194 12615
14195 12484
14196 12612
14197 12740
14198 12993
14199 12995
14200 12994
14201 13249
14202 13251
14203 13250
14204 13121
14205 13122
14206 13123
14207 12997
14208 12999
14209 12998
14210 13253
14211 13255
14212 13254
14213 13125
14214 13126
14215 13127
14216 12996
14217 13124
14218 13252
14219 12865
14220 12866
14221 12867
14222 12868
14223 12869
14224 12870
14225 12871
14226 12489
14227 12491
14228 12490
14229 12745
14230 12747
14231 12746
14232 12617
14233 12618
14234 12619
14235 12493
14236 12495
14237 12494
14238 12749
14239 12751
14240 12750
14241 12621
14242 12622
14243 12623
14244 12492
14245 12620
14246 12748
14247 13001
14248 13003
14249 13002
14250 13257
14251 13259
14252 13258
14253 13129
14254 13130
14255 13131
14256 13005
14257 13007
14258 13006
14259 13261
14260 13263
14261 13262
14262 13133
14263 13134
14264 13135
14265 13004
14266 13132
14267 13260
14268 12873
14269 12874
14270 12875
14271 12876
14272 12877
14273 12878
14274 12879
14275 12488
14276 12616
14277 12744
14278 12872
14279 13000
14280 13128
14281 13256
14282 13505
14283 13507
14284 13506
14285 13761
14286 13763
14287 13762
14288 13633
14289 13634
14290 13635
14291 13509
14292 13511
14293 13510
14294 13765
14295 13767
14296 13766
14297 13637
14298 13638
14299 13639
14300 13508
14301 13636
14302 13764
14303 14017
14304 14019
14305 14018
14306 14273
14307 14275
14308 14274
14309 14145
14310 14146
14311 14147
14312 14021
14313 14023
14314 14022
14315 14277
14316 14279
14317 14278
14318 14149
14319 14150
14320 14151
14321 14020
14322 14148
14323 14276
14324 13889
14325 13890
14326 13891
14327 13892
14328 13893
14329 13894
14330 13895
14331 13513
14332 13515
14333 13514
14334 13769
14335 13771
14336 13770
14337 13641
14338 13642
14339 13643
14340 13517
14341 13519
14342 13518
14343 13773
14344 13775
14345 13774
14346 13645
14347 13646
14348 13647
14349 13516
14350 13644
14351 13772
14352 14025
14353 14027
14354 14026
14355 14281
14356 14283
14357 14282
14358 14153
14359 14154
14360 14155
14361 14029
14362 14031
14363 14030
14364 14285
14365 14287
14366 14286
14367 14157
14368 14158
14369 14159
14370 14028
14371 14156
14372 14284
14373 13897
14374 13898
14375 13899
14376 13900
14377 13901
14378 13902
14379 13903
14380 13512
14381 13640
14382 13768
14383 13896
14384 14024
14385 14152
14386 14280
14387 13377
14388 13378
14389 13379
14390 13380
14391 13381
14392 13382
14393 13383
14394 13384
14395 13385
14396 13386
14397 13387
14398 13388
14399 13389
14400 13390
14401 13391
14402 12497
14403 12499
14404 12498
14405 12753
14406 12755
14407 12754
14408 12625
14409 12626
14410 12627
14411 12501
14412 12503
14413 12502
14414 12757
14415 12759
14416 12758
14417 12629
14418 12630
14419 12631
14420 12500
14421 12628
14422 12756
14423 13009
14424 13011
14425 13010
14426 13265
14427 13267
14428 13266
14429 13137
14430 13138
14431 13139
14432 13013
14433 13015
14434 13014
14435 13269
14436 13271
14437 13270
14438 13141
14439 13142
14440 13143
14441 13012
14442 13140
14443 13268
14444 12881
14445 12882
14446 12883
14447 12884
14448 12885
14449 12886
14450 12887
14451 12505
14452 12507
14453 12506
14454 12761
14455 12763
14456 12762
14457 12633
14458 12634
14459 12635
14460 12509
14461 12511
14462 12510
14463 12765
14464 12767
14465 12766
14466 12637
14467 12638
14468 12639
14469 12508
14470 12636
14471 12764
14472 13017
14473 13019
14474 13018
14475 13273
14476 13275
14477 13274
14478 13145
14479 13146
14480 13147
14481 13021
14482 13023
14483 13022
14484 13277
14485 13279
14486 13278
14487 13149
14488 13150
14489 13151
14490 13020
14491 13148
14492 13276
14493 12889
14494 12890
14495 12891
14496 12892
14497 12893
14498 12894
14499 12895
14500 12504
14501 12632
14502 12760
14503 12888
14504 13016
14505 13144
14506 13272
14507 13521
14508 13523
14509 13522
14510 13777
14511 13779
14512 13778
14513 13649
14514 13650
14515 13651
14516 13525
14517 13527
14518 13526
14519 13781
14520 13783
14521 13782
14522 13653
14523 13654
14524 13655
14525 13524
14526 13652
14527 13780
14528 14033
14529 14035
14530 14034
14531 14289
14532 14291
14533 14290
14534 14161
14535 14162
14536 14163
14537 14037
14538 14039
14539 14038
14540 14293
14541 14295
14542 14294
14543 14165
14544 14166
14545 14167
14546 14036
14547 14164
14548 14292
14549 13905
14550 13906
14551 13907
14552 13908
14553 13909
14554 13910
14555 13911
14556 13529
14557 13531
14558 13530
14559 13785
14560 13787
14561 13786
14562 13657
14563 13658
14564 13659
14565 13533
14566 13535
14567 13534
14568 13789
14569 13791
14570 13790
14571 13661
14572 13662
14573 13663
14574 13532
14575 13660
14576 13788
14577 14041
14578 14043
14579 14042
14580 14297
14581 14299
14582 14298
14583 14169
14584 14170
14585 14171
14586 14045
14587 14047
14588 14046
14589 14301
14590 14303
14591 14302
14592 14173
14593 14174
14594 14175
14595 14044
14596 14172
14597 14300
14598 13913
14599 13914
14600 13915
14601 13916
14602 13917
14603 13918
14604 13919
14605 13528
14606 13656
14607 13784
14608 13912
14609 14040
14610 14168
14611 14296
14612 13393
14613 13394
14614 13395
14615 13396
14616 13397
14617 13398
14618 13399
14619 13400
14620 13401
14621 13402
14622 13403
14623 13404
14624 13405
14625 13406
14626 13407
14627 12496
14628 12624
14629 12752
14630 12880
14631 13008
14632 13136
14633 13264
14634 13392
14635 13520
14636 13648
14637 13776
14638 13904
14639 14032
14640 14160
14641 14288
14642 14529
14643 14531
14644 14530
14645 14785
14646 14787
14647 14786
14648 14657
14649 14658
14650 14659
14651 14533
14652 14535
14653 14534
14654 14789
14655 14791
14656 14790
14657 14661
14658 14662
14659 14663
14660 14532
14661 14660
14662 14788
14663 15041
14664 15043
14665 15042
14666 15297
14667 15299
14668 15298
14669 15169
14670 15170
14671 15171
14672 15045
14673 15047
14674 15046
14675 15301
14676 15303
14677 15302
14678 15173
14679 15174
14680 15175
14681 15044
14682 15172
14683 15300
14684 14913
14685 14914
14686 14915
14687 14916
14688 14917
14689 14918
14690 14919
14691 14537
14692 14539
14693 14538
14694 14793
14695 14795
14696 14794
14697 14665
14698 14666
14699 14667
14700 14541
14701 14543
14702 14542
14703 14797
14704 14799
14705 14798
14706 14669
14707 14670
14708 14671
14709 14540
14710 14668
14711 14796
14712 15049
14713 15051
14714 15050
14715 15305
14716 15307
14717 15306
14718 15177
14719 15178
14720 15179
14721 15053
14722 15055
14723 15054
14724 15309
14725 15311
14726 15310
14727 15181
14728 15182
14729 15183
14730 15052
14731 15180
14732 15308
14733 14921
14734 14922
14735 14923
14736 14924
14737 14925
14738 14926
14739 14927
14740 14536
14741 14664
14742 14792
14743 14920
14744 15048
14745 15176
14746 15304
14747 15553
14748 15555
14749 15554
14750 15809
14751 15811
14752 15810
14753 15681
14754 15682
14755 15683
14756 15557
14757 15559
14758 15558
14759 15813
14760 15815
14761 15814
14762 15685
14763 15686
14764 15687
14765 15556
14766 15684
14767 15812
14768 16065
14769 16067
14770 16066
14771 16321
14772 16323
14773 16322
14774 16193
14775 16194
14776 16195
14777 16069
14778 16071
14779 16070
14780 16325
14781 16327
14782 16326
14783 16197
14784 16198
14785 16199
14786 16068
14787 16196
14788 16324
14789 15937
14790 15938
14791 15939
14792 15940
14793 15941
14794 15942
14795 15943
14796 15561
14797 15563
14798 15562
14799 15817
14800 15819
14801 15818
14802 15689
14803 15690
14804 15691
14805 15565
14806 15567
14807 15566
14808 15821
14809 15823
14810 15822
14811 15693
14812 15694
14813 15695
14814 15564
14815 15692
14816 15820
14817 16073
14818 16075
14819 16074
14820 16329
14821 16331
14822 16330
14823 16201
14824 16202
14825 16203
14826 16077
14827 16079
14828 16078
14829 16333
14830 16335
14831 16334
14832 16205
14833 16206
14834 16207
14835 16076
14836 16204
14837 16332
14838 15945
14839 15946
14840 15947
14841 15948
14842 15949
14843 15950
14844 15951
14845 15560
14846 15688
14847 15816
14848 15944
14849 16072
14850 16200
14851 16328
14852 15425
14853 15426
14854 15427
14855 15428
14856 15429
14857 15430
14858 15431
14859 15432
14860 15433
14861 15434
14862 15435
14863 15436
14864 15437
14865 15438
14866 15439
14867 14545
14868 14547
14869 14546
14870 14801
14871 14803
14872 14802
14873 14673
14874 14674
14875 14675
14876 14549
14877 14551
14878 14550
14879 14805
14880 14807
14881 14806
14882 14677
14883 14678
14884 14679
14885 14548
14886 14676
14887 14804
14888 15057
14889 15059
14890 15058
14891 15313
14892 15315
14893 15314
14894 15185
14895 15186
14896 15187
14897 15061
14898 15063
14899 15062
14900 15317
14901 15319
14902 15318
14903 15189
14904 15190
14905 15191
14906 15060
14907 15188
14908 15316
14909 14929
14910 14930
14911 14931
14912 14932
14913 14933
14914 14934
14915 14935
14916 14553
14917 14555
14918 14554
14919 14809
14920 14811
14921 14810
14922 14681
14923 14682
14924 14683
14925 14557
14926 14559
14927 14558
14928 14813
14929 14815
14930 14814
14931 14685
14932 14686
14933 14687
14934 14556
14935 14684
14936 14812
14937 15065
14938 15067
14939 15066
14940 15321
14941 15323
14942 15322
14943 15193
14944 15194
14945 15195
14946 15069
14947 15071
14948 15070
14949 15325
14950 15327
14951 15326
14952 15197
14953 15198
14954 15199
14955 15068
14956 15196
14957 15324
14958 14937
14959 14938
14960 14939
14961 14940
14962 14941
14963 14942
14964 14943
14965 14552
14966 14680
14967 14808
14968 14936
14969 15064
14970 15192
14971 15320
14972 15569
14973 15571
14974 15570
14975 15825
14976 15827
14977 15826
14978 15697
14979 15698
14980 15699
14981 15573
14982 15575
14983 15574
14984 15829
14985 15831
14986 15830
14987 15701
14988 15702
14989 15703
14990 15572
14991 15700
14992 15828
14993 16081
14994 16083
14995 16082
14996 16337
14997 16339
14998 16338
14999 16209
15000 16210
15001 16211
15002 16085
15003 16087
15004 16086
15005 16341
15006 16343
15007 16342
15008 16213
15009 16214
15010 16215
15011 16084
15012 16212
15013 16340
15014 15953
15015 15954
15016 15955
15017 15956
15018 15957
15019 15958
15020 15959
15021 15577
15022 15579
15023 15578
15024 15833
15025 15835
15026 15834
15027 15705
15028 15706
15029 15707
15030 15581
15031 15583
15032 15582
15033 15837
15034 15839
15035 15838
15036 15709
15037 15710
15038 15711
15039 15580
15040 15708
15041 15836
15042 16089
15043 16091
15044 16090
15045 16345
15046 16347
15047 16346
15048 16217
15049 16218
15050 16219
15051 16093
15052 16095
15053 16094
15054 16349
15055 16351
15056 16350
15057 16221
15058 16222
15059 16223
15060 16092
15061 16220
15062 16348
15063 15961
15064 15962
15065 15963
15066 15964
15067 15965
15068 15966
15069 15967
15070 15576
15071 15704
15072 15832
15073 15960
15074 16088
15075 16216
15076 16344
15077 15441
15078 15442
15079 15443
15080 15444
15081 15445
15082 15446
15083 15447
15084 15448
15085 15449
15086 15450
15087 15451
15088 15452
15089 15453
15090 15454
15091 15455
15092 14544
15093 14672
15094 14800
15095 14928
15096 15056
15097 15184
15098 15312
15099 15440
15100 15568
15101 15696
15102 15824
15103 15952
15104 16080
15105 16208
15106 16336
15107 14401
15108 14402
15109 14403
15110 14404
15111 14405
15112 14406
15113 14407
15114 14408
15115 14409
15116 14410
15117 14411
15118 14412
15119 14413
15120 14414
15121 14415
15122 14416
15123 14417
15124 14418
15125 14419
15126 14420
15127 14421
15128 14422
15129 14423
15130 14424
15131 14425
15132 14426
15133 14427
15134 14428
15135 14429
15136 14430
15137 14431
15138 12513
15139 12515
15140 12514
15141 12769
15142 12771
15143 12770
15144 12641
15145 12642
15146 12643
15147 12517
15148 12519
15149 12518
15150 12773
15151 12775
15152 12774
15153 12645
15154 12646
15155 12647
15156 12516
15157 12644
15158 12772
15159 13025
15160 13027
15161 13026
15162 13281
15163 13283
15164 13282
15165 13153
15166 13154
15167 13155
15168 13029
15169 13031
15170 13030
15171 13285
15172 13287
15173 13286
15174 13157
15175 13158
15176 13159
15177 13028
15178 13156
15179 13284
15180 12897
15181 12898
15182 12899
15183 12900
15184 12901
15185 12902
15186 12903
15187 12521
15188 12523
15189 12522
15190 12777
15191 12779
15192 12778
15193 12649
15194 12650
15195 12651
15196 12525
15197 12527
15198 12526
15199 12781
15200 12783
15201 12782
15202 12653
15203 12654
15204 12655
15205 12524
15206 12652
15207 12780
15208 13033
15209 13035
15210 13034
15211 13289
15212 13291
15213 13290
15214 13161
15215 13162
15216 13163
15217 13037
15218 13039
15219 13038
15220 13293
15221 13295
15222 13294
15223 13165
15224 13166
15225 13167
15226 13036
15227 13164
15228 13292
15229 12905
15230 12906
15231 12907
15232 12908
15233 12909
15234 12910
15235 12911
15236 12520
15237 12648
15238 12776
15239 12904
15240 13032
15241 13160
15242 13288
15243 13537
15244 13539
15245 13538
15246 13793
15247 13795
15248 13794
15249 13665
15250 13666
15251 13667
15252 13541
15253 13543
15254 13542
15255 13797
15256 13799
15257 13798
15258 13669
15259 13670
15260 13671
15261 13540
15262 13668
15263 13796
15264 14049
15265 14051
15266 14050
15267 14305
15268 14307
15269 14306
15270 14177
15271 14178
15272 14179
15273 14053
15274 14055
15275 14054
15276 14309
15277 14311
15278 14310
15279 14181
15280 14182
15281 14183
15282 14052
15283 14180
15284 14308
15285 13921
15286 13922
15287 13923
15288 13924
15289 13925
15290 13926
15291 13927
15292 13545
15293 13547
15294 13546
15295 13801
15296 13803
15297 13802
15298 13673
15299 13674
15300 13675
15301 13549
15302 13551
15303 13550
15304 13805
15305 13807
15306 13806
15307 13677
15308 13678
15309 13679
15310 13548
15311 13676
15312 13804
15313 14057
15314 14059
15315 14058
15316 14313
15317 14315
15318 14314
15319 14185
15320 14186
15321 14187
15322 14061
15323 14063
15324 14062
15325 14317
15326 14319
15327 14318
15328 14189
15329 14190
15330 14191
15331 14060
15332 14188
15333 14316
15334 13929
15335 13930
15336 13931
15337 13932
15338 13933
15339 13934
15340 13935
15341 13544
15342 13672
15343 13800
15344 13928
15345 14056
15346 14184
15347 14312
15348 13409
15349 13410
15350 13411
15351 13412
15352 13413
15353 13414
15354 13415
15355 13416
15356 13417
15357 13418
15358 13419
15359 13420
15360 13421
15361 13422
15362 13423
15363 12529
15364 12531
15365 12530
15366 12785
15367 12787
15368 12786
15369 12657
15370 12658
15371 12659
15372 12533
15373 12535
15374 12534
15375 12789
15376 12791
15377 12790
15378 12661
15379 12662
15380 12663
15381 12532
15382 12660
15383 12788
15384 13041
15385 13043
15386 13042
15387 13297
15388 13299
15389 13298
15390 13169
15391 13170
15392 13171
15393 13045
15394 13047
15395 13046
15396 13301
15397 13303
15398 13302
15399 13173
15400 13174
15401 13175
15402 13044
15403 13172
15404 13300
15405 12913
15406 12914
15407 12915
15408 12916
15409 12917
15410 12918
15411 12919
15412 12537
15413 12539
15414 12538
15415 12793
15416 12795
15417 12794
15418 12665
15419 12666
15420 12667
15421 12541
15422 12543
15423 12542
15424 12797
15425 12799
15426 12798
15427 12669
15428 12670
15429 12671
15430 12540
15431 12668
15432 12796
15433 13049
15434 13051
15435 13050
15436 13305
15437 13307
15438 13306
15439 13177
15440 13178
15441 13179
15442 13053
15443 13055
15444 13054
15445 13309
15446 13311
15447 13310
15448 13181
15449 13182
15450 13183
15451 13052
15452 13180
15453 13308
15454 12921
15455 12922
15456 12923
15457 12924
15458 12925
15459 12926
15460 12927
15461 12536
15462 12664
15463 12792
15464 12920
15465 13048
15466 13176
15467 13304
15468 13553
15469 13555
15470 13554
15471 13809
15472 13811
15473 13810
15474 13681
15475 13682
15476 13683
15477 13557
15478 13559
15479 13558
15480 13813
15481 13815
15482 13814
15483 13685
15484 13686
15485 13687
15486 13556
15487 13684
15488 13812
15489 14065
15490 14067
15491 14066
15492 14321
15493 14323
15494 14322
15495 14193
15496 14194
15497 14195
15498 14069
15499 14071
15500 14070
15501 14325
15502 14327
15503 14326
15504 14197
15505 14198
15506 14199
15507 14068
15508 14196
15509 14324
15510 13937
15511 13938
15512 13939
15513 13940
15514 13941
15515 13942
15516 13943
15517 13561
15518 13563
15519 13562
15520 13817
15521 13819
15522 13818
15523 13689
15524 13690
15525 13691
15526 13565
15527 13567
15528 13566
15529 13821
15530 13823
15531 13822
15532 13693
15533 13694
15534 13695
15535 13564
15536 13692
15537 13820
15538 14073
15539 14075
15540 14074
15541 14329
15542 14331
15543 14330
15544 14201
15545 14202
15546 14203
15547 14077
15548 14079
15549 14078
15550 14333
15551 14335
15552 14334
15553 14205
15554 14206
15555 14207
15556 14076
15557 14204
15558 14332
15559 13945
15560 13946
15561 13947
15562 13948
15563 13949
15564 13950
15565 13951
15566 13560
15567 13688
15568 13816
15569 13944
15570 14072
15571 14200
15572 14328
15573 13425
15574 13426
15575 13427
15576 13428
15577 13429
15578 13430
15579 13431
15580 13432
15581 13433
15582 13434
15583 13435
15584 13436
15585 13437
15586 13438
15587 13439
15588 12528
15589 12656
15590 12784
15591 12912
15592 13040
15593 13168
15594 13296
15595 13424
15596 13552
15597 13680
15598 13808
15599 13936
15600 14064
15601 14192
15602 14320
15603 14561
15604 14563
15605 14562
15606 14817
15607 14819
15608 14818
15609 14689
15610 14690
15611 14691
15612 14565
15613 14567
15614 14566
15615 14821
15616 14823
15617 14822
15618 14693
15619 14694
15620 14695
15621 14564
15622 14692
15623 14820
15624 15073
15625 15075
15626 15074
15627 15329
15628 15331
15629 15330
15630 15201
15631 15202
15632 15203
15633 15077
15634 15079
15635 15078
15636 15333
15637 15335
15638 15334
15639 15205
15640 15206
15641 15207
15642 15076
15643 15204
15644 15332
15645 14945
15646 14946
15647 14947
15648 14948
15649 14949
15650 14950
15651 14951
15652 14569
15653 14571
15654 14570
15655 14825
15656 14827
15657 14826
15658 14697
15659 14698
15660 14699
15661 14573
15662 14575
15663 14574
15664 14829
15665 14831
15666 14830
15667 14701
15668 14702
15669 14703
15670 14572
15671 14700
15672 14828
15673 15081
15674 15083
15675 15082
15676 15337
15677 15339
15678 15338
15679 15209
15680 15210
15681 15211
15682 15085
15683 15087
15684 15086
15685 15341
15686 15343
15687 15342
15688 15213
15689 15214
15690 15215
15691 15084
15692 15212
15693 15340
15694 14953
15695 14954
15696 14955
15697 14956
15698 14957
15699 14958
15700 14959
15701 14568
15702 14696
15703 14824
15704 14952
15705 15080
15706 15208
15707 15336
15708 15585
15709 15587
15710 15586
15711 15841
15712 15843
15713 15842
15714 15713
15715 15714
15716 15715
15717 15589
15718 15591
15719 15590
15720 15845
15721 15847
15722 15846
15723 15717
15724 15718
15725 15719
15726 15588
15727 15716
15728 15844
15729 16097
15730 16099
15731 16098
15732 16353
15733 16355
15734 16354
15735 16225
15736 16226
15737 16227
15738 16101
15739 16103
15740 16102
15741 16357
15742 16359
15743 16358
15744 16229
15745 16230
15746 16231
15747 16100
15748 16228
15749 16356
15750 15969
15751 15970
15752 15971
15753 15972
15754 15973
15755 15974
15756 15975
15757 15593
15758 15595
15759 15594
15760 15849
15761 15851
15762 15850
15763 15721
15764 15722
15765 15723
15766 15597
15767 15599
15768 15598
15769 15853
15770 15855
15771 15854
15772 15725
15773 15726
15774 15727
15775 15596
15776 15724
15777 15852
15778 16105
15779 16107
15780 16106
15781 16361
15782 16363
15783 16362
15784 16233
15785 16234
15786 16235
15787 16109
15788 16111
15789 16110
15790 16365
15791 16367
15792 16366
15793 16237
15794 16238
15795 16239
15796 16108
15797 16236
15798 16364
15799 15977
15800 15978
15801 15979
15802 15980
15803 15981
15804 15982
15805 15983
15806 15592
15807 15720
15808 15848
15809 15976
15810 16104
15811 16232
15812 16360
15813 15457
15814 15458
15815 15459
15816 15460
15817 15461
15818 15462
15819 15463
15820 15464
15821 15465
15822 15466
15823 15467
15824 15468
15825 15469
15826 15470
15827 15471
15828 14577
15829 14579
15830 14578
15831 14833
15832 14835
15833 14834
15834 14705
15835 14706
15836 14707
15837 14581
15838 14583
15839 14582
15840 14837
15841 14839
15842 14838
15843 14709
15844 14710
15845 14711
15846 14580
15847 14708
15848 14836
15849 15089
15850 15091
15851 15090
15852 15345
15853 15347
15854 15346
15855 15217
15856 15218
15857 15219
15858 15093
15859 15095
15860 15094
15861 15349
15862 15351
15863 15350
15864 15221
15865 15222
15866 15223
15867 15092
15868 15220
15869 15348
15870 14961
15871 14962
15872 14963
15873 14964
15874 14965
15875 14966
15876 14967
15877 14585
15878 14587
15879 14586
15880 14841
15881 14843
15882 14842
15883 14713
15884 14714
15885 14715
15886 14589
15887 14591
15888 14590
15889 14845
15890 14847
15891 14846
15892 14717
15893 14718
15894 14719
15895 14588
15896 14716
15897 14844
15898 15097
15899 15099
15900 15098
15901 15353
15902 15355
15903 15354
15904 15225
15905 15226
15906 15227
15907 15101
15908 15103
15909 15102
15910 15357
15911 15359
15912 15358
15913 15229
15914 15230
15915 15231
15916 15100
15917 15228
15918 15356
15919 14969
15920 14970
15921 14971
15922 14972
15923 14973
15924 14974
15925 14975
15926 14584
15927 14712
15928 14840
15929 14968
15930 15096
15931 15224
15932 15352
15933 15601
15934 15603
15935 15602
15936 15857
15937 15859
15938 15858
15939 15729
15940 15730
15941 15731
15942 15605
15943 15607
15944 15606
15945 15861
15946 15863
15947 15862
15948 15733
15949 15734
15950 15735
15951 15604
15952 15732
15953 15860
15954 16113
15955 16115
15956 16114
15957 16369
15958 16371
15959 16370
15960 16241
15961 16242
15962 16243
15963 16117
15964 16119
15965 16118
15966 16373
15967 16375
15968 16374
15969 16245
15970 16246
15971 16247
15972 16116
15973 16244
15974 16372
15975 15985
15976 15986
15977 15987
15978 15988
15979 15989
15980 15990
15981 15991
15982 15609
15983 15611
15984 15610
15985 15865
15986 15867
15987 15866
15988 15737
15989 15738
15990 15739
15991 15613
15992 15615
15993 15614
15994 15869
15995 15871
15996 15870
15997 15741
15998 15742
15999 15743
16000 15612
16001 15740
16002 15868
16003 16121
16004 16123
16005 16122
16006 16377
16007 16379
16008 16378
16009 16249
16010 16250
16011 16251
16012 16125
16013 16127
16014 16126
16015 16381
16016 16383
16017 16382
16018 16253
16019 16254
16020 16255
16021 16124
16022 16252
16023 16380
16024 15993
16025 15994
16026 15995
16027 15996
16028 15997
16029 15998
16030 15999
16031 15608
16032 15736
16033 15864
16034 15992
16035 16120
16036 16248
16037 16376
16038 15473
16039 15474
16040 15475
16041 15476
16042 15477
16043 15478
16044 15479
16045 15480
16046 15481
16047 15482
16048 15483
16049 15484
16050 15485
16051 15486
16052 15487
16053 14576
16054 14704
16055 14832
16056 14960
16057 15088
16058 15216
16059 15344
16060 15472
16061 15600
16062 15728
16063 15856
16064 15984
16065 16112
16066 16240
16067 16368
16068 14433
16069 14434
16070 14435
16071 14436
16072 14437
16073 14438
16074 14439
16075 14440
16076 14441
16077 14442
16078 14443
16079 14444
16080 14445
16081 14446
16082 14447
16083 14448
16084 14449
16085 14450
16086 14451
16087 14452
16088 14453
16089 14454
16090 14455
16091 14456
16092 14457
16093 14458
16094 14459
16095 14460
16096 14461
16097 14462
16098 14463
16099 12512
16100 12640
16101 12768
16102 12896
16103 13024
16104 13152
16105 13280
16106 13408
16107 13536
16108 13664
16109 13792
16110 13920
16111 14048
16112 14176
16113 14304
16114 14432
16115 14560
16116 14688
16117 14816
16118 14944
16119 15072
16120 15200
16121 15328
16122 15456
16123 15584
16124 15712
16125 15840
16126 15968
16127 16096
16128 16224
16129 16352
16130 12353
16131 12354
16132 12355
16133 12356
16134 12357
16135 12358
16136 12359
16137 12360
16138 12361
16139 12362
16140 12363
16141 12364
16142 12365
16143 12366
16144 12367
16145 12368
16146 12369
16147 12370
16148 12371
16149 12372
16150 12373
16151 12374
16152 12375
16153 12376
16154 12377
16155 12378
16156 12379
16157 12380
16158 12381
16159 12382
16160 12383
16161 12384
16162 12385
16163 12386
16164 12387
16165 12388
16166 12389
16167 12390
16168 12391
16169 12392
16170 12393
16171 12394
16172 12395
16173 12396
16174 12397
16175 12398
16176 12399
16177 12400
16178 12401
16179 12402
16180 12403
16181 12404
16182 12405
16183 12406
16184 12407
16185 12408
16186 12409
16187 12410
16188 12411
16189 12412
16190 12413
16191 12414
16192 12415
16193 8384
16194 8512
16195 8640
16196 8768
16197 8896
16198 9024
16199 9152
16200 9280
16201 9408
16202 9536
16203 9664
16204 9792
16205 9920
16206 10048
16207 10176
16208 10304
16209 10432
16210 10560
16211 10688
16212 10816
16213 10944
16214 11072
16215 11200
16216 11328
16217 11456
16218 11584
16219 11712
16220 11840
16221 11968
16222 12096
16223 12224
16224 12352
16225 12480
16226 12608
16227 12736
16228 12864
16229 12992
16230 13120
16231 13248
16232 13376
16233 13504
16234 13632
16235 13760
16236 13888
16237 14016
16238 14144
16239 14272
16240 14400
16241 14528
16242 14656
16243 14784
16244 14912
16245 15040
16246 15168
16247 15296
16248 15424
16249 15552
16250 15680
16251 15808
16252 15936
16253 16064
16254 16192
16255 16320
16256 8192
16257 8193
16258 8194
16259 8195
16260 8196
16261 8197
16262 8198
16263 8199
16264 8200
16265 8201
16266 8202
16267 8203
16268 8204
16269 8205
16270 8206
16271 8207
16272 8208
16273 8209
16274 8210
16275 8211
16276 8212
16277 8213
16278 8214
16279 8215
16280 8216
16281 8217
16282 8218
16283 8219
16284 8220
16285 8221
16286 8222
16287 8223
16288 8224
16289 8225
16290 8226
16291 8227
16292 8228
16293 8229
16294 8230
16295 8231
16296 8232
16297 8233
16298 8234
16299 8235
16300 8236
16301 8237
16302 8238
16303 8239
16304 8240
16305 8241
16306 8242
16307 8243
16308 8244
16309 8245
16310 8246
16311 8247
16312 8248
16313 8249
16314 8250
16315 8251
16316 8252
16317 8253
16318 8254
16319 8255
16320 8256
16321 8257
16322 8258
16323 8259
16324 8260
16325 8261
16326 8262
16327 8263
16328 8264
16329 8265
16330 8266
16331 8267
16332 8268
16333 8269
16334 8270
16335 8271
16336 8272
16337 8273
16338 8274
16339 8275
16340 8276
16341 8277
16342 8278
16343 8279
16344 8280
16345 8281
16346 8282
16347 8283
16348 8284
16349 8285
16350 8286
16351 8287
16352 8288
16353 8289
16354 8290
16355 8291
16356 8292
16357 8293
16358 8294
16359 8295
16360 8296
16361 8297
16362 8298
16363 8299
16364 8300
16365 8301
16366 8302
16367 8303
16368 8304
16369 8305
16370 8306
16371 8307
16372 8308
16373 8309
16374 8310
16375 8311
16376 8312
16377 8313
16378 8314
16379 8315
16380 8316
16381 8317
16382 8318
16383 8319
